[2026-02-01 01:46:00] laravel.EMERGENCY: Unable to create configured logger. Using emergency logger. {"exception":"[object] (InvalidArgumentException(code: 0): Log [] is not defined. at D:\\Development\\Laravel\\puspa-api\\vendor\\laravel\\framework\\src\\Illuminate\\Log\\LogManager.php:212)
[stacktrace]
#0 D:\\Development\\Laravel\\puspa-api\\vendor\\laravel\\framework\\src\\Illuminate\\Log\\LogManager.php(137): Illuminate\\Log\\LogManager->resolve(NULL, NULL)
#1 D:\\Development\\Laravel\\puspa-api\\vendor\\laravel\\framework\\src\\Illuminate\\Log\\LogManager.php(124): Illuminate\\Log\\LogManager->get(NULL)
#2 D:\\Development\\Laravel\\puspa-api\\vendor\\laravel\\framework\\src\\Illuminate\\Log\\LogManager.php(681): Illuminate\\Log\\LogManager->driver()
#3 D:\\Development\\Laravel\\puspa-api\\vendor\\laravel\\framework\\src\\Illuminate\\Foundation\\Exceptions\\Handler.php(317): Illuminate\\Log\\LogManager->error('syntax error, u...', Array)
#4 D:\\Development\\Laravel\\puspa-api\\vendor\\laravel\\framework\\src\\Illuminate\\Foundation\\Exceptions\\Handler.php(278): Illuminate\\Foundation\\Exceptions\\Handler->reportThrowable(Object(ParseError))
#5 D:\\Development\\Laravel\\puspa-api\\vendor\\laravel\\framework\\src\\Illuminate\\Foundation\\Console\\Kernel.php(523): Illuminate\\Foundation\\Exceptions\\Handler->report(Object(ParseError))
#6 D:\\Development\\Laravel\\puspa-api\\vendor\\laravel\\framework\\src\\Illuminate\\Foundation\\Console\\Kernel.php(203): Illuminate\\Foundation\\Console\\Kernel->reportException(Object(ParseError))
#7 Command line code(1): Illuminate\\Foundation\\Console\\Kernel->handle(Object(Symfony\\Component\\Console\\Input\\ArgvInput), Object(Symfony\\Component\\Console\\Output\\ConsoleOutput))
#8 {main}
"} 
[2026-02-01 01:46:00] laravel.ERROR: syntax error, unexpected single-quoted string "http://localhost:3000", expecting "]" {"exception":"[object] (ParseError(code: 0): syntax error, unexpected single-quoted string \"http://localhost:3000\", expecting \"]\" at D:\\Development\\Laravel\\puspa-api\\config\\cors.php:24)
[stacktrace]
#0 D:\\Development\\Laravel\\puspa-api\\vendor\\laravel\\framework\\src\\Illuminate\\Foundation\\Bootstrap\\LoadConfiguration.php(39): Illuminate\\Foundation\\Bootstrap\\LoadConfiguration->loadConfigurationFiles(Object(Illuminate\\Foundation\\Application), Object(Illuminate\\Config\\Repository))
#1 D:\\Development\\Laravel\\puspa-api\\vendor\\laravel\\framework\\src\\Illuminate\\Foundation\\Application.php(286): Illuminate\\Foundation\\Bootstrap\\LoadConfiguration->bootstrap(Object(Illuminate\\Foundation\\Application))
#2 D:\\Development\\Laravel\\puspa-api\\vendor\\laravel\\framework\\src\\Illuminate\\Foundation\\Console\\Kernel.php(447): Illuminate\\Foundation\\Application->bootstrapWith(Array)
#3 D:\\Development\\Laravel\\puspa-api\\vendor\\laravel\\framework\\src\\Illuminate\\Foundation\\Console\\Kernel.php(199): Illuminate\\Foundation\\Console\\Kernel->bootstrap()
#4 Command line code(1): Illuminate\\Foundation\\Console\\Kernel->handle(Object(Symfony\\Component\\Console\\Input\\ArgvInput), Object(Symfony\\Component\\Console\\Output\\ConsoleOutput))
#5 {main}
"} 
[2026-02-28 10:40:02] local.ERROR: syntax error, unexpected token "->", expecting end of file {"exception":"[object] (ParseError(code: 0): syntax error, unexpected token \"->\", expecting end of file at D:\\Development\\Laravel\\puspa-api\\routes\\api.php:305)
[stacktrace]
#0 D:\\Development\\Laravel\\puspa-api\\vendor\\laravel\\framework\\src\\Illuminate\\Routing\\Router.php(511): Illuminate\\Routing\\RouteFileRegistrar->register('D:\\\\Development\\\\...')
#1 D:\\Development\\Laravel\\puspa-api\\vendor\\laravel\\framework\\src\\Illuminate\\Routing\\Router.php(465): Illuminate\\Routing\\Router->loadRoutes('D:\\\\Development\\\\...')
#2 D:\\Development\\Laravel\\puspa-api\\vendor\\laravel\\framework\\src\\Illuminate\\Routing\\RouteRegistrar.php(194): Illuminate\\Routing\\Router->group(Array, 'D:\\\\Development\\\\...')
#3 D:\\Development\\Laravel\\puspa-api\\app\\Providers\\RouteServiceProvider.php(32): Illuminate\\Routing\\RouteRegistrar->group('D:\\\\Development\\\\...')
#4 D:\\Development\\Laravel\\puspa-api\\vendor\\laravel\\framework\\src\\Illuminate\\Container\\BoundMethod.php(36): App\\Providers\\RouteServiceProvider->App\\Providers\\{closure}()
#5 D:\\Development\\Laravel\\puspa-api\\vendor\\laravel\\framework\\src\\Illuminate\\Container\\Util.php(41): Illuminate\\Container\\BoundMethod::Illuminate\\Container\\{closure}()
#6 D:\\Development\\Laravel\\puspa-api\\vendor\\laravel\\framework\\src\\Illuminate\\Container\\BoundMethod.php(81): Illuminate\\Container\\Util::unwrapIfClosure(Object(Closure))
#7 D:\\Development\\Laravel\\puspa-api\\vendor\\laravel\\framework\\src\\Illuminate\\Container\\BoundMethod.php(35): Illuminate\\Container\\BoundMethod::callBoundMethod(Object(Illuminate\\Foundation\\Application), Object(Closure), Object(Closure))
#8 D:\\Development\\Laravel\\puspa-api\\vendor\\laravel\\framework\\src\\Illuminate\\Container\\Container.php(662): Illuminate\\Container\\BoundMethod::call(Object(Illuminate\\Foundation\\Application), Object(Closure), Array, NULL)
#9 D:\\Development\\Laravel\\puspa-api\\vendor\\laravel\\framework\\src\\Illuminate\\Foundation\\Support\\Providers\\RouteServiceProvider.php(120): Illuminate\\Container\\Container->call(Object(Closure))
#10 D:\\Development\\Laravel\\puspa-api\\vendor\\laravel\\framework\\src\\Illuminate\\Foundation\\Support\\Providers\\RouteServiceProvider.php(45): Illuminate\\Foundation\\Support\\Providers\\RouteServiceProvider->loadRoutes()
#11 D:\\Development\\Laravel\\puspa-api\\vendor\\laravel\\framework\\src\\Illuminate\\Container\\BoundMethod.php(36): Illuminate\\Foundation\\Support\\Providers\\RouteServiceProvider->Illuminate\\Foundation\\Support\\Providers\\{closure}()
#12 D:\\Development\\Laravel\\puspa-api\\vendor\\laravel\\framework\\src\\Illuminate\\Container\\Util.php(41): Illuminate\\Container\\BoundMethod::Illuminate\\Container\\{closure}()
#13 D:\\Development\\Laravel\\puspa-api\\vendor\\laravel\\framework\\src\\Illuminate\\Container\\BoundMethod.php(81): Illuminate\\Container\\Util::unwrapIfClosure(Object(Closure))
#14 D:\\Development\\Laravel\\puspa-api\\vendor\\laravel\\framework\\src\\Illuminate\\Container\\BoundMethod.php(35): Illuminate\\Container\\BoundMethod::callBoundMethod(Object(Illuminate\\Foundation\\Application), Object(Closure), Object(Closure))
#15 D:\\Development\\Laravel\\puspa-api\\vendor\\laravel\\framework\\src\\Illuminate\\Container\\Container.php(662): Illuminate\\Container\\BoundMethod::call(Object(Illuminate\\Foundation\\Application), Object(Closure), Array, NULL)
#16 D:\\Development\\Laravel\\puspa-api\\vendor\\laravel\\framework\\src\\Illuminate\\Support\\ServiceProvider.php(119): Illuminate\\Container\\Container->call(Object(Closure))
#17 D:\\Development\\Laravel\\puspa-api\\vendor\\laravel\\framework\\src\\Illuminate\\Foundation\\Application.php(1062): Illuminate\\Support\\ServiceProvider->callBootedCallbacks()
#18 D:\\Development\\Laravel\\puspa-api\\vendor\\laravel\\framework\\src\\Illuminate\\Foundation\\Application.php(1040): Illuminate\\Foundation\\Application->bootProvider(Object(App\\Providers\\RouteServiceProvider))
#19 [internal function]: Illuminate\\Foundation\\Application->Illuminate\\Foundation\\{closure}(Object(App\\Providers\\RouteServiceProvider), 26)
#20 D:\\Development\\Laravel\\puspa-api\\vendor\\laravel\\framework\\src\\Illuminate\\Foundation\\Application.php(1039): array_walk(Array, Object(Closure))
#21 D:\\Development\\Laravel\\puspa-api\\vendor\\laravel\\framework\\src\\Illuminate\\Foundation\\Bootstrap\\BootProviders.php(17): Illuminate\\Foundation\\Application->boot()
#22 D:\\Development\\Laravel\\puspa-api\\vendor\\laravel\\framework\\src\\Illuminate\\Foundation\\Application.php(286): Illuminate\\Foundation\\Bootstrap\\BootProviders->bootstrap(Object(Illuminate\\Foundation\\Application))
#23 D:\\Development\\Laravel\\puspa-api\\vendor\\laravel\\framework\\src\\Illuminate\\Foundation\\Console\\Kernel.php(447): Illuminate\\Foundation\\Application->bootstrapWith(Array)
#24 D:\\Development\\Laravel\\puspa-api\\vendor\\laravel\\framework\\src\\Illuminate\\Foundation\\Console\\Kernel.php(199): Illuminate\\Foundation\\Console\\Kernel->bootstrap()
#25 Command line code(1): Illuminate\\Foundation\\Console\\Kernel->handle(Object(Symfony\\Component\\Console\\Input\\ArgvInput), Object(Symfony\\Component\\Console\\Output\\ConsoleOutput))
#26 {main}
"} 
[2026-02-28 10:42:38] local.ERROR: syntax error, unexpected end of file {"exception":"[object] (ParseError(code: 0): syntax error, unexpected end of file at D:\\Development\\Laravel\\puspa-api\\routes\\api.php:305)
[stacktrace]
#0 D:\\Development\\Laravel\\puspa-api\\vendor\\laravel\\framework\\src\\Illuminate\\Routing\\Router.php(511): Illuminate\\Routing\\RouteFileRegistrar->register('D:\\\\Development\\\\...')
#1 D:\\Development\\Laravel\\puspa-api\\vendor\\laravel\\framework\\src\\Illuminate\\Routing\\Router.php(465): Illuminate\\Routing\\Router->loadRoutes('D:\\\\Development\\\\...')
#2 D:\\Development\\Laravel\\puspa-api\\vendor\\laravel\\framework\\src\\Illuminate\\Routing\\RouteRegistrar.php(194): Illuminate\\Routing\\Router->group(Array, 'D:\\\\Development\\\\...')
#3 D:\\Development\\Laravel\\puspa-api\\app\\Providers\\RouteServiceProvider.php(32): Illuminate\\Routing\\RouteRegistrar->group('D:\\\\Development\\\\...')
#4 D:\\Development\\Laravel\\puspa-api\\vendor\\laravel\\framework\\src\\Illuminate\\Container\\BoundMethod.php(36): App\\Providers\\RouteServiceProvider->App\\Providers\\{closure}()
#5 D:\\Development\\Laravel\\puspa-api\\vendor\\laravel\\framework\\src\\Illuminate\\Container\\Util.php(41): Illuminate\\Container\\BoundMethod::Illuminate\\Container\\{closure}()
#6 D:\\Development\\Laravel\\puspa-api\\vendor\\laravel\\framework\\src\\Illuminate\\Container\\BoundMethod.php(81): Illuminate\\Container\\Util::unwrapIfClosure(Object(Closure))
#7 D:\\Development\\Laravel\\puspa-api\\vendor\\laravel\\framework\\src\\Illuminate\\Container\\BoundMethod.php(35): Illuminate\\Container\\BoundMethod::callBoundMethod(Object(Illuminate\\Foundation\\Application), Object(Closure), Object(Closure))
#8 D:\\Development\\Laravel\\puspa-api\\vendor\\laravel\\framework\\src\\Illuminate\\Container\\Container.php(662): Illuminate\\Container\\BoundMethod::call(Object(Illuminate\\Foundation\\Application), Object(Closure), Array, NULL)
#9 D:\\Development\\Laravel\\puspa-api\\vendor\\laravel\\framework\\src\\Illuminate\\Foundation\\Support\\Providers\\RouteServiceProvider.php(120): Illuminate\\Container\\Container->call(Object(Closure))
#10 D:\\Development\\Laravel\\puspa-api\\vendor\\laravel\\framework\\src\\Illuminate\\Foundation\\Support\\Providers\\RouteServiceProvider.php(45): Illuminate\\Foundation\\Support\\Providers\\RouteServiceProvider->loadRoutes()
#11 D:\\Development\\Laravel\\puspa-api\\vendor\\laravel\\framework\\src\\Illuminate\\Container\\BoundMethod.php(36): Illuminate\\Foundation\\Support\\Providers\\RouteServiceProvider->Illuminate\\Foundation\\Support\\Providers\\{closure}()
#12 D:\\Development\\Laravel\\puspa-api\\vendor\\laravel\\framework\\src\\Illuminate\\Container\\Util.php(41): Illuminate\\Container\\BoundMethod::Illuminate\\Container\\{closure}()
#13 D:\\Development\\Laravel\\puspa-api\\vendor\\laravel\\framework\\src\\Illuminate\\Container\\BoundMethod.php(81): Illuminate\\Container\\Util::unwrapIfClosure(Object(Closure))
#14 D:\\Development\\Laravel\\puspa-api\\vendor\\laravel\\framework\\src\\Illuminate\\Container\\BoundMethod.php(35): Illuminate\\Container\\BoundMethod::callBoundMethod(Object(Illuminate\\Foundation\\Application), Object(Closure), Object(Closure))
#15 D:\\Development\\Laravel\\puspa-api\\vendor\\laravel\\framework\\src\\Illuminate\\Container\\Container.php(662): Illuminate\\Container\\BoundMethod::call(Object(Illuminate\\Foundation\\Application), Object(Closure), Array, NULL)
#16 D:\\Development\\Laravel\\puspa-api\\vendor\\laravel\\framework\\src\\Illuminate\\Support\\ServiceProvider.php(119): Illuminate\\Container\\Container->call(Object(Closure))
#17 D:\\Development\\Laravel\\puspa-api\\vendor\\laravel\\framework\\src\\Illuminate\\Foundation\\Application.php(1062): Illuminate\\Support\\ServiceProvider->callBootedCallbacks()
#18 D:\\Development\\Laravel\\puspa-api\\vendor\\laravel\\framework\\src\\Illuminate\\Foundation\\Application.php(1040): Illuminate\\Foundation\\Application->bootProvider(Object(App\\Providers\\RouteServiceProvider))
#19 [internal function]: Illuminate\\Foundation\\Application->Illuminate\\Foundation\\{closure}(Object(App\\Providers\\RouteServiceProvider), 26)
#20 D:\\Development\\Laravel\\puspa-api\\vendor\\laravel\\framework\\src\\Illuminate\\Foundation\\Application.php(1039): array_walk(Array, Object(Closure))
#21 D:\\Development\\Laravel\\puspa-api\\vendor\\laravel\\framework\\src\\Illuminate\\Foundation\\Bootstrap\\BootProviders.php(17): Illuminate\\Foundation\\Application->boot()
#22 D:\\Development\\Laravel\\puspa-api\\vendor\\laravel\\framework\\src\\Illuminate\\Foundation\\Application.php(286): Illuminate\\Foundation\\Bootstrap\\BootProviders->bootstrap(Object(Illuminate\\Foundation\\Application))
#23 D:\\Development\\Laravel\\puspa-api\\vendor\\laravel\\framework\\src\\Illuminate\\Foundation\\Console\\Kernel.php(447): Illuminate\\Foundation\\Application->bootstrapWith(Array)
#24 D:\\Development\\Laravel\\puspa-api\\vendor\\laravel\\framework\\src\\Illuminate\\Foundation\\Console\\Kernel.php(199): Illuminate\\Foundation\\Console\\Kernel->bootstrap()
#25 Command line code(1): Illuminate\\Foundation\\Console\\Kernel->handle(Object(Symfony\\Component\\Console\\Input\\ArgvInput), Object(Symfony\\Component\\Console\\Output\\ConsoleOutput))
#26 {main}
"} 
[2026-02-28 10:42:45] local.ERROR: syntax error, unexpected end of file {"exception":"[object] (ParseError(code: 0): syntax error, unexpected end of file at D:\\Development\\Laravel\\puspa-api\\routes\\api.php:306)
[stacktrace]
#0 D:\\Development\\Laravel\\puspa-api\\vendor\\laravel\\framework\\src\\Illuminate\\Routing\\Router.php(511): Illuminate\\Routing\\RouteFileRegistrar->register('D:\\\\Development\\\\...')
#1 D:\\Development\\Laravel\\puspa-api\\vendor\\laravel\\framework\\src\\Illuminate\\Routing\\Router.php(465): Illuminate\\Routing\\Router->loadRoutes('D:\\\\Development\\\\...')
#2 D:\\Development\\Laravel\\puspa-api\\vendor\\laravel\\framework\\src\\Illuminate\\Routing\\RouteRegistrar.php(194): Illuminate\\Routing\\Router->group(Array, 'D:\\\\Development\\\\...')
#3 D:\\Development\\Laravel\\puspa-api\\app\\Providers\\RouteServiceProvider.php(32): Illuminate\\Routing\\RouteRegistrar->group('D:\\\\Development\\\\...')
#4 D:\\Development\\Laravel\\puspa-api\\vendor\\laravel\\framework\\src\\Illuminate\\Container\\BoundMethod.php(36): App\\Providers\\RouteServiceProvider->App\\Providers\\{closure}()
#5 D:\\Development\\Laravel\\puspa-api\\vendor\\laravel\\framework\\src\\Illuminate\\Container\\Util.php(41): Illuminate\\Container\\BoundMethod::Illuminate\\Container\\{closure}()
#6 D:\\Development\\Laravel\\puspa-api\\vendor\\laravel\\framework\\src\\Illuminate\\Container\\BoundMethod.php(81): Illuminate\\Container\\Util::unwrapIfClosure(Object(Closure))
#7 D:\\Development\\Laravel\\puspa-api\\vendor\\laravel\\framework\\src\\Illuminate\\Container\\BoundMethod.php(35): Illuminate\\Container\\BoundMethod::callBoundMethod(Object(Illuminate\\Foundation\\Application), Object(Closure), Object(Closure))
#8 D:\\Development\\Laravel\\puspa-api\\vendor\\laravel\\framework\\src\\Illuminate\\Container\\Container.php(662): Illuminate\\Container\\BoundMethod::call(Object(Illuminate\\Foundation\\Application), Object(Closure), Array, NULL)
#9 D:\\Development\\Laravel\\puspa-api\\vendor\\laravel\\framework\\src\\Illuminate\\Foundation\\Support\\Providers\\RouteServiceProvider.php(120): Illuminate\\Container\\Container->call(Object(Closure))
#10 D:\\Development\\Laravel\\puspa-api\\vendor\\laravel\\framework\\src\\Illuminate\\Foundation\\Support\\Providers\\RouteServiceProvider.php(45): Illuminate\\Foundation\\Support\\Providers\\RouteServiceProvider->loadRoutes()
#11 D:\\Development\\Laravel\\puspa-api\\vendor\\laravel\\framework\\src\\Illuminate\\Container\\BoundMethod.php(36): Illuminate\\Foundation\\Support\\Providers\\RouteServiceProvider->Illuminate\\Foundation\\Support\\Providers\\{closure}()
#12 D:\\Development\\Laravel\\puspa-api\\vendor\\laravel\\framework\\src\\Illuminate\\Container\\Util.php(41): Illuminate\\Container\\BoundMethod::Illuminate\\Container\\{closure}()
#13 D:\\Development\\Laravel\\puspa-api\\vendor\\laravel\\framework\\src\\Illuminate\\Container\\BoundMethod.php(81): Illuminate\\Container\\Util::unwrapIfClosure(Object(Closure))
#14 D:\\Development\\Laravel\\puspa-api\\vendor\\laravel\\framework\\src\\Illuminate\\Container\\BoundMethod.php(35): Illuminate\\Container\\BoundMethod::callBoundMethod(Object(Illuminate\\Foundation\\Application), Object(Closure), Object(Closure))
#15 D:\\Development\\Laravel\\puspa-api\\vendor\\laravel\\framework\\src\\Illuminate\\Container\\Container.php(662): Illuminate\\Container\\BoundMethod::call(Object(Illuminate\\Foundation\\Application), Object(Closure), Array, NULL)
#16 D:\\Development\\Laravel\\puspa-api\\vendor\\laravel\\framework\\src\\Illuminate\\Support\\ServiceProvider.php(119): Illuminate\\Container\\Container->call(Object(Closure))
#17 D:\\Development\\Laravel\\puspa-api\\vendor\\laravel\\framework\\src\\Illuminate\\Foundation\\Application.php(1062): Illuminate\\Support\\ServiceProvider->callBootedCallbacks()
#18 D:\\Development\\Laravel\\puspa-api\\vendor\\laravel\\framework\\src\\Illuminate\\Foundation\\Application.php(1040): Illuminate\\Foundation\\Application->bootProvider(Object(App\\Providers\\RouteServiceProvider))
#19 [internal function]: Illuminate\\Foundation\\Application->Illuminate\\Foundation\\{closure}(Object(App\\Providers\\RouteServiceProvider), 26)
#20 D:\\Development\\Laravel\\puspa-api\\vendor\\laravel\\framework\\src\\Illuminate\\Foundation\\Application.php(1039): array_walk(Array, Object(Closure))
#21 D:\\Development\\Laravel\\puspa-api\\vendor\\laravel\\framework\\src\\Illuminate\\Foundation\\Bootstrap\\BootProviders.php(17): Illuminate\\Foundation\\Application->boot()
#22 D:\\Development\\Laravel\\puspa-api\\vendor\\laravel\\framework\\src\\Illuminate\\Foundation\\Application.php(286): Illuminate\\Foundation\\Bootstrap\\BootProviders->bootstrap(Object(Illuminate\\Foundation\\Application))
#23 D:\\Development\\Laravel\\puspa-api\\vendor\\laravel\\framework\\src\\Illuminate\\Foundation\\Console\\Kernel.php(447): Illuminate\\Foundation\\Application->bootstrapWith(Array)
#24 D:\\Development\\Laravel\\puspa-api\\vendor\\laravel\\framework\\src\\Illuminate\\Foundation\\Console\\Kernel.php(199): Illuminate\\Foundation\\Console\\Kernel->bootstrap()
#25 Command line code(1): Illuminate\\Foundation\\Console\\Kernel->handle(Object(Symfony\\Component\\Console\\Input\\ArgvInput), Object(Symfony\\Component\\Console\\Output\\ConsoleOutput))
#26 {main}
"} 
[2026-02-28 10:42:45] local.ERROR: syntax error, unexpected end of file {"exception":"[object] (ParseError(code: 0): syntax error, unexpected end of file at D:\\Development\\Laravel\\puspa-api\\routes\\api.php:306)
[stacktrace]
#0 D:\\Development\\Laravel\\puspa-api\\vendor\\laravel\\framework\\src\\Illuminate\\Routing\\Router.php(511): Illuminate\\Routing\\RouteFileRegistrar->register('D:\\\\Development\\\\...')
#1 D:\\Development\\Laravel\\puspa-api\\vendor\\laravel\\framework\\src\\Illuminate\\Routing\\Router.php(465): Illuminate\\Routing\\Router->loadRoutes('D:\\\\Development\\\\...')
#2 D:\\Development\\Laravel\\puspa-api\\vendor\\laravel\\framework\\src\\Illuminate\\Routing\\RouteRegistrar.php(194): Illuminate\\Routing\\Router->group(Array, 'D:\\\\Development\\\\...')
#3 D:\\Development\\Laravel\\puspa-api\\app\\Providers\\RouteServiceProvider.php(32): Illuminate\\Routing\\RouteRegistrar->group('D:\\\\Development\\\\...')
#4 D:\\Development\\Laravel\\puspa-api\\vendor\\laravel\\framework\\src\\Illuminate\\Container\\BoundMethod.php(36): App\\Providers\\RouteServiceProvider->App\\Providers\\{closure}()
#5 D:\\Development\\Laravel\\puspa-api\\vendor\\laravel\\framework\\src\\Illuminate\\Container\\Util.php(41): Illuminate\\Container\\BoundMethod::Illuminate\\Container\\{closure}()
#6 D:\\Development\\Laravel\\puspa-api\\vendor\\laravel\\framework\\src\\Illuminate\\Container\\BoundMethod.php(81): Illuminate\\Container\\Util::unwrapIfClosure(Object(Closure))
#7 D:\\Development\\Laravel\\puspa-api\\vendor\\laravel\\framework\\src\\Illuminate\\Container\\BoundMethod.php(35): Illuminate\\Container\\BoundMethod::callBoundMethod(Object(Illuminate\\Foundation\\Application), Object(Closure), Object(Closure))
#8 D:\\Development\\Laravel\\puspa-api\\vendor\\laravel\\framework\\src\\Illuminate\\Container\\Container.php(662): Illuminate\\Container\\BoundMethod::call(Object(Illuminate\\Foundation\\Application), Object(Closure), Array, NULL)
#9 D:\\Development\\Laravel\\puspa-api\\vendor\\laravel\\framework\\src\\Illuminate\\Foundation\\Support\\Providers\\RouteServiceProvider.php(120): Illuminate\\Container\\Container->call(Object(Closure))
#10 D:\\Development\\Laravel\\puspa-api\\vendor\\laravel\\framework\\src\\Illuminate\\Foundation\\Support\\Providers\\RouteServiceProvider.php(45): Illuminate\\Foundation\\Support\\Providers\\RouteServiceProvider->loadRoutes()
#11 D:\\Development\\Laravel\\puspa-api\\vendor\\laravel\\framework\\src\\Illuminate\\Container\\BoundMethod.php(36): Illuminate\\Foundation\\Support\\Providers\\RouteServiceProvider->Illuminate\\Foundation\\Support\\Providers\\{closure}()
#12 D:\\Development\\Laravel\\puspa-api\\vendor\\laravel\\framework\\src\\Illuminate\\Container\\Util.php(41): Illuminate\\Container\\BoundMethod::Illuminate\\Container\\{closure}()
#13 D:\\Development\\Laravel\\puspa-api\\vendor\\laravel\\framework\\src\\Illuminate\\Container\\BoundMethod.php(81): Illuminate\\Container\\Util::unwrapIfClosure(Object(Closure))
#14 D:\\Development\\Laravel\\puspa-api\\vendor\\laravel\\framework\\src\\Illuminate\\Container\\BoundMethod.php(35): Illuminate\\Container\\BoundMethod::callBoundMethod(Object(Illuminate\\Foundation\\Application), Object(Closure), Object(Closure))
#15 D:\\Development\\Laravel\\puspa-api\\vendor\\laravel\\framework\\src\\Illuminate\\Container\\Container.php(662): Illuminate\\Container\\BoundMethod::call(Object(Illuminate\\Foundation\\Application), Object(Closure), Array, NULL)
#16 D:\\Development\\Laravel\\puspa-api\\vendor\\laravel\\framework\\src\\Illuminate\\Support\\ServiceProvider.php(119): Illuminate\\Container\\Container->call(Object(Closure))
#17 D:\\Development\\Laravel\\puspa-api\\vendor\\laravel\\framework\\src\\Illuminate\\Foundation\\Application.php(1062): Illuminate\\Support\\ServiceProvider->callBootedCallbacks()
#18 D:\\Development\\Laravel\\puspa-api\\vendor\\laravel\\framework\\src\\Illuminate\\Foundation\\Application.php(1040): Illuminate\\Foundation\\Application->bootProvider(Object(App\\Providers\\RouteServiceProvider))
#19 [internal function]: Illuminate\\Foundation\\Application->Illuminate\\Foundation\\{closure}(Object(App\\Providers\\RouteServiceProvider), 26)
#20 D:\\Development\\Laravel\\puspa-api\\vendor\\laravel\\framework\\src\\Illuminate\\Foundation\\Application.php(1039): array_walk(Array, Object(Closure))
#21 D:\\Development\\Laravel\\puspa-api\\vendor\\laravel\\framework\\src\\Illuminate\\Foundation\\Bootstrap\\BootProviders.php(17): Illuminate\\Foundation\\Application->boot()
#22 D:\\Development\\Laravel\\puspa-api\\vendor\\laravel\\framework\\src\\Illuminate\\Foundation\\Application.php(286): Illuminate\\Foundation\\Bootstrap\\BootProviders->bootstrap(Object(Illuminate\\Foundation\\Application))
#23 D:\\Development\\Laravel\\puspa-api\\vendor\\laravel\\framework\\src\\Illuminate\\Foundation\\Console\\Kernel.php(447): Illuminate\\Foundation\\Application->bootstrapWith(Array)
#24 D:\\Development\\Laravel\\puspa-api\\vendor\\laravel\\framework\\src\\Illuminate\\Foundation\\Console\\Kernel.php(199): Illuminate\\Foundation\\Console\\Kernel->bootstrap()
#25 Command line code(1): Illuminate\\Foundation\\Console\\Kernel->handle(Object(Symfony\\Component\\Console\\Input\\ArgvInput), Object(Symfony\\Component\\Console\\Output\\ConsoleOutput))
#26 {main}
"} 
[2026-02-28 10:42:45] local.ERROR: syntax error, unexpected end of file {"exception":"[object] (ParseError(code: 0): syntax error, unexpected end of file at D:\\Development\\Laravel\\puspa-api\\routes\\api.php:306)
[stacktrace]
#0 D:\\Development\\Laravel\\puspa-api\\vendor\\laravel\\framework\\src\\Illuminate\\Routing\\Router.php(511): Illuminate\\Routing\\RouteFileRegistrar->register('D:\\\\Development\\\\...')
#1 D:\\Development\\Laravel\\puspa-api\\vendor\\laravel\\framework\\src\\Illuminate\\Routing\\Router.php(465): Illuminate\\Routing\\Router->loadRoutes('D:\\\\Development\\\\...')
#2 D:\\Development\\Laravel\\puspa-api\\vendor\\laravel\\framework\\src\\Illuminate\\Routing\\RouteRegistrar.php(194): Illuminate\\Routing\\Router->group(Array, 'D:\\\\Development\\\\...')
#3 D:\\Development\\Laravel\\puspa-api\\app\\Providers\\RouteServiceProvider.php(32): Illuminate\\Routing\\RouteRegistrar->group('D:\\\\Development\\\\...')
#4 D:\\Development\\Laravel\\puspa-api\\vendor\\laravel\\framework\\src\\Illuminate\\Container\\BoundMethod.php(36): App\\Providers\\RouteServiceProvider->App\\Providers\\{closure}()
#5 D:\\Development\\Laravel\\puspa-api\\vendor\\laravel\\framework\\src\\Illuminate\\Container\\Util.php(41): Illuminate\\Container\\BoundMethod::Illuminate\\Container\\{closure}()
#6 D:\\Development\\Laravel\\puspa-api\\vendor\\laravel\\framework\\src\\Illuminate\\Container\\BoundMethod.php(81): Illuminate\\Container\\Util::unwrapIfClosure(Object(Closure))
#7 D:\\Development\\Laravel\\puspa-api\\vendor\\laravel\\framework\\src\\Illuminate\\Container\\BoundMethod.php(35): Illuminate\\Container\\BoundMethod::callBoundMethod(Object(Illuminate\\Foundation\\Application), Object(Closure), Object(Closure))
#8 D:\\Development\\Laravel\\puspa-api\\vendor\\laravel\\framework\\src\\Illuminate\\Container\\Container.php(662): Illuminate\\Container\\BoundMethod::call(Object(Illuminate\\Foundation\\Application), Object(Closure), Array, NULL)
#9 D:\\Development\\Laravel\\puspa-api\\vendor\\laravel\\framework\\src\\Illuminate\\Foundation\\Support\\Providers\\RouteServiceProvider.php(120): Illuminate\\Container\\Container->call(Object(Closure))
#10 D:\\Development\\Laravel\\puspa-api\\vendor\\laravel\\framework\\src\\Illuminate\\Foundation\\Support\\Providers\\RouteServiceProvider.php(45): Illuminate\\Foundation\\Support\\Providers\\RouteServiceProvider->loadRoutes()
#11 D:\\Development\\Laravel\\puspa-api\\vendor\\laravel\\framework\\src\\Illuminate\\Container\\BoundMethod.php(36): Illuminate\\Foundation\\Support\\Providers\\RouteServiceProvider->Illuminate\\Foundation\\Support\\Providers\\{closure}()
#12 D:\\Development\\Laravel\\puspa-api\\vendor\\laravel\\framework\\src\\Illuminate\\Container\\Util.php(41): Illuminate\\Container\\BoundMethod::Illuminate\\Container\\{closure}()
#13 D:\\Development\\Laravel\\puspa-api\\vendor\\laravel\\framework\\src\\Illuminate\\Container\\BoundMethod.php(81): Illuminate\\Container\\Util::unwrapIfClosure(Object(Closure))
#14 D:\\Development\\Laravel\\puspa-api\\vendor\\laravel\\framework\\src\\Illuminate\\Container\\BoundMethod.php(35): Illuminate\\Container\\BoundMethod::callBoundMethod(Object(Illuminate\\Foundation\\Application), Object(Closure), Object(Closure))
#15 D:\\Development\\Laravel\\puspa-api\\vendor\\laravel\\framework\\src\\Illuminate\\Container\\Container.php(662): Illuminate\\Container\\BoundMethod::call(Object(Illuminate\\Foundation\\Application), Object(Closure), Array, NULL)
#16 D:\\Development\\Laravel\\puspa-api\\vendor\\laravel\\framework\\src\\Illuminate\\Support\\ServiceProvider.php(119): Illuminate\\Container\\Container->call(Object(Closure))
#17 D:\\Development\\Laravel\\puspa-api\\vendor\\laravel\\framework\\src\\Illuminate\\Foundation\\Application.php(1062): Illuminate\\Support\\ServiceProvider->callBootedCallbacks()
#18 D:\\Development\\Laravel\\puspa-api\\vendor\\laravel\\framework\\src\\Illuminate\\Foundation\\Application.php(1040): Illuminate\\Foundation\\Application->bootProvider(Object(App\\Providers\\RouteServiceProvider))
#19 [internal function]: Illuminate\\Foundation\\Application->Illuminate\\Foundation\\{closure}(Object(App\\Providers\\RouteServiceProvider), 26)
#20 D:\\Development\\Laravel\\puspa-api\\vendor\\laravel\\framework\\src\\Illuminate\\Foundation\\Application.php(1039): array_walk(Array, Object(Closure))
#21 D:\\Development\\Laravel\\puspa-api\\vendor\\laravel\\framework\\src\\Illuminate\\Foundation\\Bootstrap\\BootProviders.php(17): Illuminate\\Foundation\\Application->boot()
#22 D:\\Development\\Laravel\\puspa-api\\vendor\\laravel\\framework\\src\\Illuminate\\Foundation\\Application.php(286): Illuminate\\Foundation\\Bootstrap\\BootProviders->bootstrap(Object(Illuminate\\Foundation\\Application))
#23 D:\\Development\\Laravel\\puspa-api\\vendor\\laravel\\framework\\src\\Illuminate\\Foundation\\Console\\Kernel.php(447): Illuminate\\Foundation\\Application->bootstrapWith(Array)
#24 D:\\Development\\Laravel\\puspa-api\\vendor\\laravel\\framework\\src\\Illuminate\\Foundation\\Console\\Kernel.php(199): Illuminate\\Foundation\\Console\\Kernel->bootstrap()
#25 Command line code(1): Illuminate\\Foundation\\Console\\Kernel->handle(Object(Symfony\\Component\\Console\\Input\\ArgvInput), Object(Symfony\\Component\\Console\\Output\\ConsoleOutput))
#26 {main}
"} 
[2026-02-28 10:43:07] local.ERROR: Class "Observation" not found {"exception":"[object] (Error(code: 0): Class \"Observation\" not found at D:\\Development\\Laravel\\puspa-api\\routes\\api.php:305)
[stacktrace]
#0 D:\\Development\\Laravel\\puspa-api\\vendor\\laravel\\framework\\src\\Illuminate\\Routing\\RouteFileRegistrar.php(35): require()
#1 D:\\Development\\Laravel\\puspa-api\\vendor\\laravel\\framework\\src\\Illuminate\\Routing\\Router.php(511): Illuminate\\Routing\\RouteFileRegistrar->register('D:\\\\Development\\\\...')
#2 D:\\Development\\Laravel\\puspa-api\\vendor\\laravel\\framework\\src\\Illuminate\\Routing\\Router.php(465): Illuminate\\Routing\\Router->loadRoutes('D:\\\\Development\\\\...')
#3 D:\\Development\\Laravel\\puspa-api\\vendor\\laravel\\framework\\src\\Illuminate\\Routing\\RouteRegistrar.php(194): Illuminate\\Routing\\Router->group(Array, 'D:\\\\Development\\\\...')
#4 D:\\Development\\Laravel\\puspa-api\\app\\Providers\\RouteServiceProvider.php(32): Illuminate\\Routing\\RouteRegistrar->group('D:\\\\Development\\\\...')
#5 D:\\Development\\Laravel\\puspa-api\\vendor\\laravel\\framework\\src\\Illuminate\\Container\\BoundMethod.php(36): App\\Providers\\RouteServiceProvider->App\\Providers\\{closure}()
#6 D:\\Development\\Laravel\\puspa-api\\vendor\\laravel\\framework\\src\\Illuminate\\Container\\Util.php(41): Illuminate\\Container\\BoundMethod::Illuminate\\Container\\{closure}()
#7 D:\\Development\\Laravel\\puspa-api\\vendor\\laravel\\framework\\src\\Illuminate\\Container\\BoundMethod.php(81): Illuminate\\Container\\Util::unwrapIfClosure(Object(Closure))
#8 D:\\Development\\Laravel\\puspa-api\\vendor\\laravel\\framework\\src\\Illuminate\\Container\\BoundMethod.php(35): Illuminate\\Container\\BoundMethod::callBoundMethod(Object(Illuminate\\Foundation\\Application), Object(Closure), Object(Closure))
#9 D:\\Development\\Laravel\\puspa-api\\vendor\\laravel\\framework\\src\\Illuminate\\Container\\Container.php(662): Illuminate\\Container\\BoundMethod::call(Object(Illuminate\\Foundation\\Application), Object(Closure), Array, NULL)
#10 D:\\Development\\Laravel\\puspa-api\\vendor\\laravel\\framework\\src\\Illuminate\\Foundation\\Support\\Providers\\RouteServiceProvider.php(120): Illuminate\\Container\\Container->call(Object(Closure))
#11 D:\\Development\\Laravel\\puspa-api\\vendor\\laravel\\framework\\src\\Illuminate\\Foundation\\Support\\Providers\\RouteServiceProvider.php(45): Illuminate\\Foundation\\Support\\Providers\\RouteServiceProvider->loadRoutes()
#12 D:\\Development\\Laravel\\puspa-api\\vendor\\laravel\\framework\\src\\Illuminate\\Container\\BoundMethod.php(36): Illuminate\\Foundation\\Support\\Providers\\RouteServiceProvider->Illuminate\\Foundation\\Support\\Providers\\{closure}()
#13 D:\\Development\\Laravel\\puspa-api\\vendor\\laravel\\framework\\src\\Illuminate\\Container\\Util.php(41): Illuminate\\Container\\BoundMethod::Illuminate\\Container\\{closure}()
#14 D:\\Development\\Laravel\\puspa-api\\vendor\\laravel\\framework\\src\\Illuminate\\Container\\BoundMethod.php(81): Illuminate\\Container\\Util::unwrapIfClosure(Object(Closure))
#15 D:\\Development\\Laravel\\puspa-api\\vendor\\laravel\\framework\\src\\Illuminate\\Container\\BoundMethod.php(35): Illuminate\\Container\\BoundMethod::callBoundMethod(Object(Illuminate\\Foundation\\Application), Object(Closure), Object(Closure))
#16 D:\\Development\\Laravel\\puspa-api\\vendor\\laravel\\framework\\src\\Illuminate\\Container\\Container.php(662): Illuminate\\Container\\BoundMethod::call(Object(Illuminate\\Foundation\\Application), Object(Closure), Array, NULL)
#17 D:\\Development\\Laravel\\puspa-api\\vendor\\laravel\\framework\\src\\Illuminate\\Support\\ServiceProvider.php(119): Illuminate\\Container\\Container->call(Object(Closure))
#18 D:\\Development\\Laravel\\puspa-api\\vendor\\laravel\\framework\\src\\Illuminate\\Foundation\\Application.php(1062): Illuminate\\Support\\ServiceProvider->callBootedCallbacks()
#19 D:\\Development\\Laravel\\puspa-api\\vendor\\laravel\\framework\\src\\Illuminate\\Foundation\\Application.php(1040): Illuminate\\Foundation\\Application->bootProvider(Object(App\\Providers\\RouteServiceProvider))
#20 [internal function]: Illuminate\\Foundation\\Application->Illuminate\\Foundation\\{closure}(Object(App\\Providers\\RouteServiceProvider), 26)
#21 D:\\Development\\Laravel\\puspa-api\\vendor\\laravel\\framework\\src\\Illuminate\\Foundation\\Application.php(1039): array_walk(Array, Object(Closure))
#22 D:\\Development\\Laravel\\puspa-api\\vendor\\laravel\\framework\\src\\Illuminate\\Foundation\\Bootstrap\\BootProviders.php(17): Illuminate\\Foundation\\Application->boot()
#23 D:\\Development\\Laravel\\puspa-api\\vendor\\laravel\\framework\\src\\Illuminate\\Foundation\\Application.php(286): Illuminate\\Foundation\\Bootstrap\\BootProviders->bootstrap(Object(Illuminate\\Foundation\\Application))
#24 D:\\Development\\Laravel\\puspa-api\\vendor\\laravel\\framework\\src\\Illuminate\\Foundation\\Console\\Kernel.php(447): Illuminate\\Foundation\\Application->bootstrapWith(Array)
#25 D:\\Development\\Laravel\\puspa-api\\vendor\\laravel\\framework\\src\\Illuminate\\Foundation\\Console\\Kernel.php(199): Illuminate\\Foundation\\Console\\Kernel->bootstrap()
#26 Command line code(1): Illuminate\\Foundation\\Console\\Kernel->handle(Object(Symfony\\Component\\Console\\Input\\ArgvInput), Object(Symfony\\Component\\Console\\Output\\ConsoleOutput))
#27 {main}
"} 
[2026-02-28 10:43:18] local.ERROR: Class "Observation" not found {"exception":"[object] (Error(code: 0): Class \"Observation\" not found at D:\\Development\\Laravel\\puspa-api\\routes\\api.php:305)
[stacktrace]
#0 D:\\Development\\Laravel\\puspa-api\\vendor\\laravel\\framework\\src\\Illuminate\\Routing\\RouteFileRegistrar.php(35): require()
#1 D:\\Development\\Laravel\\puspa-api\\vendor\\laravel\\framework\\src\\Illuminate\\Routing\\Router.php(511): Illuminate\\Routing\\RouteFileRegistrar->register('D:\\\\Development\\\\...')
#2 D:\\Development\\Laravel\\puspa-api\\vendor\\laravel\\framework\\src\\Illuminate\\Routing\\Router.php(465): Illuminate\\Routing\\Router->loadRoutes('D:\\\\Development\\\\...')
#3 D:\\Development\\Laravel\\puspa-api\\vendor\\laravel\\framework\\src\\Illuminate\\Routing\\RouteRegistrar.php(194): Illuminate\\Routing\\Router->group(Array, 'D:\\\\Development\\\\...')
#4 D:\\Development\\Laravel\\puspa-api\\app\\Providers\\RouteServiceProvider.php(32): Illuminate\\Routing\\RouteRegistrar->group('D:\\\\Development\\\\...')
#5 D:\\Development\\Laravel\\puspa-api\\vendor\\laravel\\framework\\src\\Illuminate\\Container\\BoundMethod.php(36): App\\Providers\\RouteServiceProvider->App\\Providers\\{closure}()
#6 D:\\Development\\Laravel\\puspa-api\\vendor\\laravel\\framework\\src\\Illuminate\\Container\\Util.php(41): Illuminate\\Container\\BoundMethod::Illuminate\\Container\\{closure}()
#7 D:\\Development\\Laravel\\puspa-api\\vendor\\laravel\\framework\\src\\Illuminate\\Container\\BoundMethod.php(81): Illuminate\\Container\\Util::unwrapIfClosure(Object(Closure))
#8 D:\\Development\\Laravel\\puspa-api\\vendor\\laravel\\framework\\src\\Illuminate\\Container\\BoundMethod.php(35): Illuminate\\Container\\BoundMethod::callBoundMethod(Object(Illuminate\\Foundation\\Application), Object(Closure), Object(Closure))
#9 D:\\Development\\Laravel\\puspa-api\\vendor\\laravel\\framework\\src\\Illuminate\\Container\\Container.php(662): Illuminate\\Container\\BoundMethod::call(Object(Illuminate\\Foundation\\Application), Object(Closure), Array, NULL)
#10 D:\\Development\\Laravel\\puspa-api\\vendor\\laravel\\framework\\src\\Illuminate\\Foundation\\Support\\Providers\\RouteServiceProvider.php(120): Illuminate\\Container\\Container->call(Object(Closure))
#11 D:\\Development\\Laravel\\puspa-api\\vendor\\laravel\\framework\\src\\Illuminate\\Foundation\\Support\\Providers\\RouteServiceProvider.php(45): Illuminate\\Foundation\\Support\\Providers\\RouteServiceProvider->loadRoutes()
#12 D:\\Development\\Laravel\\puspa-api\\vendor\\laravel\\framework\\src\\Illuminate\\Container\\BoundMethod.php(36): Illuminate\\Foundation\\Support\\Providers\\RouteServiceProvider->Illuminate\\Foundation\\Support\\Providers\\{closure}()
#13 D:\\Development\\Laravel\\puspa-api\\vendor\\laravel\\framework\\src\\Illuminate\\Container\\Util.php(41): Illuminate\\Container\\BoundMethod::Illuminate\\Container\\{closure}()
#14 D:\\Development\\Laravel\\puspa-api\\vendor\\laravel\\framework\\src\\Illuminate\\Container\\BoundMethod.php(81): Illuminate\\Container\\Util::unwrapIfClosure(Object(Closure))
#15 D:\\Development\\Laravel\\puspa-api\\vendor\\laravel\\framework\\src\\Illuminate\\Container\\BoundMethod.php(35): Illuminate\\Container\\BoundMethod::callBoundMethod(Object(Illuminate\\Foundation\\Application), Object(Closure), Object(Closure))
#16 D:\\Development\\Laravel\\puspa-api\\vendor\\laravel\\framework\\src\\Illuminate\\Container\\Container.php(662): Illuminate\\Container\\BoundMethod::call(Object(Illuminate\\Foundation\\Application), Object(Closure), Array, NULL)
#17 D:\\Development\\Laravel\\puspa-api\\vendor\\laravel\\framework\\src\\Illuminate\\Support\\ServiceProvider.php(119): Illuminate\\Container\\Container->call(Object(Closure))
#18 D:\\Development\\Laravel\\puspa-api\\vendor\\laravel\\framework\\src\\Illuminate\\Foundation\\Application.php(1062): Illuminate\\Support\\ServiceProvider->callBootedCallbacks()
#19 D:\\Development\\Laravel\\puspa-api\\vendor\\laravel\\framework\\src\\Illuminate\\Foundation\\Application.php(1040): Illuminate\\Foundation\\Application->bootProvider(Object(App\\Providers\\RouteServiceProvider))
#20 [internal function]: Illuminate\\Foundation\\Application->Illuminate\\Foundation\\{closure}(Object(App\\Providers\\RouteServiceProvider), 26)
#21 D:\\Development\\Laravel\\puspa-api\\vendor\\laravel\\framework\\src\\Illuminate\\Foundation\\Application.php(1039): array_walk(Array, Object(Closure))
#22 D:\\Development\\Laravel\\puspa-api\\vendor\\laravel\\framework\\src\\Illuminate\\Foundation\\Bootstrap\\BootProviders.php(17): Illuminate\\Foundation\\Application->boot()
#23 D:\\Development\\Laravel\\puspa-api\\vendor\\laravel\\framework\\src\\Illuminate\\Foundation\\Application.php(286): Illuminate\\Foundation\\Bootstrap\\BootProviders->bootstrap(Object(Illuminate\\Foundation\\Application))
#24 D:\\Development\\Laravel\\puspa-api\\vendor\\laravel\\framework\\src\\Illuminate\\Foundation\\Console\\Kernel.php(447): Illuminate\\Foundation\\Application->bootstrapWith(Array)
#25 D:\\Development\\Laravel\\puspa-api\\vendor\\laravel\\framework\\src\\Illuminate\\Foundation\\Console\\Kernel.php(199): Illuminate\\Foundation\\Console\\Kernel->bootstrap()
#26 Command line code(1): Illuminate\\Foundation\\Console\\Kernel->handle(Object(Symfony\\Component\\Console\\Input\\ArgvInput), Object(Symfony\\Component\\Console\\Output\\ConsoleOutput))
#27 {main}
"} 
[2026-02-28 10:45:24] local.ERROR: Class "Observation" not found {"exception":"[object] (Error(code: 0): Class \"Observation\" not found at D:\\Development\\Laravel\\puspa-api\\routes\\api.php:305)
[stacktrace]
#0 D:\\Development\\Laravel\\puspa-api\\vendor\\laravel\\framework\\src\\Illuminate\\Routing\\RouteFileRegistrar.php(35): require()
#1 D:\\Development\\Laravel\\puspa-api\\vendor\\laravel\\framework\\src\\Illuminate\\Routing\\Router.php(511): Illuminate\\Routing\\RouteFileRegistrar->register('D:\\\\Development\\\\...')
#2 D:\\Development\\Laravel\\puspa-api\\vendor\\laravel\\framework\\src\\Illuminate\\Routing\\Router.php(465): Illuminate\\Routing\\Router->loadRoutes('D:\\\\Development\\\\...')
#3 D:\\Development\\Laravel\\puspa-api\\vendor\\laravel\\framework\\src\\Illuminate\\Routing\\RouteRegistrar.php(194): Illuminate\\Routing\\Router->group(Array, 'D:\\\\Development\\\\...')
#4 D:\\Development\\Laravel\\puspa-api\\app\\Providers\\RouteServiceProvider.php(32): Illuminate\\Routing\\RouteRegistrar->group('D:\\\\Development\\\\...')
#5 D:\\Development\\Laravel\\puspa-api\\vendor\\laravel\\framework\\src\\Illuminate\\Container\\BoundMethod.php(36): App\\Providers\\RouteServiceProvider->App\\Providers\\{closure}()
#6 D:\\Development\\Laravel\\puspa-api\\vendor\\laravel\\framework\\src\\Illuminate\\Container\\Util.php(41): Illuminate\\Container\\BoundMethod::Illuminate\\Container\\{closure}()
#7 D:\\Development\\Laravel\\puspa-api\\vendor\\laravel\\framework\\src\\Illuminate\\Container\\BoundMethod.php(81): Illuminate\\Container\\Util::unwrapIfClosure(Object(Closure))
#8 D:\\Development\\Laravel\\puspa-api\\vendor\\laravel\\framework\\src\\Illuminate\\Container\\BoundMethod.php(35): Illuminate\\Container\\BoundMethod::callBoundMethod(Object(Illuminate\\Foundation\\Application), Object(Closure), Object(Closure))
#9 D:\\Development\\Laravel\\puspa-api\\vendor\\laravel\\framework\\src\\Illuminate\\Container\\Container.php(662): Illuminate\\Container\\BoundMethod::call(Object(Illuminate\\Foundation\\Application), Object(Closure), Array, NULL)
#10 D:\\Development\\Laravel\\puspa-api\\vendor\\laravel\\framework\\src\\Illuminate\\Foundation\\Support\\Providers\\RouteServiceProvider.php(120): Illuminate\\Container\\Container->call(Object(Closure))
#11 D:\\Development\\Laravel\\puspa-api\\vendor\\laravel\\framework\\src\\Illuminate\\Foundation\\Support\\Providers\\RouteServiceProvider.php(45): Illuminate\\Foundation\\Support\\Providers\\RouteServiceProvider->loadRoutes()
#12 D:\\Development\\Laravel\\puspa-api\\vendor\\laravel\\framework\\src\\Illuminate\\Container\\BoundMethod.php(36): Illuminate\\Foundation\\Support\\Providers\\RouteServiceProvider->Illuminate\\Foundation\\Support\\Providers\\{closure}()
#13 D:\\Development\\Laravel\\puspa-api\\vendor\\laravel\\framework\\src\\Illuminate\\Container\\Util.php(41): Illuminate\\Container\\BoundMethod::Illuminate\\Container\\{closure}()
#14 D:\\Development\\Laravel\\puspa-api\\vendor\\laravel\\framework\\src\\Illuminate\\Container\\BoundMethod.php(81): Illuminate\\Container\\Util::unwrapIfClosure(Object(Closure))
#15 D:\\Development\\Laravel\\puspa-api\\vendor\\laravel\\framework\\src\\Illuminate\\Container\\BoundMethod.php(35): Illuminate\\Container\\BoundMethod::callBoundMethod(Object(Illuminate\\Foundation\\Application), Object(Closure), Object(Closure))
#16 D:\\Development\\Laravel\\puspa-api\\vendor\\laravel\\framework\\src\\Illuminate\\Container\\Container.php(662): Illuminate\\Container\\BoundMethod::call(Object(Illuminate\\Foundation\\Application), Object(Closure), Array, NULL)
#17 D:\\Development\\Laravel\\puspa-api\\vendor\\laravel\\framework\\src\\Illuminate\\Support\\ServiceProvider.php(119): Illuminate\\Container\\Container->call(Object(Closure))
#18 D:\\Development\\Laravel\\puspa-api\\vendor\\laravel\\framework\\src\\Illuminate\\Foundation\\Application.php(1062): Illuminate\\Support\\ServiceProvider->callBootedCallbacks()
#19 D:\\Development\\Laravel\\puspa-api\\vendor\\laravel\\framework\\src\\Illuminate\\Foundation\\Application.php(1040): Illuminate\\Foundation\\Application->bootProvider(Object(App\\Providers\\RouteServiceProvider))
#20 [internal function]: Illuminate\\Foundation\\Application->Illuminate\\Foundation\\{closure}(Object(App\\Providers\\RouteServiceProvider), 26)
#21 D:\\Development\\Laravel\\puspa-api\\vendor\\laravel\\framework\\src\\Illuminate\\Foundation\\Application.php(1039): array_walk(Array, Object(Closure))
#22 D:\\Development\\Laravel\\puspa-api\\vendor\\laravel\\framework\\src\\Illuminate\\Foundation\\Bootstrap\\BootProviders.php(17): Illuminate\\Foundation\\Application->boot()
#23 D:\\Development\\Laravel\\puspa-api\\vendor\\laravel\\framework\\src\\Illuminate\\Foundation\\Application.php(286): Illuminate\\Foundation\\Bootstrap\\BootProviders->bootstrap(Object(Illuminate\\Foundation\\Application))
#24 D:\\Development\\Laravel\\puspa-api\\vendor\\laravel\\framework\\src\\Illuminate\\Foundation\\Console\\Kernel.php(447): Illuminate\\Foundation\\Application->bootstrapWith(Array)
#25 D:\\Development\\Laravel\\puspa-api\\vendor\\laravel\\framework\\src\\Illuminate\\Foundation\\Console\\Kernel.php(199): Illuminate\\Foundation\\Console\\Kernel->bootstrap()
#26 Command line code(1): Illuminate\\Foundation\\Console\\Kernel->handle(Object(Symfony\\Component\\Console\\Input\\ArgvInput), Object(Symfony\\Component\\Console\\Output\\ConsoleOutput))
#27 {main}
"} 
[2026-02-28 10:45:45] local.ERROR: Class "Observation" not found {"exception":"[object] (Error(code: 0): Class \"Observation\" not found at D:\\Development\\Laravel\\puspa-api\\routes\\api.php:305)
[stacktrace]
#0 D:\\Development\\Laravel\\puspa-api\\vendor\\laravel\\framework\\src\\Illuminate\\Routing\\RouteFileRegistrar.php(35): require()
#1 D:\\Development\\Laravel\\puspa-api\\vendor\\laravel\\framework\\src\\Illuminate\\Routing\\Router.php(511): Illuminate\\Routing\\RouteFileRegistrar->register('D:\\\\Development\\\\...')
#2 D:\\Development\\Laravel\\puspa-api\\vendor\\laravel\\framework\\src\\Illuminate\\Routing\\Router.php(465): Illuminate\\Routing\\Router->loadRoutes('D:\\\\Development\\\\...')
#3 D:\\Development\\Laravel\\puspa-api\\vendor\\laravel\\framework\\src\\Illuminate\\Routing\\RouteRegistrar.php(194): Illuminate\\Routing\\Router->group(Array, 'D:\\\\Development\\\\...')
#4 D:\\Development\\Laravel\\puspa-api\\app\\Providers\\RouteServiceProvider.php(32): Illuminate\\Routing\\RouteRegistrar->group('D:\\\\Development\\\\...')
#5 D:\\Development\\Laravel\\puspa-api\\vendor\\laravel\\framework\\src\\Illuminate\\Container\\BoundMethod.php(36): App\\Providers\\RouteServiceProvider->App\\Providers\\{closure}()
#6 D:\\Development\\Laravel\\puspa-api\\vendor\\laravel\\framework\\src\\Illuminate\\Container\\Util.php(41): Illuminate\\Container\\BoundMethod::Illuminate\\Container\\{closure}()
#7 D:\\Development\\Laravel\\puspa-api\\vendor\\laravel\\framework\\src\\Illuminate\\Container\\BoundMethod.php(81): Illuminate\\Container\\Util::unwrapIfClosure(Object(Closure))
#8 D:\\Development\\Laravel\\puspa-api\\vendor\\laravel\\framework\\src\\Illuminate\\Container\\BoundMethod.php(35): Illuminate\\Container\\BoundMethod::callBoundMethod(Object(Illuminate\\Foundation\\Application), Object(Closure), Object(Closure))
#9 D:\\Development\\Laravel\\puspa-api\\vendor\\laravel\\framework\\src\\Illuminate\\Container\\Container.php(662): Illuminate\\Container\\BoundMethod::call(Object(Illuminate\\Foundation\\Application), Object(Closure), Array, NULL)
#10 D:\\Development\\Laravel\\puspa-api\\vendor\\laravel\\framework\\src\\Illuminate\\Foundation\\Support\\Providers\\RouteServiceProvider.php(120): Illuminate\\Container\\Container->call(Object(Closure))
#11 D:\\Development\\Laravel\\puspa-api\\vendor\\laravel\\framework\\src\\Illuminate\\Foundation\\Support\\Providers\\RouteServiceProvider.php(45): Illuminate\\Foundation\\Support\\Providers\\RouteServiceProvider->loadRoutes()
#12 D:\\Development\\Laravel\\puspa-api\\vendor\\laravel\\framework\\src\\Illuminate\\Container\\BoundMethod.php(36): Illuminate\\Foundation\\Support\\Providers\\RouteServiceProvider->Illuminate\\Foundation\\Support\\Providers\\{closure}()
#13 D:\\Development\\Laravel\\puspa-api\\vendor\\laravel\\framework\\src\\Illuminate\\Container\\Util.php(41): Illuminate\\Container\\BoundMethod::Illuminate\\Container\\{closure}()
#14 D:\\Development\\Laravel\\puspa-api\\vendor\\laravel\\framework\\src\\Illuminate\\Container\\BoundMethod.php(81): Illuminate\\Container\\Util::unwrapIfClosure(Object(Closure))
#15 D:\\Development\\Laravel\\puspa-api\\vendor\\laravel\\framework\\src\\Illuminate\\Container\\BoundMethod.php(35): Illuminate\\Container\\BoundMethod::callBoundMethod(Object(Illuminate\\Foundation\\Application), Object(Closure), Object(Closure))
#16 D:\\Development\\Laravel\\puspa-api\\vendor\\laravel\\framework\\src\\Illuminate\\Container\\Container.php(662): Illuminate\\Container\\BoundMethod::call(Object(Illuminate\\Foundation\\Application), Object(Closure), Array, NULL)
#17 D:\\Development\\Laravel\\puspa-api\\vendor\\laravel\\framework\\src\\Illuminate\\Support\\ServiceProvider.php(119): Illuminate\\Container\\Container->call(Object(Closure))
#18 D:\\Development\\Laravel\\puspa-api\\vendor\\laravel\\framework\\src\\Illuminate\\Foundation\\Application.php(1062): Illuminate\\Support\\ServiceProvider->callBootedCallbacks()
#19 D:\\Development\\Laravel\\puspa-api\\vendor\\laravel\\framework\\src\\Illuminate\\Foundation\\Application.php(1040): Illuminate\\Foundation\\Application->bootProvider(Object(App\\Providers\\RouteServiceProvider))
#20 [internal function]: Illuminate\\Foundation\\Application->Illuminate\\Foundation\\{closure}(Object(App\\Providers\\RouteServiceProvider), 26)
#21 D:\\Development\\Laravel\\puspa-api\\vendor\\laravel\\framework\\src\\Illuminate\\Foundation\\Application.php(1039): array_walk(Array, Object(Closure))
#22 D:\\Development\\Laravel\\puspa-api\\vendor\\laravel\\framework\\src\\Illuminate\\Foundation\\Bootstrap\\BootProviders.php(17): Illuminate\\Foundation\\Application->boot()
#23 D:\\Development\\Laravel\\puspa-api\\vendor\\laravel\\framework\\src\\Illuminate\\Foundation\\Application.php(286): Illuminate\\Foundation\\Bootstrap\\BootProviders->bootstrap(Object(Illuminate\\Foundation\\Application))
#24 D:\\Development\\Laravel\\puspa-api\\vendor\\laravel\\framework\\src\\Illuminate\\Foundation\\Console\\Kernel.php(447): Illuminate\\Foundation\\Application->bootstrapWith(Array)
#25 D:\\Development\\Laravel\\puspa-api\\vendor\\laravel\\framework\\src\\Illuminate\\Foundation\\Console\\Kernel.php(199): Illuminate\\Foundation\\Console\\Kernel->bootstrap()
#26 Command line code(1): Illuminate\\Foundation\\Console\\Kernel->handle(Object(Symfony\\Component\\Console\\Input\\ArgvInput), Object(Symfony\\Component\\Console\\Output\\ConsoleOutput))
#27 {main}
"} 
[2026-02-28 10:45:45] local.ERROR: Class "Observation" not found {"exception":"[object] (Error(code: 0): Class \"Observation\" not found at D:\\Development\\Laravel\\puspa-api\\routes\\api.php:305)
[stacktrace]
#0 D:\\Development\\Laravel\\puspa-api\\vendor\\laravel\\framework\\src\\Illuminate\\Routing\\RouteFileRegistrar.php(35): require()
#1 D:\\Development\\Laravel\\puspa-api\\vendor\\laravel\\framework\\src\\Illuminate\\Routing\\Router.php(511): Illuminate\\Routing\\RouteFileRegistrar->register('D:\\\\Development\\\\...')
#2 D:\\Development\\Laravel\\puspa-api\\vendor\\laravel\\framework\\src\\Illuminate\\Routing\\Router.php(465): Illuminate\\Routing\\Router->loadRoutes('D:\\\\Development\\\\...')
#3 D:\\Development\\Laravel\\puspa-api\\vendor\\laravel\\framework\\src\\Illuminate\\Routing\\RouteRegistrar.php(194): Illuminate\\Routing\\Router->group(Array, 'D:\\\\Development\\\\...')
#4 D:\\Development\\Laravel\\puspa-api\\app\\Providers\\RouteServiceProvider.php(32): Illuminate\\Routing\\RouteRegistrar->group('D:\\\\Development\\\\...')
#5 D:\\Development\\Laravel\\puspa-api\\vendor\\laravel\\framework\\src\\Illuminate\\Container\\BoundMethod.php(36): App\\Providers\\RouteServiceProvider->App\\Providers\\{closure}()
#6 D:\\Development\\Laravel\\puspa-api\\vendor\\laravel\\framework\\src\\Illuminate\\Container\\Util.php(41): Illuminate\\Container\\BoundMethod::Illuminate\\Container\\{closure}()
#7 D:\\Development\\Laravel\\puspa-api\\vendor\\laravel\\framework\\src\\Illuminate\\Container\\BoundMethod.php(81): Illuminate\\Container\\Util::unwrapIfClosure(Object(Closure))
#8 D:\\Development\\Laravel\\puspa-api\\vendor\\laravel\\framework\\src\\Illuminate\\Container\\BoundMethod.php(35): Illuminate\\Container\\BoundMethod::callBoundMethod(Object(Illuminate\\Foundation\\Application), Object(Closure), Object(Closure))
#9 D:\\Development\\Laravel\\puspa-api\\vendor\\laravel\\framework\\src\\Illuminate\\Container\\Container.php(662): Illuminate\\Container\\BoundMethod::call(Object(Illuminate\\Foundation\\Application), Object(Closure), Array, NULL)
#10 D:\\Development\\Laravel\\puspa-api\\vendor\\laravel\\framework\\src\\Illuminate\\Foundation\\Support\\Providers\\RouteServiceProvider.php(120): Illuminate\\Container\\Container->call(Object(Closure))
#11 D:\\Development\\Laravel\\puspa-api\\vendor\\laravel\\framework\\src\\Illuminate\\Foundation\\Support\\Providers\\RouteServiceProvider.php(45): Illuminate\\Foundation\\Support\\Providers\\RouteServiceProvider->loadRoutes()
#12 D:\\Development\\Laravel\\puspa-api\\vendor\\laravel\\framework\\src\\Illuminate\\Container\\BoundMethod.php(36): Illuminate\\Foundation\\Support\\Providers\\RouteServiceProvider->Illuminate\\Foundation\\Support\\Providers\\{closure}()
#13 D:\\Development\\Laravel\\puspa-api\\vendor\\laravel\\framework\\src\\Illuminate\\Container\\Util.php(41): Illuminate\\Container\\BoundMethod::Illuminate\\Container\\{closure}()
#14 D:\\Development\\Laravel\\puspa-api\\vendor\\laravel\\framework\\src\\Illuminate\\Container\\BoundMethod.php(81): Illuminate\\Container\\Util::unwrapIfClosure(Object(Closure))
#15 D:\\Development\\Laravel\\puspa-api\\vendor\\laravel\\framework\\src\\Illuminate\\Container\\BoundMethod.php(35): Illuminate\\Container\\BoundMethod::callBoundMethod(Object(Illuminate\\Foundation\\Application), Object(Closure), Object(Closure))
#16 D:\\Development\\Laravel\\puspa-api\\vendor\\laravel\\framework\\src\\Illuminate\\Container\\Container.php(662): Illuminate\\Container\\BoundMethod::call(Object(Illuminate\\Foundation\\Application), Object(Closure), Array, NULL)
#17 D:\\Development\\Laravel\\puspa-api\\vendor\\laravel\\framework\\src\\Illuminate\\Support\\ServiceProvider.php(119): Illuminate\\Container\\Container->call(Object(Closure))
#18 D:\\Development\\Laravel\\puspa-api\\vendor\\laravel\\framework\\src\\Illuminate\\Foundation\\Application.php(1062): Illuminate\\Support\\ServiceProvider->callBootedCallbacks()
#19 D:\\Development\\Laravel\\puspa-api\\vendor\\laravel\\framework\\src\\Illuminate\\Foundation\\Application.php(1040): Illuminate\\Foundation\\Application->bootProvider(Object(App\\Providers\\RouteServiceProvider))
#20 [internal function]: Illuminate\\Foundation\\Application->Illuminate\\Foundation\\{closure}(Object(App\\Providers\\RouteServiceProvider), 26)
#21 D:\\Development\\Laravel\\puspa-api\\vendor\\laravel\\framework\\src\\Illuminate\\Foundation\\Application.php(1039): array_walk(Array, Object(Closure))
#22 D:\\Development\\Laravel\\puspa-api\\vendor\\laravel\\framework\\src\\Illuminate\\Foundation\\Bootstrap\\BootProviders.php(17): Illuminate\\Foundation\\Application->boot()
#23 D:\\Development\\Laravel\\puspa-api\\vendor\\laravel\\framework\\src\\Illuminate\\Foundation\\Application.php(286): Illuminate\\Foundation\\Bootstrap\\BootProviders->bootstrap(Object(Illuminate\\Foundation\\Application))
#24 D:\\Development\\Laravel\\puspa-api\\vendor\\laravel\\framework\\src\\Illuminate\\Foundation\\Console\\Kernel.php(447): Illuminate\\Foundation\\Application->bootstrapWith(Array)
#25 D:\\Development\\Laravel\\puspa-api\\vendor\\laravel\\framework\\src\\Illuminate\\Foundation\\Console\\Kernel.php(199): Illuminate\\Foundation\\Console\\Kernel->bootstrap()
#26 Command line code(1): Illuminate\\Foundation\\Console\\Kernel->handle(Object(Symfony\\Component\\Console\\Input\\ArgvInput), Object(Symfony\\Component\\Console\\Output\\ConsoleOutput))
#27 {main}
"} 
[2026-02-28 10:46:45] local.ERROR: Class "Observation" not found {"exception":"[object] (Error(code: 0): Class \"Observation\" not found at D:\\Development\\Laravel\\puspa-api\\routes\\api.php:305)
[stacktrace]
#0 D:\\Development\\Laravel\\puspa-api\\vendor\\laravel\\framework\\src\\Illuminate\\Routing\\RouteFileRegistrar.php(35): require()
#1 D:\\Development\\Laravel\\puspa-api\\vendor\\laravel\\framework\\src\\Illuminate\\Routing\\Router.php(511): Illuminate\\Routing\\RouteFileRegistrar->register('D:\\\\Development\\\\...')
#2 D:\\Development\\Laravel\\puspa-api\\vendor\\laravel\\framework\\src\\Illuminate\\Routing\\Router.php(465): Illuminate\\Routing\\Router->loadRoutes('D:\\\\Development\\\\...')
#3 D:\\Development\\Laravel\\puspa-api\\vendor\\laravel\\framework\\src\\Illuminate\\Routing\\RouteRegistrar.php(194): Illuminate\\Routing\\Router->group(Array, 'D:\\\\Development\\\\...')
#4 D:\\Development\\Laravel\\puspa-api\\app\\Providers\\RouteServiceProvider.php(32): Illuminate\\Routing\\RouteRegistrar->group('D:\\\\Development\\\\...')
#5 D:\\Development\\Laravel\\puspa-api\\vendor\\laravel\\framework\\src\\Illuminate\\Container\\BoundMethod.php(36): App\\Providers\\RouteServiceProvider->App\\Providers\\{closure}()
#6 D:\\Development\\Laravel\\puspa-api\\vendor\\laravel\\framework\\src\\Illuminate\\Container\\Util.php(41): Illuminate\\Container\\BoundMethod::Illuminate\\Container\\{closure}()
#7 D:\\Development\\Laravel\\puspa-api\\vendor\\laravel\\framework\\src\\Illuminate\\Container\\BoundMethod.php(81): Illuminate\\Container\\Util::unwrapIfClosure(Object(Closure))
#8 D:\\Development\\Laravel\\puspa-api\\vendor\\laravel\\framework\\src\\Illuminate\\Container\\BoundMethod.php(35): Illuminate\\Container\\BoundMethod::callBoundMethod(Object(Illuminate\\Foundation\\Application), Object(Closure), Object(Closure))
#9 D:\\Development\\Laravel\\puspa-api\\vendor\\laravel\\framework\\src\\Illuminate\\Container\\Container.php(662): Illuminate\\Container\\BoundMethod::call(Object(Illuminate\\Foundation\\Application), Object(Closure), Array, NULL)
#10 D:\\Development\\Laravel\\puspa-api\\vendor\\laravel\\framework\\src\\Illuminate\\Foundation\\Support\\Providers\\RouteServiceProvider.php(120): Illuminate\\Container\\Container->call(Object(Closure))
#11 D:\\Development\\Laravel\\puspa-api\\vendor\\laravel\\framework\\src\\Illuminate\\Foundation\\Support\\Providers\\RouteServiceProvider.php(45): Illuminate\\Foundation\\Support\\Providers\\RouteServiceProvider->loadRoutes()
#12 D:\\Development\\Laravel\\puspa-api\\vendor\\laravel\\framework\\src\\Illuminate\\Container\\BoundMethod.php(36): Illuminate\\Foundation\\Support\\Providers\\RouteServiceProvider->Illuminate\\Foundation\\Support\\Providers\\{closure}()
#13 D:\\Development\\Laravel\\puspa-api\\vendor\\laravel\\framework\\src\\Illuminate\\Container\\Util.php(41): Illuminate\\Container\\BoundMethod::Illuminate\\Container\\{closure}()
#14 D:\\Development\\Laravel\\puspa-api\\vendor\\laravel\\framework\\src\\Illuminate\\Container\\BoundMethod.php(81): Illuminate\\Container\\Util::unwrapIfClosure(Object(Closure))
#15 D:\\Development\\Laravel\\puspa-api\\vendor\\laravel\\framework\\src\\Illuminate\\Container\\BoundMethod.php(35): Illuminate\\Container\\BoundMethod::callBoundMethod(Object(Illuminate\\Foundation\\Application), Object(Closure), Object(Closure))
#16 D:\\Development\\Laravel\\puspa-api\\vendor\\laravel\\framework\\src\\Illuminate\\Container\\Container.php(662): Illuminate\\Container\\BoundMethod::call(Object(Illuminate\\Foundation\\Application), Object(Closure), Array, NULL)
#17 D:\\Development\\Laravel\\puspa-api\\vendor\\laravel\\framework\\src\\Illuminate\\Support\\ServiceProvider.php(119): Illuminate\\Container\\Container->call(Object(Closure))
#18 D:\\Development\\Laravel\\puspa-api\\vendor\\laravel\\framework\\src\\Illuminate\\Foundation\\Application.php(1062): Illuminate\\Support\\ServiceProvider->callBootedCallbacks()
#19 D:\\Development\\Laravel\\puspa-api\\vendor\\laravel\\framework\\src\\Illuminate\\Foundation\\Application.php(1040): Illuminate\\Foundation\\Application->bootProvider(Object(App\\Providers\\RouteServiceProvider))
#20 [internal function]: Illuminate\\Foundation\\Application->Illuminate\\Foundation\\{closure}(Object(App\\Providers\\RouteServiceProvider), 26)
#21 D:\\Development\\Laravel\\puspa-api\\vendor\\laravel\\framework\\src\\Illuminate\\Foundation\\Application.php(1039): array_walk(Array, Object(Closure))
#22 D:\\Development\\Laravel\\puspa-api\\vendor\\laravel\\framework\\src\\Illuminate\\Foundation\\Bootstrap\\BootProviders.php(17): Illuminate\\Foundation\\Application->boot()
#23 D:\\Development\\Laravel\\puspa-api\\vendor\\laravel\\framework\\src\\Illuminate\\Foundation\\Application.php(286): Illuminate\\Foundation\\Bootstrap\\BootProviders->bootstrap(Object(Illuminate\\Foundation\\Application))
#24 D:\\Development\\Laravel\\puspa-api\\vendor\\laravel\\framework\\src\\Illuminate\\Foundation\\Console\\Kernel.php(447): Illuminate\\Foundation\\Application->bootstrapWith(Array)
#25 D:\\Development\\Laravel\\puspa-api\\vendor\\laravel\\framework\\src\\Illuminate\\Foundation\\Console\\Kernel.php(199): Illuminate\\Foundation\\Console\\Kernel->bootstrap()
#26 Command line code(1): Illuminate\\Foundation\\Console\\Kernel->handle(Object(Symfony\\Component\\Console\\Input\\ArgvInput), Object(Symfony\\Component\\Console\\Output\\ConsoleOutput))
#27 {main}
"} 
[2026-02-28 10:46:45] local.ERROR: Class "Observation" not found {"exception":"[object] (Error(code: 0): Class \"Observation\" not found at D:\\Development\\Laravel\\puspa-api\\routes\\api.php:305)
[stacktrace]
#0 D:\\Development\\Laravel\\puspa-api\\vendor\\laravel\\framework\\src\\Illuminate\\Routing\\RouteFileRegistrar.php(35): require()
#1 D:\\Development\\Laravel\\puspa-api\\vendor\\laravel\\framework\\src\\Illuminate\\Routing\\Router.php(511): Illuminate\\Routing\\RouteFileRegistrar->register('D:\\\\Development\\\\...')
#2 D:\\Development\\Laravel\\puspa-api\\vendor\\laravel\\framework\\src\\Illuminate\\Routing\\Router.php(465): Illuminate\\Routing\\Router->loadRoutes('D:\\\\Development\\\\...')
#3 D:\\Development\\Laravel\\puspa-api\\vendor\\laravel\\framework\\src\\Illuminate\\Routing\\RouteRegistrar.php(194): Illuminate\\Routing\\Router->group(Array, 'D:\\\\Development\\\\...')
#4 D:\\Development\\Laravel\\puspa-api\\app\\Providers\\RouteServiceProvider.php(32): Illuminate\\Routing\\RouteRegistrar->group('D:\\\\Development\\\\...')
#5 D:\\Development\\Laravel\\puspa-api\\vendor\\laravel\\framework\\src\\Illuminate\\Container\\BoundMethod.php(36): App\\Providers\\RouteServiceProvider->App\\Providers\\{closure}()
#6 D:\\Development\\Laravel\\puspa-api\\vendor\\laravel\\framework\\src\\Illuminate\\Container\\Util.php(41): Illuminate\\Container\\BoundMethod::Illuminate\\Container\\{closure}()
#7 D:\\Development\\Laravel\\puspa-api\\vendor\\laravel\\framework\\src\\Illuminate\\Container\\BoundMethod.php(81): Illuminate\\Container\\Util::unwrapIfClosure(Object(Closure))
#8 D:\\Development\\Laravel\\puspa-api\\vendor\\laravel\\framework\\src\\Illuminate\\Container\\BoundMethod.php(35): Illuminate\\Container\\BoundMethod::callBoundMethod(Object(Illuminate\\Foundation\\Application), Object(Closure), Object(Closure))
#9 D:\\Development\\Laravel\\puspa-api\\vendor\\laravel\\framework\\src\\Illuminate\\Container\\Container.php(662): Illuminate\\Container\\BoundMethod::call(Object(Illuminate\\Foundation\\Application), Object(Closure), Array, NULL)
#10 D:\\Development\\Laravel\\puspa-api\\vendor\\laravel\\framework\\src\\Illuminate\\Foundation\\Support\\Providers\\RouteServiceProvider.php(120): Illuminate\\Container\\Container->call(Object(Closure))
#11 D:\\Development\\Laravel\\puspa-api\\vendor\\laravel\\framework\\src\\Illuminate\\Foundation\\Support\\Providers\\RouteServiceProvider.php(45): Illuminate\\Foundation\\Support\\Providers\\RouteServiceProvider->loadRoutes()
#12 D:\\Development\\Laravel\\puspa-api\\vendor\\laravel\\framework\\src\\Illuminate\\Container\\BoundMethod.php(36): Illuminate\\Foundation\\Support\\Providers\\RouteServiceProvider->Illuminate\\Foundation\\Support\\Providers\\{closure}()
#13 D:\\Development\\Laravel\\puspa-api\\vendor\\laravel\\framework\\src\\Illuminate\\Container\\Util.php(41): Illuminate\\Container\\BoundMethod::Illuminate\\Container\\{closure}()
#14 D:\\Development\\Laravel\\puspa-api\\vendor\\laravel\\framework\\src\\Illuminate\\Container\\BoundMethod.php(81): Illuminate\\Container\\Util::unwrapIfClosure(Object(Closure))
#15 D:\\Development\\Laravel\\puspa-api\\vendor\\laravel\\framework\\src\\Illuminate\\Container\\BoundMethod.php(35): Illuminate\\Container\\BoundMethod::callBoundMethod(Object(Illuminate\\Foundation\\Application), Object(Closure), Object(Closure))
#16 D:\\Development\\Laravel\\puspa-api\\vendor\\laravel\\framework\\src\\Illuminate\\Container\\Container.php(662): Illuminate\\Container\\BoundMethod::call(Object(Illuminate\\Foundation\\Application), Object(Closure), Array, NULL)
#17 D:\\Development\\Laravel\\puspa-api\\vendor\\laravel\\framework\\src\\Illuminate\\Support\\ServiceProvider.php(119): Illuminate\\Container\\Container->call(Object(Closure))
#18 D:\\Development\\Laravel\\puspa-api\\vendor\\laravel\\framework\\src\\Illuminate\\Foundation\\Application.php(1062): Illuminate\\Support\\ServiceProvider->callBootedCallbacks()
#19 D:\\Development\\Laravel\\puspa-api\\vendor\\laravel\\framework\\src\\Illuminate\\Foundation\\Application.php(1040): Illuminate\\Foundation\\Application->bootProvider(Object(App\\Providers\\RouteServiceProvider))
#20 [internal function]: Illuminate\\Foundation\\Application->Illuminate\\Foundation\\{closure}(Object(App\\Providers\\RouteServiceProvider), 26)
#21 D:\\Development\\Laravel\\puspa-api\\vendor\\laravel\\framework\\src\\Illuminate\\Foundation\\Application.php(1039): array_walk(Array, Object(Closure))
#22 D:\\Development\\Laravel\\puspa-api\\vendor\\laravel\\framework\\src\\Illuminate\\Foundation\\Bootstrap\\BootProviders.php(17): Illuminate\\Foundation\\Application->boot()
#23 D:\\Development\\Laravel\\puspa-api\\vendor\\laravel\\framework\\src\\Illuminate\\Foundation\\Application.php(286): Illuminate\\Foundation\\Bootstrap\\BootProviders->bootstrap(Object(Illuminate\\Foundation\\Application))
#24 D:\\Development\\Laravel\\puspa-api\\vendor\\laravel\\framework\\src\\Illuminate\\Foundation\\Console\\Kernel.php(447): Illuminate\\Foundation\\Application->bootstrapWith(Array)
#25 D:\\Development\\Laravel\\puspa-api\\vendor\\laravel\\framework\\src\\Illuminate\\Foundation\\Console\\Kernel.php(199): Illuminate\\Foundation\\Console\\Kernel->bootstrap()
#26 Command line code(1): Illuminate\\Foundation\\Console\\Kernel->handle(Object(Symfony\\Component\\Console\\Input\\ArgvInput), Object(Symfony\\Component\\Console\\Output\\ConsoleOutput))
#27 {main}
"} 
[2026-02-28 10:47:03] local.ERROR: Class "AssessmentAnswer" not found {"exception":"[object] (Error(code: 0): Class \"AssessmentAnswer\" not found at D:\\Development\\Laravel\\puspa-api\\routes\\api.php:305)
[stacktrace]
#0 D:\\Development\\Laravel\\puspa-api\\vendor\\laravel\\framework\\src\\Illuminate\\Routing\\RouteFileRegistrar.php(35): require()
#1 D:\\Development\\Laravel\\puspa-api\\vendor\\laravel\\framework\\src\\Illuminate\\Routing\\Router.php(511): Illuminate\\Routing\\RouteFileRegistrar->register('D:\\\\Development\\\\...')
#2 D:\\Development\\Laravel\\puspa-api\\vendor\\laravel\\framework\\src\\Illuminate\\Routing\\Router.php(465): Illuminate\\Routing\\Router->loadRoutes('D:\\\\Development\\\\...')
#3 D:\\Development\\Laravel\\puspa-api\\vendor\\laravel\\framework\\src\\Illuminate\\Routing\\RouteRegistrar.php(194): Illuminate\\Routing\\Router->group(Array, 'D:\\\\Development\\\\...')
#4 D:\\Development\\Laravel\\puspa-api\\app\\Providers\\RouteServiceProvider.php(32): Illuminate\\Routing\\RouteRegistrar->group('D:\\\\Development\\\\...')
#5 D:\\Development\\Laravel\\puspa-api\\vendor\\laravel\\framework\\src\\Illuminate\\Container\\BoundMethod.php(36): App\\Providers\\RouteServiceProvider->App\\Providers\\{closure}()
#6 D:\\Development\\Laravel\\puspa-api\\vendor\\laravel\\framework\\src\\Illuminate\\Container\\Util.php(41): Illuminate\\Container\\BoundMethod::Illuminate\\Container\\{closure}()
#7 D:\\Development\\Laravel\\puspa-api\\vendor\\laravel\\framework\\src\\Illuminate\\Container\\BoundMethod.php(81): Illuminate\\Container\\Util::unwrapIfClosure(Object(Closure))
#8 D:\\Development\\Laravel\\puspa-api\\vendor\\laravel\\framework\\src\\Illuminate\\Container\\BoundMethod.php(35): Illuminate\\Container\\BoundMethod::callBoundMethod(Object(Illuminate\\Foundation\\Application), Object(Closure), Object(Closure))
#9 D:\\Development\\Laravel\\puspa-api\\vendor\\laravel\\framework\\src\\Illuminate\\Container\\Container.php(662): Illuminate\\Container\\BoundMethod::call(Object(Illuminate\\Foundation\\Application), Object(Closure), Array, NULL)
#10 D:\\Development\\Laravel\\puspa-api\\vendor\\laravel\\framework\\src\\Illuminate\\Foundation\\Support\\Providers\\RouteServiceProvider.php(120): Illuminate\\Container\\Container->call(Object(Closure))
#11 D:\\Development\\Laravel\\puspa-api\\vendor\\laravel\\framework\\src\\Illuminate\\Foundation\\Support\\Providers\\RouteServiceProvider.php(45): Illuminate\\Foundation\\Support\\Providers\\RouteServiceProvider->loadRoutes()
#12 D:\\Development\\Laravel\\puspa-api\\vendor\\laravel\\framework\\src\\Illuminate\\Container\\BoundMethod.php(36): Illuminate\\Foundation\\Support\\Providers\\RouteServiceProvider->Illuminate\\Foundation\\Support\\Providers\\{closure}()
#13 D:\\Development\\Laravel\\puspa-api\\vendor\\laravel\\framework\\src\\Illuminate\\Container\\Util.php(41): Illuminate\\Container\\BoundMethod::Illuminate\\Container\\{closure}()
#14 D:\\Development\\Laravel\\puspa-api\\vendor\\laravel\\framework\\src\\Illuminate\\Container\\BoundMethod.php(81): Illuminate\\Container\\Util::unwrapIfClosure(Object(Closure))
#15 D:\\Development\\Laravel\\puspa-api\\vendor\\laravel\\framework\\src\\Illuminate\\Container\\BoundMethod.php(35): Illuminate\\Container\\BoundMethod::callBoundMethod(Object(Illuminate\\Foundation\\Application), Object(Closure), Object(Closure))
#16 D:\\Development\\Laravel\\puspa-api\\vendor\\laravel\\framework\\src\\Illuminate\\Container\\Container.php(662): Illuminate\\Container\\BoundMethod::call(Object(Illuminate\\Foundation\\Application), Object(Closure), Array, NULL)
#17 D:\\Development\\Laravel\\puspa-api\\vendor\\laravel\\framework\\src\\Illuminate\\Support\\ServiceProvider.php(119): Illuminate\\Container\\Container->call(Object(Closure))
#18 D:\\Development\\Laravel\\puspa-api\\vendor\\laravel\\framework\\src\\Illuminate\\Foundation\\Application.php(1062): Illuminate\\Support\\ServiceProvider->callBootedCallbacks()
#19 D:\\Development\\Laravel\\puspa-api\\vendor\\laravel\\framework\\src\\Illuminate\\Foundation\\Application.php(1040): Illuminate\\Foundation\\Application->bootProvider(Object(App\\Providers\\RouteServiceProvider))
#20 [internal function]: Illuminate\\Foundation\\Application->Illuminate\\Foundation\\{closure}(Object(App\\Providers\\RouteServiceProvider), 26)
#21 D:\\Development\\Laravel\\puspa-api\\vendor\\laravel\\framework\\src\\Illuminate\\Foundation\\Application.php(1039): array_walk(Array, Object(Closure))
#22 D:\\Development\\Laravel\\puspa-api\\vendor\\laravel\\framework\\src\\Illuminate\\Foundation\\Bootstrap\\BootProviders.php(17): Illuminate\\Foundation\\Application->boot()
#23 D:\\Development\\Laravel\\puspa-api\\vendor\\laravel\\framework\\src\\Illuminate\\Foundation\\Application.php(286): Illuminate\\Foundation\\Bootstrap\\BootProviders->bootstrap(Object(Illuminate\\Foundation\\Application))
#24 D:\\Development\\Laravel\\puspa-api\\vendor\\laravel\\framework\\src\\Illuminate\\Foundation\\Console\\Kernel.php(447): Illuminate\\Foundation\\Application->bootstrapWith(Array)
#25 D:\\Development\\Laravel\\puspa-api\\vendor\\laravel\\framework\\src\\Illuminate\\Foundation\\Console\\Kernel.php(199): Illuminate\\Foundation\\Console\\Kernel->bootstrap()
#26 Command line code(1): Illuminate\\Foundation\\Console\\Kernel->handle(Object(Symfony\\Component\\Console\\Input\\ArgvInput), Object(Symfony\\Component\\Console\\Output\\ConsoleOutput))
#27 {main}
"} 
[2026-02-28 10:47:45] local.ERROR: Class "AssessmentAnswer" not found {"exception":"[object] (Error(code: 0): Class \"AssessmentAnswer\" not found at D:\\Development\\Laravel\\puspa-api\\routes\\api.php:305)
[stacktrace]
#0 D:\\Development\\Laravel\\puspa-api\\vendor\\laravel\\framework\\src\\Illuminate\\Routing\\RouteFileRegistrar.php(35): require()
#1 D:\\Development\\Laravel\\puspa-api\\vendor\\laravel\\framework\\src\\Illuminate\\Routing\\Router.php(511): Illuminate\\Routing\\RouteFileRegistrar->register('D:\\\\Development\\\\...')
#2 D:\\Development\\Laravel\\puspa-api\\vendor\\laravel\\framework\\src\\Illuminate\\Routing\\Router.php(465): Illuminate\\Routing\\Router->loadRoutes('D:\\\\Development\\\\...')
#3 D:\\Development\\Laravel\\puspa-api\\vendor\\laravel\\framework\\src\\Illuminate\\Routing\\RouteRegistrar.php(194): Illuminate\\Routing\\Router->group(Array, 'D:\\\\Development\\\\...')
#4 D:\\Development\\Laravel\\puspa-api\\app\\Providers\\RouteServiceProvider.php(32): Illuminate\\Routing\\RouteRegistrar->group('D:\\\\Development\\\\...')
#5 D:\\Development\\Laravel\\puspa-api\\vendor\\laravel\\framework\\src\\Illuminate\\Container\\BoundMethod.php(36): App\\Providers\\RouteServiceProvider->App\\Providers\\{closure}()
#6 D:\\Development\\Laravel\\puspa-api\\vendor\\laravel\\framework\\src\\Illuminate\\Container\\Util.php(41): Illuminate\\Container\\BoundMethod::Illuminate\\Container\\{closure}()
#7 D:\\Development\\Laravel\\puspa-api\\vendor\\laravel\\framework\\src\\Illuminate\\Container\\BoundMethod.php(81): Illuminate\\Container\\Util::unwrapIfClosure(Object(Closure))
#8 D:\\Development\\Laravel\\puspa-api\\vendor\\laravel\\framework\\src\\Illuminate\\Container\\BoundMethod.php(35): Illuminate\\Container\\BoundMethod::callBoundMethod(Object(Illuminate\\Foundation\\Application), Object(Closure), Object(Closure))
#9 D:\\Development\\Laravel\\puspa-api\\vendor\\laravel\\framework\\src\\Illuminate\\Container\\Container.php(662): Illuminate\\Container\\BoundMethod::call(Object(Illuminate\\Foundation\\Application), Object(Closure), Array, NULL)
#10 D:\\Development\\Laravel\\puspa-api\\vendor\\laravel\\framework\\src\\Illuminate\\Foundation\\Support\\Providers\\RouteServiceProvider.php(120): Illuminate\\Container\\Container->call(Object(Closure))
#11 D:\\Development\\Laravel\\puspa-api\\vendor\\laravel\\framework\\src\\Illuminate\\Foundation\\Support\\Providers\\RouteServiceProvider.php(45): Illuminate\\Foundation\\Support\\Providers\\RouteServiceProvider->loadRoutes()
#12 D:\\Development\\Laravel\\puspa-api\\vendor\\laravel\\framework\\src\\Illuminate\\Container\\BoundMethod.php(36): Illuminate\\Foundation\\Support\\Providers\\RouteServiceProvider->Illuminate\\Foundation\\Support\\Providers\\{closure}()
#13 D:\\Development\\Laravel\\puspa-api\\vendor\\laravel\\framework\\src\\Illuminate\\Container\\Util.php(41): Illuminate\\Container\\BoundMethod::Illuminate\\Container\\{closure}()
#14 D:\\Development\\Laravel\\puspa-api\\vendor\\laravel\\framework\\src\\Illuminate\\Container\\BoundMethod.php(81): Illuminate\\Container\\Util::unwrapIfClosure(Object(Closure))
#15 D:\\Development\\Laravel\\puspa-api\\vendor\\laravel\\framework\\src\\Illuminate\\Container\\BoundMethod.php(35): Illuminate\\Container\\BoundMethod::callBoundMethod(Object(Illuminate\\Foundation\\Application), Object(Closure), Object(Closure))
#16 D:\\Development\\Laravel\\puspa-api\\vendor\\laravel\\framework\\src\\Illuminate\\Container\\Container.php(662): Illuminate\\Container\\BoundMethod::call(Object(Illuminate\\Foundation\\Application), Object(Closure), Array, NULL)
#17 D:\\Development\\Laravel\\puspa-api\\vendor\\laravel\\framework\\src\\Illuminate\\Support\\ServiceProvider.php(119): Illuminate\\Container\\Container->call(Object(Closure))
#18 D:\\Development\\Laravel\\puspa-api\\vendor\\laravel\\framework\\src\\Illuminate\\Foundation\\Application.php(1062): Illuminate\\Support\\ServiceProvider->callBootedCallbacks()
#19 D:\\Development\\Laravel\\puspa-api\\vendor\\laravel\\framework\\src\\Illuminate\\Foundation\\Application.php(1040): Illuminate\\Foundation\\Application->bootProvider(Object(App\\Providers\\RouteServiceProvider))
#20 [internal function]: Illuminate\\Foundation\\Application->Illuminate\\Foundation\\{closure}(Object(App\\Providers\\RouteServiceProvider), 26)
#21 D:\\Development\\Laravel\\puspa-api\\vendor\\laravel\\framework\\src\\Illuminate\\Foundation\\Application.php(1039): array_walk(Array, Object(Closure))
#22 D:\\Development\\Laravel\\puspa-api\\vendor\\laravel\\framework\\src\\Illuminate\\Foundation\\Bootstrap\\BootProviders.php(17): Illuminate\\Foundation\\Application->boot()
#23 D:\\Development\\Laravel\\puspa-api\\vendor\\laravel\\framework\\src\\Illuminate\\Foundation\\Application.php(286): Illuminate\\Foundation\\Bootstrap\\BootProviders->bootstrap(Object(Illuminate\\Foundation\\Application))
#24 D:\\Development\\Laravel\\puspa-api\\vendor\\laravel\\framework\\src\\Illuminate\\Foundation\\Console\\Kernel.php(447): Illuminate\\Foundation\\Application->bootstrapWith(Array)
#25 D:\\Development\\Laravel\\puspa-api\\vendor\\laravel\\framework\\src\\Illuminate\\Foundation\\Console\\Kernel.php(199): Illuminate\\Foundation\\Console\\Kernel->bootstrap()
#26 Command line code(1): Illuminate\\Foundation\\Console\\Kernel->handle(Object(Symfony\\Component\\Console\\Input\\ArgvInput), Object(Symfony\\Component\\Console\\Output\\ConsoleOutput))
#27 {main}
"} 
[2026-02-28 10:47:45] local.ERROR: Class "AssessmentAnswer" not found {"exception":"[object] (Error(code: 0): Class \"AssessmentAnswer\" not found at D:\\Development\\Laravel\\puspa-api\\routes\\api.php:305)
[stacktrace]
#0 D:\\Development\\Laravel\\puspa-api\\vendor\\laravel\\framework\\src\\Illuminate\\Routing\\RouteFileRegistrar.php(35): require()
#1 D:\\Development\\Laravel\\puspa-api\\vendor\\laravel\\framework\\src\\Illuminate\\Routing\\Router.php(511): Illuminate\\Routing\\RouteFileRegistrar->register('D:\\\\Development\\\\...')
#2 D:\\Development\\Laravel\\puspa-api\\vendor\\laravel\\framework\\src\\Illuminate\\Routing\\Router.php(465): Illuminate\\Routing\\Router->loadRoutes('D:\\\\Development\\\\...')
#3 D:\\Development\\Laravel\\puspa-api\\vendor\\laravel\\framework\\src\\Illuminate\\Routing\\RouteRegistrar.php(194): Illuminate\\Routing\\Router->group(Array, 'D:\\\\Development\\\\...')
#4 D:\\Development\\Laravel\\puspa-api\\app\\Providers\\RouteServiceProvider.php(32): Illuminate\\Routing\\RouteRegistrar->group('D:\\\\Development\\\\...')
#5 D:\\Development\\Laravel\\puspa-api\\vendor\\laravel\\framework\\src\\Illuminate\\Container\\BoundMethod.php(36): App\\Providers\\RouteServiceProvider->App\\Providers\\{closure}()
#6 D:\\Development\\Laravel\\puspa-api\\vendor\\laravel\\framework\\src\\Illuminate\\Container\\Util.php(41): Illuminate\\Container\\BoundMethod::Illuminate\\Container\\{closure}()
#7 D:\\Development\\Laravel\\puspa-api\\vendor\\laravel\\framework\\src\\Illuminate\\Container\\BoundMethod.php(81): Illuminate\\Container\\Util::unwrapIfClosure(Object(Closure))
#8 D:\\Development\\Laravel\\puspa-api\\vendor\\laravel\\framework\\src\\Illuminate\\Container\\BoundMethod.php(35): Illuminate\\Container\\BoundMethod::callBoundMethod(Object(Illuminate\\Foundation\\Application), Object(Closure), Object(Closure))
#9 D:\\Development\\Laravel\\puspa-api\\vendor\\laravel\\framework\\src\\Illuminate\\Container\\Container.php(662): Illuminate\\Container\\BoundMethod::call(Object(Illuminate\\Foundation\\Application), Object(Closure), Array, NULL)
#10 D:\\Development\\Laravel\\puspa-api\\vendor\\laravel\\framework\\src\\Illuminate\\Foundation\\Support\\Providers\\RouteServiceProvider.php(120): Illuminate\\Container\\Container->call(Object(Closure))
#11 D:\\Development\\Laravel\\puspa-api\\vendor\\laravel\\framework\\src\\Illuminate\\Foundation\\Support\\Providers\\RouteServiceProvider.php(45): Illuminate\\Foundation\\Support\\Providers\\RouteServiceProvider->loadRoutes()
#12 D:\\Development\\Laravel\\puspa-api\\vendor\\laravel\\framework\\src\\Illuminate\\Container\\BoundMethod.php(36): Illuminate\\Foundation\\Support\\Providers\\RouteServiceProvider->Illuminate\\Foundation\\Support\\Providers\\{closure}()
#13 D:\\Development\\Laravel\\puspa-api\\vendor\\laravel\\framework\\src\\Illuminate\\Container\\Util.php(41): Illuminate\\Container\\BoundMethod::Illuminate\\Container\\{closure}()
#14 D:\\Development\\Laravel\\puspa-api\\vendor\\laravel\\framework\\src\\Illuminate\\Container\\BoundMethod.php(81): Illuminate\\Container\\Util::unwrapIfClosure(Object(Closure))
#15 D:\\Development\\Laravel\\puspa-api\\vendor\\laravel\\framework\\src\\Illuminate\\Container\\BoundMethod.php(35): Illuminate\\Container\\BoundMethod::callBoundMethod(Object(Illuminate\\Foundation\\Application), Object(Closure), Object(Closure))
#16 D:\\Development\\Laravel\\puspa-api\\vendor\\laravel\\framework\\src\\Illuminate\\Container\\Container.php(662): Illuminate\\Container\\BoundMethod::call(Object(Illuminate\\Foundation\\Application), Object(Closure), Array, NULL)
#17 D:\\Development\\Laravel\\puspa-api\\vendor\\laravel\\framework\\src\\Illuminate\\Support\\ServiceProvider.php(119): Illuminate\\Container\\Container->call(Object(Closure))
#18 D:\\Development\\Laravel\\puspa-api\\vendor\\laravel\\framework\\src\\Illuminate\\Foundation\\Application.php(1062): Illuminate\\Support\\ServiceProvider->callBootedCallbacks()
#19 D:\\Development\\Laravel\\puspa-api\\vendor\\laravel\\framework\\src\\Illuminate\\Foundation\\Application.php(1040): Illuminate\\Foundation\\Application->bootProvider(Object(App\\Providers\\RouteServiceProvider))
#20 [internal function]: Illuminate\\Foundation\\Application->Illuminate\\Foundation\\{closure}(Object(App\\Providers\\RouteServiceProvider), 26)
#21 D:\\Development\\Laravel\\puspa-api\\vendor\\laravel\\framework\\src\\Illuminate\\Foundation\\Application.php(1039): array_walk(Array, Object(Closure))
#22 D:\\Development\\Laravel\\puspa-api\\vendor\\laravel\\framework\\src\\Illuminate\\Foundation\\Bootstrap\\BootProviders.php(17): Illuminate\\Foundation\\Application->boot()
#23 D:\\Development\\Laravel\\puspa-api\\vendor\\laravel\\framework\\src\\Illuminate\\Foundation\\Application.php(286): Illuminate\\Foundation\\Bootstrap\\BootProviders->bootstrap(Object(Illuminate\\Foundation\\Application))
#24 D:\\Development\\Laravel\\puspa-api\\vendor\\laravel\\framework\\src\\Illuminate\\Foundation\\Console\\Kernel.php(447): Illuminate\\Foundation\\Application->bootstrapWith(Array)
#25 D:\\Development\\Laravel\\puspa-api\\vendor\\laravel\\framework\\src\\Illuminate\\Foundation\\Console\\Kernel.php(199): Illuminate\\Foundation\\Console\\Kernel->bootstrap()
#26 Command line code(1): Illuminate\\Foundation\\Console\\Kernel->handle(Object(Symfony\\Component\\Console\\Input\\ArgvInput), Object(Symfony\\Component\\Console\\Output\\ConsoleOutput))
#27 {main}
"} 
[2026-02-28 10:48:45] local.ERROR: Class "AssessmentAnswer" not found {"exception":"[object] (Error(code: 0): Class \"AssessmentAnswer\" not found at D:\\Development\\Laravel\\puspa-api\\routes\\api.php:305)
[stacktrace]
#0 D:\\Development\\Laravel\\puspa-api\\vendor\\laravel\\framework\\src\\Illuminate\\Routing\\RouteFileRegistrar.php(35): require()
#1 D:\\Development\\Laravel\\puspa-api\\vendor\\laravel\\framework\\src\\Illuminate\\Routing\\Router.php(511): Illuminate\\Routing\\RouteFileRegistrar->register('D:\\\\Development\\\\...')
#2 D:\\Development\\Laravel\\puspa-api\\vendor\\laravel\\framework\\src\\Illuminate\\Routing\\Router.php(465): Illuminate\\Routing\\Router->loadRoutes('D:\\\\Development\\\\...')
#3 D:\\Development\\Laravel\\puspa-api\\vendor\\laravel\\framework\\src\\Illuminate\\Routing\\RouteRegistrar.php(194): Illuminate\\Routing\\Router->group(Array, 'D:\\\\Development\\\\...')
#4 D:\\Development\\Laravel\\puspa-api\\app\\Providers\\RouteServiceProvider.php(32): Illuminate\\Routing\\RouteRegistrar->group('D:\\\\Development\\\\...')
#5 D:\\Development\\Laravel\\puspa-api\\vendor\\laravel\\framework\\src\\Illuminate\\Container\\BoundMethod.php(36): App\\Providers\\RouteServiceProvider->App\\Providers\\{closure}()
#6 D:\\Development\\Laravel\\puspa-api\\vendor\\laravel\\framework\\src\\Illuminate\\Container\\Util.php(41): Illuminate\\Container\\BoundMethod::Illuminate\\Container\\{closure}()
#7 D:\\Development\\Laravel\\puspa-api\\vendor\\laravel\\framework\\src\\Illuminate\\Container\\BoundMethod.php(81): Illuminate\\Container\\Util::unwrapIfClosure(Object(Closure))
#8 D:\\Development\\Laravel\\puspa-api\\vendor\\laravel\\framework\\src\\Illuminate\\Container\\BoundMethod.php(35): Illuminate\\Container\\BoundMethod::callBoundMethod(Object(Illuminate\\Foundation\\Application), Object(Closure), Object(Closure))
#9 D:\\Development\\Laravel\\puspa-api\\vendor\\laravel\\framework\\src\\Illuminate\\Container\\Container.php(662): Illuminate\\Container\\BoundMethod::call(Object(Illuminate\\Foundation\\Application), Object(Closure), Array, NULL)
#10 D:\\Development\\Laravel\\puspa-api\\vendor\\laravel\\framework\\src\\Illuminate\\Foundation\\Support\\Providers\\RouteServiceProvider.php(120): Illuminate\\Container\\Container->call(Object(Closure))
#11 D:\\Development\\Laravel\\puspa-api\\vendor\\laravel\\framework\\src\\Illuminate\\Foundation\\Support\\Providers\\RouteServiceProvider.php(45): Illuminate\\Foundation\\Support\\Providers\\RouteServiceProvider->loadRoutes()
#12 D:\\Development\\Laravel\\puspa-api\\vendor\\laravel\\framework\\src\\Illuminate\\Container\\BoundMethod.php(36): Illuminate\\Foundation\\Support\\Providers\\RouteServiceProvider->Illuminate\\Foundation\\Support\\Providers\\{closure}()
#13 D:\\Development\\Laravel\\puspa-api\\vendor\\laravel\\framework\\src\\Illuminate\\Container\\Util.php(41): Illuminate\\Container\\BoundMethod::Illuminate\\Container\\{closure}()
#14 D:\\Development\\Laravel\\puspa-api\\vendor\\laravel\\framework\\src\\Illuminate\\Container\\BoundMethod.php(81): Illuminate\\Container\\Util::unwrapIfClosure(Object(Closure))
#15 D:\\Development\\Laravel\\puspa-api\\vendor\\laravel\\framework\\src\\Illuminate\\Container\\BoundMethod.php(35): Illuminate\\Container\\BoundMethod::callBoundMethod(Object(Illuminate\\Foundation\\Application), Object(Closure), Object(Closure))
#16 D:\\Development\\Laravel\\puspa-api\\vendor\\laravel\\framework\\src\\Illuminate\\Container\\Container.php(662): Illuminate\\Container\\BoundMethod::call(Object(Illuminate\\Foundation\\Application), Object(Closure), Array, NULL)
#17 D:\\Development\\Laravel\\puspa-api\\vendor\\laravel\\framework\\src\\Illuminate\\Support\\ServiceProvider.php(119): Illuminate\\Container\\Container->call(Object(Closure))
#18 D:\\Development\\Laravel\\puspa-api\\vendor\\laravel\\framework\\src\\Illuminate\\Foundation\\Application.php(1062): Illuminate\\Support\\ServiceProvider->callBootedCallbacks()
#19 D:\\Development\\Laravel\\puspa-api\\vendor\\laravel\\framework\\src\\Illuminate\\Foundation\\Application.php(1040): Illuminate\\Foundation\\Application->bootProvider(Object(App\\Providers\\RouteServiceProvider))
#20 [internal function]: Illuminate\\Foundation\\Application->Illuminate\\Foundation\\{closure}(Object(App\\Providers\\RouteServiceProvider), 26)
#21 D:\\Development\\Laravel\\puspa-api\\vendor\\laravel\\framework\\src\\Illuminate\\Foundation\\Application.php(1039): array_walk(Array, Object(Closure))
#22 D:\\Development\\Laravel\\puspa-api\\vendor\\laravel\\framework\\src\\Illuminate\\Foundation\\Bootstrap\\BootProviders.php(17): Illuminate\\Foundation\\Application->boot()
#23 D:\\Development\\Laravel\\puspa-api\\vendor\\laravel\\framework\\src\\Illuminate\\Foundation\\Application.php(286): Illuminate\\Foundation\\Bootstrap\\BootProviders->bootstrap(Object(Illuminate\\Foundation\\Application))
#24 D:\\Development\\Laravel\\puspa-api\\vendor\\laravel\\framework\\src\\Illuminate\\Foundation\\Console\\Kernel.php(447): Illuminate\\Foundation\\Application->bootstrapWith(Array)
#25 D:\\Development\\Laravel\\puspa-api\\vendor\\laravel\\framework\\src\\Illuminate\\Foundation\\Console\\Kernel.php(199): Illuminate\\Foundation\\Console\\Kernel->bootstrap()
#26 Command line code(1): Illuminate\\Foundation\\Console\\Kernel->handle(Object(Symfony\\Component\\Console\\Input\\ArgvInput), Object(Symfony\\Component\\Console\\Output\\ConsoleOutput))
#27 {main}
"} 
[2026-02-28 10:48:45] local.ERROR: Class "AssessmentAnswer" not found {"exception":"[object] (Error(code: 0): Class \"AssessmentAnswer\" not found at D:\\Development\\Laravel\\puspa-api\\routes\\api.php:305)
[stacktrace]
#0 D:\\Development\\Laravel\\puspa-api\\vendor\\laravel\\framework\\src\\Illuminate\\Routing\\RouteFileRegistrar.php(35): require()
#1 D:\\Development\\Laravel\\puspa-api\\vendor\\laravel\\framework\\src\\Illuminate\\Routing\\Router.php(511): Illuminate\\Routing\\RouteFileRegistrar->register('D:\\\\Development\\\\...')
#2 D:\\Development\\Laravel\\puspa-api\\vendor\\laravel\\framework\\src\\Illuminate\\Routing\\Router.php(465): Illuminate\\Routing\\Router->loadRoutes('D:\\\\Development\\\\...')
#3 D:\\Development\\Laravel\\puspa-api\\vendor\\laravel\\framework\\src\\Illuminate\\Routing\\RouteRegistrar.php(194): Illuminate\\Routing\\Router->group(Array, 'D:\\\\Development\\\\...')
#4 D:\\Development\\Laravel\\puspa-api\\app\\Providers\\RouteServiceProvider.php(32): Illuminate\\Routing\\RouteRegistrar->group('D:\\\\Development\\\\...')
#5 D:\\Development\\Laravel\\puspa-api\\vendor\\laravel\\framework\\src\\Illuminate\\Container\\BoundMethod.php(36): App\\Providers\\RouteServiceProvider->App\\Providers\\{closure}()
#6 D:\\Development\\Laravel\\puspa-api\\vendor\\laravel\\framework\\src\\Illuminate\\Container\\Util.php(41): Illuminate\\Container\\BoundMethod::Illuminate\\Container\\{closure}()
#7 D:\\Development\\Laravel\\puspa-api\\vendor\\laravel\\framework\\src\\Illuminate\\Container\\BoundMethod.php(81): Illuminate\\Container\\Util::unwrapIfClosure(Object(Closure))
#8 D:\\Development\\Laravel\\puspa-api\\vendor\\laravel\\framework\\src\\Illuminate\\Container\\BoundMethod.php(35): Illuminate\\Container\\BoundMethod::callBoundMethod(Object(Illuminate\\Foundation\\Application), Object(Closure), Object(Closure))
#9 D:\\Development\\Laravel\\puspa-api\\vendor\\laravel\\framework\\src\\Illuminate\\Container\\Container.php(662): Illuminate\\Container\\BoundMethod::call(Object(Illuminate\\Foundation\\Application), Object(Closure), Array, NULL)
#10 D:\\Development\\Laravel\\puspa-api\\vendor\\laravel\\framework\\src\\Illuminate\\Foundation\\Support\\Providers\\RouteServiceProvider.php(120): Illuminate\\Container\\Container->call(Object(Closure))
#11 D:\\Development\\Laravel\\puspa-api\\vendor\\laravel\\framework\\src\\Illuminate\\Foundation\\Support\\Providers\\RouteServiceProvider.php(45): Illuminate\\Foundation\\Support\\Providers\\RouteServiceProvider->loadRoutes()
#12 D:\\Development\\Laravel\\puspa-api\\vendor\\laravel\\framework\\src\\Illuminate\\Container\\BoundMethod.php(36): Illuminate\\Foundation\\Support\\Providers\\RouteServiceProvider->Illuminate\\Foundation\\Support\\Providers\\{closure}()
#13 D:\\Development\\Laravel\\puspa-api\\vendor\\laravel\\framework\\src\\Illuminate\\Container\\Util.php(41): Illuminate\\Container\\BoundMethod::Illuminate\\Container\\{closure}()
#14 D:\\Development\\Laravel\\puspa-api\\vendor\\laravel\\framework\\src\\Illuminate\\Container\\BoundMethod.php(81): Illuminate\\Container\\Util::unwrapIfClosure(Object(Closure))
#15 D:\\Development\\Laravel\\puspa-api\\vendor\\laravel\\framework\\src\\Illuminate\\Container\\BoundMethod.php(35): Illuminate\\Container\\BoundMethod::callBoundMethod(Object(Illuminate\\Foundation\\Application), Object(Closure), Object(Closure))
#16 D:\\Development\\Laravel\\puspa-api\\vendor\\laravel\\framework\\src\\Illuminate\\Container\\Container.php(662): Illuminate\\Container\\BoundMethod::call(Object(Illuminate\\Foundation\\Application), Object(Closure), Array, NULL)
#17 D:\\Development\\Laravel\\puspa-api\\vendor\\laravel\\framework\\src\\Illuminate\\Support\\ServiceProvider.php(119): Illuminate\\Container\\Container->call(Object(Closure))
#18 D:\\Development\\Laravel\\puspa-api\\vendor\\laravel\\framework\\src\\Illuminate\\Foundation\\Application.php(1062): Illuminate\\Support\\ServiceProvider->callBootedCallbacks()
#19 D:\\Development\\Laravel\\puspa-api\\vendor\\laravel\\framework\\src\\Illuminate\\Foundation\\Application.php(1040): Illuminate\\Foundation\\Application->bootProvider(Object(App\\Providers\\RouteServiceProvider))
#20 [internal function]: Illuminate\\Foundation\\Application->Illuminate\\Foundation\\{closure}(Object(App\\Providers\\RouteServiceProvider), 26)
#21 D:\\Development\\Laravel\\puspa-api\\vendor\\laravel\\framework\\src\\Illuminate\\Foundation\\Application.php(1039): array_walk(Array, Object(Closure))
#22 D:\\Development\\Laravel\\puspa-api\\vendor\\laravel\\framework\\src\\Illuminate\\Foundation\\Bootstrap\\BootProviders.php(17): Illuminate\\Foundation\\Application->boot()
#23 D:\\Development\\Laravel\\puspa-api\\vendor\\laravel\\framework\\src\\Illuminate\\Foundation\\Application.php(286): Illuminate\\Foundation\\Bootstrap\\BootProviders->bootstrap(Object(Illuminate\\Foundation\\Application))
#24 D:\\Development\\Laravel\\puspa-api\\vendor\\laravel\\framework\\src\\Illuminate\\Foundation\\Console\\Kernel.php(447): Illuminate\\Foundation\\Application->bootstrapWith(Array)
#25 D:\\Development\\Laravel\\puspa-api\\vendor\\laravel\\framework\\src\\Illuminate\\Foundation\\Console\\Kernel.php(199): Illuminate\\Foundation\\Console\\Kernel->bootstrap()
#26 Command line code(1): Illuminate\\Foundation\\Console\\Kernel->handle(Object(Symfony\\Component\\Console\\Input\\ArgvInput), Object(Symfony\\Component\\Console\\Output\\ConsoleOutput))
#27 {main}
"} 
[2026-02-28 10:49:45] local.ERROR: Class "AssessmentAnswer" not found {"exception":"[object] (Error(code: 0): Class \"AssessmentAnswer\" not found at D:\\Development\\Laravel\\puspa-api\\routes\\api.php:305)
[stacktrace]
#0 D:\\Development\\Laravel\\puspa-api\\vendor\\laravel\\framework\\src\\Illuminate\\Routing\\RouteFileRegistrar.php(35): require()
#1 D:\\Development\\Laravel\\puspa-api\\vendor\\laravel\\framework\\src\\Illuminate\\Routing\\Router.php(511): Illuminate\\Routing\\RouteFileRegistrar->register('D:\\\\Development\\\\...')
#2 D:\\Development\\Laravel\\puspa-api\\vendor\\laravel\\framework\\src\\Illuminate\\Routing\\Router.php(465): Illuminate\\Routing\\Router->loadRoutes('D:\\\\Development\\\\...')
#3 D:\\Development\\Laravel\\puspa-api\\vendor\\laravel\\framework\\src\\Illuminate\\Routing\\RouteRegistrar.php(194): Illuminate\\Routing\\Router->group(Array, 'D:\\\\Development\\\\...')
#4 D:\\Development\\Laravel\\puspa-api\\app\\Providers\\RouteServiceProvider.php(32): Illuminate\\Routing\\RouteRegistrar->group('D:\\\\Development\\\\...')
#5 D:\\Development\\Laravel\\puspa-api\\vendor\\laravel\\framework\\src\\Illuminate\\Container\\BoundMethod.php(36): App\\Providers\\RouteServiceProvider->App\\Providers\\{closure}()
#6 D:\\Development\\Laravel\\puspa-api\\vendor\\laravel\\framework\\src\\Illuminate\\Container\\Util.php(41): Illuminate\\Container\\BoundMethod::Illuminate\\Container\\{closure}()
#7 D:\\Development\\Laravel\\puspa-api\\vendor\\laravel\\framework\\src\\Illuminate\\Container\\BoundMethod.php(81): Illuminate\\Container\\Util::unwrapIfClosure(Object(Closure))
#8 D:\\Development\\Laravel\\puspa-api\\vendor\\laravel\\framework\\src\\Illuminate\\Container\\BoundMethod.php(35): Illuminate\\Container\\BoundMethod::callBoundMethod(Object(Illuminate\\Foundation\\Application), Object(Closure), Object(Closure))
#9 D:\\Development\\Laravel\\puspa-api\\vendor\\laravel\\framework\\src\\Illuminate\\Container\\Container.php(662): Illuminate\\Container\\BoundMethod::call(Object(Illuminate\\Foundation\\Application), Object(Closure), Array, NULL)
#10 D:\\Development\\Laravel\\puspa-api\\vendor\\laravel\\framework\\src\\Illuminate\\Foundation\\Support\\Providers\\RouteServiceProvider.php(120): Illuminate\\Container\\Container->call(Object(Closure))
#11 D:\\Development\\Laravel\\puspa-api\\vendor\\laravel\\framework\\src\\Illuminate\\Foundation\\Support\\Providers\\RouteServiceProvider.php(45): Illuminate\\Foundation\\Support\\Providers\\RouteServiceProvider->loadRoutes()
#12 D:\\Development\\Laravel\\puspa-api\\vendor\\laravel\\framework\\src\\Illuminate\\Container\\BoundMethod.php(36): Illuminate\\Foundation\\Support\\Providers\\RouteServiceProvider->Illuminate\\Foundation\\Support\\Providers\\{closure}()
#13 D:\\Development\\Laravel\\puspa-api\\vendor\\laravel\\framework\\src\\Illuminate\\Container\\Util.php(41): Illuminate\\Container\\BoundMethod::Illuminate\\Container\\{closure}()
#14 D:\\Development\\Laravel\\puspa-api\\vendor\\laravel\\framework\\src\\Illuminate\\Container\\BoundMethod.php(81): Illuminate\\Container\\Util::unwrapIfClosure(Object(Closure))
#15 D:\\Development\\Laravel\\puspa-api\\vendor\\laravel\\framework\\src\\Illuminate\\Container\\BoundMethod.php(35): Illuminate\\Container\\BoundMethod::callBoundMethod(Object(Illuminate\\Foundation\\Application), Object(Closure), Object(Closure))
#16 D:\\Development\\Laravel\\puspa-api\\vendor\\laravel\\framework\\src\\Illuminate\\Container\\Container.php(662): Illuminate\\Container\\BoundMethod::call(Object(Illuminate\\Foundation\\Application), Object(Closure), Array, NULL)
#17 D:\\Development\\Laravel\\puspa-api\\vendor\\laravel\\framework\\src\\Illuminate\\Support\\ServiceProvider.php(119): Illuminate\\Container\\Container->call(Object(Closure))
#18 D:\\Development\\Laravel\\puspa-api\\vendor\\laravel\\framework\\src\\Illuminate\\Foundation\\Application.php(1062): Illuminate\\Support\\ServiceProvider->callBootedCallbacks()
#19 D:\\Development\\Laravel\\puspa-api\\vendor\\laravel\\framework\\src\\Illuminate\\Foundation\\Application.php(1040): Illuminate\\Foundation\\Application->bootProvider(Object(App\\Providers\\RouteServiceProvider))
#20 [internal function]: Illuminate\\Foundation\\Application->Illuminate\\Foundation\\{closure}(Object(App\\Providers\\RouteServiceProvider), 26)
#21 D:\\Development\\Laravel\\puspa-api\\vendor\\laravel\\framework\\src\\Illuminate\\Foundation\\Application.php(1039): array_walk(Array, Object(Closure))
#22 D:\\Development\\Laravel\\puspa-api\\vendor\\laravel\\framework\\src\\Illuminate\\Foundation\\Bootstrap\\BootProviders.php(17): Illuminate\\Foundation\\Application->boot()
#23 D:\\Development\\Laravel\\puspa-api\\vendor\\laravel\\framework\\src\\Illuminate\\Foundation\\Application.php(286): Illuminate\\Foundation\\Bootstrap\\BootProviders->bootstrap(Object(Illuminate\\Foundation\\Application))
#24 D:\\Development\\Laravel\\puspa-api\\vendor\\laravel\\framework\\src\\Illuminate\\Foundation\\Console\\Kernel.php(447): Illuminate\\Foundation\\Application->bootstrapWith(Array)
#25 D:\\Development\\Laravel\\puspa-api\\vendor\\laravel\\framework\\src\\Illuminate\\Foundation\\Console\\Kernel.php(199): Illuminate\\Foundation\\Console\\Kernel->bootstrap()
#26 Command line code(1): Illuminate\\Foundation\\Console\\Kernel->handle(Object(Symfony\\Component\\Console\\Input\\ArgvInput), Object(Symfony\\Component\\Console\\Output\\ConsoleOutput))
#27 {main}
"} 
[2026-02-28 10:49:45] local.ERROR: Class "AssessmentAnswer" not found {"exception":"[object] (Error(code: 0): Class \"AssessmentAnswer\" not found at D:\\Development\\Laravel\\puspa-api\\routes\\api.php:305)
[stacktrace]
#0 D:\\Development\\Laravel\\puspa-api\\vendor\\laravel\\framework\\src\\Illuminate\\Routing\\RouteFileRegistrar.php(35): require()
#1 D:\\Development\\Laravel\\puspa-api\\vendor\\laravel\\framework\\src\\Illuminate\\Routing\\Router.php(511): Illuminate\\Routing\\RouteFileRegistrar->register('D:\\\\Development\\\\...')
#2 D:\\Development\\Laravel\\puspa-api\\vendor\\laravel\\framework\\src\\Illuminate\\Routing\\Router.php(465): Illuminate\\Routing\\Router->loadRoutes('D:\\\\Development\\\\...')
#3 D:\\Development\\Laravel\\puspa-api\\vendor\\laravel\\framework\\src\\Illuminate\\Routing\\RouteRegistrar.php(194): Illuminate\\Routing\\Router->group(Array, 'D:\\\\Development\\\\...')
#4 D:\\Development\\Laravel\\puspa-api\\app\\Providers\\RouteServiceProvider.php(32): Illuminate\\Routing\\RouteRegistrar->group('D:\\\\Development\\\\...')
#5 D:\\Development\\Laravel\\puspa-api\\vendor\\laravel\\framework\\src\\Illuminate\\Container\\BoundMethod.php(36): App\\Providers\\RouteServiceProvider->App\\Providers\\{closure}()
#6 D:\\Development\\Laravel\\puspa-api\\vendor\\laravel\\framework\\src\\Illuminate\\Container\\Util.php(41): Illuminate\\Container\\BoundMethod::Illuminate\\Container\\{closure}()
#7 D:\\Development\\Laravel\\puspa-api\\vendor\\laravel\\framework\\src\\Illuminate\\Container\\BoundMethod.php(81): Illuminate\\Container\\Util::unwrapIfClosure(Object(Closure))
#8 D:\\Development\\Laravel\\puspa-api\\vendor\\laravel\\framework\\src\\Illuminate\\Container\\BoundMethod.php(35): Illuminate\\Container\\BoundMethod::callBoundMethod(Object(Illuminate\\Foundation\\Application), Object(Closure), Object(Closure))
#9 D:\\Development\\Laravel\\puspa-api\\vendor\\laravel\\framework\\src\\Illuminate\\Container\\Container.php(662): Illuminate\\Container\\BoundMethod::call(Object(Illuminate\\Foundation\\Application), Object(Closure), Array, NULL)
#10 D:\\Development\\Laravel\\puspa-api\\vendor\\laravel\\framework\\src\\Illuminate\\Foundation\\Support\\Providers\\RouteServiceProvider.php(120): Illuminate\\Container\\Container->call(Object(Closure))
#11 D:\\Development\\Laravel\\puspa-api\\vendor\\laravel\\framework\\src\\Illuminate\\Foundation\\Support\\Providers\\RouteServiceProvider.php(45): Illuminate\\Foundation\\Support\\Providers\\RouteServiceProvider->loadRoutes()
#12 D:\\Development\\Laravel\\puspa-api\\vendor\\laravel\\framework\\src\\Illuminate\\Container\\BoundMethod.php(36): Illuminate\\Foundation\\Support\\Providers\\RouteServiceProvider->Illuminate\\Foundation\\Support\\Providers\\{closure}()
#13 D:\\Development\\Laravel\\puspa-api\\vendor\\laravel\\framework\\src\\Illuminate\\Container\\Util.php(41): Illuminate\\Container\\BoundMethod::Illuminate\\Container\\{closure}()
#14 D:\\Development\\Laravel\\puspa-api\\vendor\\laravel\\framework\\src\\Illuminate\\Container\\BoundMethod.php(81): Illuminate\\Container\\Util::unwrapIfClosure(Object(Closure))
#15 D:\\Development\\Laravel\\puspa-api\\vendor\\laravel\\framework\\src\\Illuminate\\Container\\BoundMethod.php(35): Illuminate\\Container\\BoundMethod::callBoundMethod(Object(Illuminate\\Foundation\\Application), Object(Closure), Object(Closure))
#16 D:\\Development\\Laravel\\puspa-api\\vendor\\laravel\\framework\\src\\Illuminate\\Container\\Container.php(662): Illuminate\\Container\\BoundMethod::call(Object(Illuminate\\Foundation\\Application), Object(Closure), Array, NULL)
#17 D:\\Development\\Laravel\\puspa-api\\vendor\\laravel\\framework\\src\\Illuminate\\Support\\ServiceProvider.php(119): Illuminate\\Container\\Container->call(Object(Closure))
#18 D:\\Development\\Laravel\\puspa-api\\vendor\\laravel\\framework\\src\\Illuminate\\Foundation\\Application.php(1062): Illuminate\\Support\\ServiceProvider->callBootedCallbacks()
#19 D:\\Development\\Laravel\\puspa-api\\vendor\\laravel\\framework\\src\\Illuminate\\Foundation\\Application.php(1040): Illuminate\\Foundation\\Application->bootProvider(Object(App\\Providers\\RouteServiceProvider))
#20 [internal function]: Illuminate\\Foundation\\Application->Illuminate\\Foundation\\{closure}(Object(App\\Providers\\RouteServiceProvider), 26)
#21 D:\\Development\\Laravel\\puspa-api\\vendor\\laravel\\framework\\src\\Illuminate\\Foundation\\Application.php(1039): array_walk(Array, Object(Closure))
#22 D:\\Development\\Laravel\\puspa-api\\vendor\\laravel\\framework\\src\\Illuminate\\Foundation\\Bootstrap\\BootProviders.php(17): Illuminate\\Foundation\\Application->boot()
#23 D:\\Development\\Laravel\\puspa-api\\vendor\\laravel\\framework\\src\\Illuminate\\Foundation\\Application.php(286): Illuminate\\Foundation\\Bootstrap\\BootProviders->bootstrap(Object(Illuminate\\Foundation\\Application))
#24 D:\\Development\\Laravel\\puspa-api\\vendor\\laravel\\framework\\src\\Illuminate\\Foundation\\Console\\Kernel.php(447): Illuminate\\Foundation\\Application->bootstrapWith(Array)
#25 D:\\Development\\Laravel\\puspa-api\\vendor\\laravel\\framework\\src\\Illuminate\\Foundation\\Console\\Kernel.php(199): Illuminate\\Foundation\\Console\\Kernel->bootstrap()
#26 Command line code(1): Illuminate\\Foundation\\Console\\Kernel->handle(Object(Symfony\\Component\\Console\\Input\\ArgvInput), Object(Symfony\\Component\\Console\\Output\\ConsoleOutput))
#27 {main}
"} 
[2026-02-28 10:49:45] local.ERROR: Class "AssessmentAnswer" not found {"exception":"[object] (Error(code: 0): Class \"AssessmentAnswer\" not found at D:\\Development\\Laravel\\puspa-api\\routes\\api.php:305)
[stacktrace]
#0 D:\\Development\\Laravel\\puspa-api\\vendor\\laravel\\framework\\src\\Illuminate\\Routing\\RouteFileRegistrar.php(35): require()
#1 D:\\Development\\Laravel\\puspa-api\\vendor\\laravel\\framework\\src\\Illuminate\\Routing\\Router.php(511): Illuminate\\Routing\\RouteFileRegistrar->register('D:\\\\Development\\\\...')
#2 D:\\Development\\Laravel\\puspa-api\\vendor\\laravel\\framework\\src\\Illuminate\\Routing\\Router.php(465): Illuminate\\Routing\\Router->loadRoutes('D:\\\\Development\\\\...')
#3 D:\\Development\\Laravel\\puspa-api\\vendor\\laravel\\framework\\src\\Illuminate\\Routing\\RouteRegistrar.php(194): Illuminate\\Routing\\Router->group(Array, 'D:\\\\Development\\\\...')
#4 D:\\Development\\Laravel\\puspa-api\\app\\Providers\\RouteServiceProvider.php(32): Illuminate\\Routing\\RouteRegistrar->group('D:\\\\Development\\\\...')
#5 D:\\Development\\Laravel\\puspa-api\\vendor\\laravel\\framework\\src\\Illuminate\\Container\\BoundMethod.php(36): App\\Providers\\RouteServiceProvider->App\\Providers\\{closure}()
#6 D:\\Development\\Laravel\\puspa-api\\vendor\\laravel\\framework\\src\\Illuminate\\Container\\Util.php(41): Illuminate\\Container\\BoundMethod::Illuminate\\Container\\{closure}()
#7 D:\\Development\\Laravel\\puspa-api\\vendor\\laravel\\framework\\src\\Illuminate\\Container\\BoundMethod.php(81): Illuminate\\Container\\Util::unwrapIfClosure(Object(Closure))
#8 D:\\Development\\Laravel\\puspa-api\\vendor\\laravel\\framework\\src\\Illuminate\\Container\\BoundMethod.php(35): Illuminate\\Container\\BoundMethod::callBoundMethod(Object(Illuminate\\Foundation\\Application), Object(Closure), Object(Closure))
#9 D:\\Development\\Laravel\\puspa-api\\vendor\\laravel\\framework\\src\\Illuminate\\Container\\Container.php(662): Illuminate\\Container\\BoundMethod::call(Object(Illuminate\\Foundation\\Application), Object(Closure), Array, NULL)
#10 D:\\Development\\Laravel\\puspa-api\\vendor\\laravel\\framework\\src\\Illuminate\\Foundation\\Support\\Providers\\RouteServiceProvider.php(120): Illuminate\\Container\\Container->call(Object(Closure))
#11 D:\\Development\\Laravel\\puspa-api\\vendor\\laravel\\framework\\src\\Illuminate\\Foundation\\Support\\Providers\\RouteServiceProvider.php(45): Illuminate\\Foundation\\Support\\Providers\\RouteServiceProvider->loadRoutes()
#12 D:\\Development\\Laravel\\puspa-api\\vendor\\laravel\\framework\\src\\Illuminate\\Container\\BoundMethod.php(36): Illuminate\\Foundation\\Support\\Providers\\RouteServiceProvider->Illuminate\\Foundation\\Support\\Providers\\{closure}()
#13 D:\\Development\\Laravel\\puspa-api\\vendor\\laravel\\framework\\src\\Illuminate\\Container\\Util.php(41): Illuminate\\Container\\BoundMethod::Illuminate\\Container\\{closure}()
#14 D:\\Development\\Laravel\\puspa-api\\vendor\\laravel\\framework\\src\\Illuminate\\Container\\BoundMethod.php(81): Illuminate\\Container\\Util::unwrapIfClosure(Object(Closure))
#15 D:\\Development\\Laravel\\puspa-api\\vendor\\laravel\\framework\\src\\Illuminate\\Container\\BoundMethod.php(35): Illuminate\\Container\\BoundMethod::callBoundMethod(Object(Illuminate\\Foundation\\Application), Object(Closure), Object(Closure))
#16 D:\\Development\\Laravel\\puspa-api\\vendor\\laravel\\framework\\src\\Illuminate\\Container\\Container.php(662): Illuminate\\Container\\BoundMethod::call(Object(Illuminate\\Foundation\\Application), Object(Closure), Array, NULL)
#17 D:\\Development\\Laravel\\puspa-api\\vendor\\laravel\\framework\\src\\Illuminate\\Support\\ServiceProvider.php(119): Illuminate\\Container\\Container->call(Object(Closure))
#18 D:\\Development\\Laravel\\puspa-api\\vendor\\laravel\\framework\\src\\Illuminate\\Foundation\\Application.php(1062): Illuminate\\Support\\ServiceProvider->callBootedCallbacks()
#19 D:\\Development\\Laravel\\puspa-api\\vendor\\laravel\\framework\\src\\Illuminate\\Foundation\\Application.php(1040): Illuminate\\Foundation\\Application->bootProvider(Object(App\\Providers\\RouteServiceProvider))
#20 [internal function]: Illuminate\\Foundation\\Application->Illuminate\\Foundation\\{closure}(Object(App\\Providers\\RouteServiceProvider), 26)
#21 D:\\Development\\Laravel\\puspa-api\\vendor\\laravel\\framework\\src\\Illuminate\\Foundation\\Application.php(1039): array_walk(Array, Object(Closure))
#22 D:\\Development\\Laravel\\puspa-api\\vendor\\laravel\\framework\\src\\Illuminate\\Foundation\\Bootstrap\\BootProviders.php(17): Illuminate\\Foundation\\Application->boot()
#23 D:\\Development\\Laravel\\puspa-api\\vendor\\laravel\\framework\\src\\Illuminate\\Foundation\\Application.php(286): Illuminate\\Foundation\\Bootstrap\\BootProviders->bootstrap(Object(Illuminate\\Foundation\\Application))
#24 D:\\Development\\Laravel\\puspa-api\\vendor\\laravel\\framework\\src\\Illuminate\\Foundation\\Console\\Kernel.php(447): Illuminate\\Foundation\\Application->bootstrapWith(Array)
#25 D:\\Development\\Laravel\\puspa-api\\vendor\\laravel\\framework\\src\\Illuminate\\Foundation\\Console\\Kernel.php(199): Illuminate\\Foundation\\Console\\Kernel->bootstrap()
#26 Command line code(1): Illuminate\\Foundation\\Console\\Kernel->handle(Object(Symfony\\Component\\Console\\Input\\ArgvInput), Object(Symfony\\Component\\Console\\Output\\ConsoleOutput))
#27 {main}
"} 
[2026-02-28 10:50:45] local.ERROR: Class "AssessmentAnswer" not found {"exception":"[object] (Error(code: 0): Class \"AssessmentAnswer\" not found at D:\\Development\\Laravel\\puspa-api\\routes\\api.php:305)
[stacktrace]
#0 D:\\Development\\Laravel\\puspa-api\\vendor\\laravel\\framework\\src\\Illuminate\\Routing\\RouteFileRegistrar.php(35): require()
#1 D:\\Development\\Laravel\\puspa-api\\vendor\\laravel\\framework\\src\\Illuminate\\Routing\\Router.php(511): Illuminate\\Routing\\RouteFileRegistrar->register('D:\\\\Development\\\\...')
#2 D:\\Development\\Laravel\\puspa-api\\vendor\\laravel\\framework\\src\\Illuminate\\Routing\\Router.php(465): Illuminate\\Routing\\Router->loadRoutes('D:\\\\Development\\\\...')
#3 D:\\Development\\Laravel\\puspa-api\\vendor\\laravel\\framework\\src\\Illuminate\\Routing\\RouteRegistrar.php(194): Illuminate\\Routing\\Router->group(Array, 'D:\\\\Development\\\\...')
#4 D:\\Development\\Laravel\\puspa-api\\app\\Providers\\RouteServiceProvider.php(32): Illuminate\\Routing\\RouteRegistrar->group('D:\\\\Development\\\\...')
#5 D:\\Development\\Laravel\\puspa-api\\vendor\\laravel\\framework\\src\\Illuminate\\Container\\BoundMethod.php(36): App\\Providers\\RouteServiceProvider->App\\Providers\\{closure}()
#6 D:\\Development\\Laravel\\puspa-api\\vendor\\laravel\\framework\\src\\Illuminate\\Container\\Util.php(41): Illuminate\\Container\\BoundMethod::Illuminate\\Container\\{closure}()
#7 D:\\Development\\Laravel\\puspa-api\\vendor\\laravel\\framework\\src\\Illuminate\\Container\\BoundMethod.php(81): Illuminate\\Container\\Util::unwrapIfClosure(Object(Closure))
#8 D:\\Development\\Laravel\\puspa-api\\vendor\\laravel\\framework\\src\\Illuminate\\Container\\BoundMethod.php(35): Illuminate\\Container\\BoundMethod::callBoundMethod(Object(Illuminate\\Foundation\\Application), Object(Closure), Object(Closure))
#9 D:\\Development\\Laravel\\puspa-api\\vendor\\laravel\\framework\\src\\Illuminate\\Container\\Container.php(662): Illuminate\\Container\\BoundMethod::call(Object(Illuminate\\Foundation\\Application), Object(Closure), Array, NULL)
#10 D:\\Development\\Laravel\\puspa-api\\vendor\\laravel\\framework\\src\\Illuminate\\Foundation\\Support\\Providers\\RouteServiceProvider.php(120): Illuminate\\Container\\Container->call(Object(Closure))
#11 D:\\Development\\Laravel\\puspa-api\\vendor\\laravel\\framework\\src\\Illuminate\\Foundation\\Support\\Providers\\RouteServiceProvider.php(45): Illuminate\\Foundation\\Support\\Providers\\RouteServiceProvider->loadRoutes()
#12 D:\\Development\\Laravel\\puspa-api\\vendor\\laravel\\framework\\src\\Illuminate\\Container\\BoundMethod.php(36): Illuminate\\Foundation\\Support\\Providers\\RouteServiceProvider->Illuminate\\Foundation\\Support\\Providers\\{closure}()
#13 D:\\Development\\Laravel\\puspa-api\\vendor\\laravel\\framework\\src\\Illuminate\\Container\\Util.php(41): Illuminate\\Container\\BoundMethod::Illuminate\\Container\\{closure}()
#14 D:\\Development\\Laravel\\puspa-api\\vendor\\laravel\\framework\\src\\Illuminate\\Container\\BoundMethod.php(81): Illuminate\\Container\\Util::unwrapIfClosure(Object(Closure))
#15 D:\\Development\\Laravel\\puspa-api\\vendor\\laravel\\framework\\src\\Illuminate\\Container\\BoundMethod.php(35): Illuminate\\Container\\BoundMethod::callBoundMethod(Object(Illuminate\\Foundation\\Application), Object(Closure), Object(Closure))
#16 D:\\Development\\Laravel\\puspa-api\\vendor\\laravel\\framework\\src\\Illuminate\\Container\\Container.php(662): Illuminate\\Container\\BoundMethod::call(Object(Illuminate\\Foundation\\Application), Object(Closure), Array, NULL)
#17 D:\\Development\\Laravel\\puspa-api\\vendor\\laravel\\framework\\src\\Illuminate\\Support\\ServiceProvider.php(119): Illuminate\\Container\\Container->call(Object(Closure))
#18 D:\\Development\\Laravel\\puspa-api\\vendor\\laravel\\framework\\src\\Illuminate\\Foundation\\Application.php(1062): Illuminate\\Support\\ServiceProvider->callBootedCallbacks()
#19 D:\\Development\\Laravel\\puspa-api\\vendor\\laravel\\framework\\src\\Illuminate\\Foundation\\Application.php(1040): Illuminate\\Foundation\\Application->bootProvider(Object(App\\Providers\\RouteServiceProvider))
#20 [internal function]: Illuminate\\Foundation\\Application->Illuminate\\Foundation\\{closure}(Object(App\\Providers\\RouteServiceProvider), 26)
#21 D:\\Development\\Laravel\\puspa-api\\vendor\\laravel\\framework\\src\\Illuminate\\Foundation\\Application.php(1039): array_walk(Array, Object(Closure))
#22 D:\\Development\\Laravel\\puspa-api\\vendor\\laravel\\framework\\src\\Illuminate\\Foundation\\Bootstrap\\BootProviders.php(17): Illuminate\\Foundation\\Application->boot()
#23 D:\\Development\\Laravel\\puspa-api\\vendor\\laravel\\framework\\src\\Illuminate\\Foundation\\Application.php(286): Illuminate\\Foundation\\Bootstrap\\BootProviders->bootstrap(Object(Illuminate\\Foundation\\Application))
#24 D:\\Development\\Laravel\\puspa-api\\vendor\\laravel\\framework\\src\\Illuminate\\Foundation\\Console\\Kernel.php(447): Illuminate\\Foundation\\Application->bootstrapWith(Array)
#25 D:\\Development\\Laravel\\puspa-api\\vendor\\laravel\\framework\\src\\Illuminate\\Foundation\\Console\\Kernel.php(199): Illuminate\\Foundation\\Console\\Kernel->bootstrap()
#26 Command line code(1): Illuminate\\Foundation\\Console\\Kernel->handle(Object(Symfony\\Component\\Console\\Input\\ArgvInput), Object(Symfony\\Component\\Console\\Output\\ConsoleOutput))
#27 {main}
"} 
[2026-02-28 10:50:45] local.ERROR: Class "AssessmentAnswer" not found {"exception":"[object] (Error(code: 0): Class \"AssessmentAnswer\" not found at D:\\Development\\Laravel\\puspa-api\\routes\\api.php:305)
[stacktrace]
#0 D:\\Development\\Laravel\\puspa-api\\vendor\\laravel\\framework\\src\\Illuminate\\Routing\\RouteFileRegistrar.php(35): require()
#1 D:\\Development\\Laravel\\puspa-api\\vendor\\laravel\\framework\\src\\Illuminate\\Routing\\Router.php(511): Illuminate\\Routing\\RouteFileRegistrar->register('D:\\\\Development\\\\...')
#2 D:\\Development\\Laravel\\puspa-api\\vendor\\laravel\\framework\\src\\Illuminate\\Routing\\Router.php(465): Illuminate\\Routing\\Router->loadRoutes('D:\\\\Development\\\\...')
#3 D:\\Development\\Laravel\\puspa-api\\vendor\\laravel\\framework\\src\\Illuminate\\Routing\\RouteRegistrar.php(194): Illuminate\\Routing\\Router->group(Array, 'D:\\\\Development\\\\...')
#4 D:\\Development\\Laravel\\puspa-api\\app\\Providers\\RouteServiceProvider.php(32): Illuminate\\Routing\\RouteRegistrar->group('D:\\\\Development\\\\...')
#5 D:\\Development\\Laravel\\puspa-api\\vendor\\laravel\\framework\\src\\Illuminate\\Container\\BoundMethod.php(36): App\\Providers\\RouteServiceProvider->App\\Providers\\{closure}()
#6 D:\\Development\\Laravel\\puspa-api\\vendor\\laravel\\framework\\src\\Illuminate\\Container\\Util.php(41): Illuminate\\Container\\BoundMethod::Illuminate\\Container\\{closure}()
#7 D:\\Development\\Laravel\\puspa-api\\vendor\\laravel\\framework\\src\\Illuminate\\Container\\BoundMethod.php(81): Illuminate\\Container\\Util::unwrapIfClosure(Object(Closure))
#8 D:\\Development\\Laravel\\puspa-api\\vendor\\laravel\\framework\\src\\Illuminate\\Container\\BoundMethod.php(35): Illuminate\\Container\\BoundMethod::callBoundMethod(Object(Illuminate\\Foundation\\Application), Object(Closure), Object(Closure))
#9 D:\\Development\\Laravel\\puspa-api\\vendor\\laravel\\framework\\src\\Illuminate\\Container\\Container.php(662): Illuminate\\Container\\BoundMethod::call(Object(Illuminate\\Foundation\\Application), Object(Closure), Array, NULL)
#10 D:\\Development\\Laravel\\puspa-api\\vendor\\laravel\\framework\\src\\Illuminate\\Foundation\\Support\\Providers\\RouteServiceProvider.php(120): Illuminate\\Container\\Container->call(Object(Closure))
#11 D:\\Development\\Laravel\\puspa-api\\vendor\\laravel\\framework\\src\\Illuminate\\Foundation\\Support\\Providers\\RouteServiceProvider.php(45): Illuminate\\Foundation\\Support\\Providers\\RouteServiceProvider->loadRoutes()
#12 D:\\Development\\Laravel\\puspa-api\\vendor\\laravel\\framework\\src\\Illuminate\\Container\\BoundMethod.php(36): Illuminate\\Foundation\\Support\\Providers\\RouteServiceProvider->Illuminate\\Foundation\\Support\\Providers\\{closure}()
#13 D:\\Development\\Laravel\\puspa-api\\vendor\\laravel\\framework\\src\\Illuminate\\Container\\Util.php(41): Illuminate\\Container\\BoundMethod::Illuminate\\Container\\{closure}()
#14 D:\\Development\\Laravel\\puspa-api\\vendor\\laravel\\framework\\src\\Illuminate\\Container\\BoundMethod.php(81): Illuminate\\Container\\Util::unwrapIfClosure(Object(Closure))
#15 D:\\Development\\Laravel\\puspa-api\\vendor\\laravel\\framework\\src\\Illuminate\\Container\\BoundMethod.php(35): Illuminate\\Container\\BoundMethod::callBoundMethod(Object(Illuminate\\Foundation\\Application), Object(Closure), Object(Closure))
#16 D:\\Development\\Laravel\\puspa-api\\vendor\\laravel\\framework\\src\\Illuminate\\Container\\Container.php(662): Illuminate\\Container\\BoundMethod::call(Object(Illuminate\\Foundation\\Application), Object(Closure), Array, NULL)
#17 D:\\Development\\Laravel\\puspa-api\\vendor\\laravel\\framework\\src\\Illuminate\\Support\\ServiceProvider.php(119): Illuminate\\Container\\Container->call(Object(Closure))
#18 D:\\Development\\Laravel\\puspa-api\\vendor\\laravel\\framework\\src\\Illuminate\\Foundation\\Application.php(1062): Illuminate\\Support\\ServiceProvider->callBootedCallbacks()
#19 D:\\Development\\Laravel\\puspa-api\\vendor\\laravel\\framework\\src\\Illuminate\\Foundation\\Application.php(1040): Illuminate\\Foundation\\Application->bootProvider(Object(App\\Providers\\RouteServiceProvider))
#20 [internal function]: Illuminate\\Foundation\\Application->Illuminate\\Foundation\\{closure}(Object(App\\Providers\\RouteServiceProvider), 26)
#21 D:\\Development\\Laravel\\puspa-api\\vendor\\laravel\\framework\\src\\Illuminate\\Foundation\\Application.php(1039): array_walk(Array, Object(Closure))
#22 D:\\Development\\Laravel\\puspa-api\\vendor\\laravel\\framework\\src\\Illuminate\\Foundation\\Bootstrap\\BootProviders.php(17): Illuminate\\Foundation\\Application->boot()
#23 D:\\Development\\Laravel\\puspa-api\\vendor\\laravel\\framework\\src\\Illuminate\\Foundation\\Application.php(286): Illuminate\\Foundation\\Bootstrap\\BootProviders->bootstrap(Object(Illuminate\\Foundation\\Application))
#24 D:\\Development\\Laravel\\puspa-api\\vendor\\laravel\\framework\\src\\Illuminate\\Foundation\\Console\\Kernel.php(447): Illuminate\\Foundation\\Application->bootstrapWith(Array)
#25 D:\\Development\\Laravel\\puspa-api\\vendor\\laravel\\framework\\src\\Illuminate\\Foundation\\Console\\Kernel.php(199): Illuminate\\Foundation\\Console\\Kernel->bootstrap()
#26 Command line code(1): Illuminate\\Foundation\\Console\\Kernel->handle(Object(Symfony\\Component\\Console\\Input\\ArgvInput), Object(Symfony\\Component\\Console\\Output\\ConsoleOutput))
#27 {main}
"} 
[2026-02-28 10:51:45] local.ERROR: Class "AssessmentAnswer" not found {"exception":"[object] (Error(code: 0): Class \"AssessmentAnswer\" not found at D:\\Development\\Laravel\\puspa-api\\routes\\api.php:305)
[stacktrace]
#0 D:\\Development\\Laravel\\puspa-api\\vendor\\laravel\\framework\\src\\Illuminate\\Routing\\RouteFileRegistrar.php(35): require()
#1 D:\\Development\\Laravel\\puspa-api\\vendor\\laravel\\framework\\src\\Illuminate\\Routing\\Router.php(511): Illuminate\\Routing\\RouteFileRegistrar->register('D:\\\\Development\\\\...')
#2 D:\\Development\\Laravel\\puspa-api\\vendor\\laravel\\framework\\src\\Illuminate\\Routing\\Router.php(465): Illuminate\\Routing\\Router->loadRoutes('D:\\\\Development\\\\...')
#3 D:\\Development\\Laravel\\puspa-api\\vendor\\laravel\\framework\\src\\Illuminate\\Routing\\RouteRegistrar.php(194): Illuminate\\Routing\\Router->group(Array, 'D:\\\\Development\\\\...')
#4 D:\\Development\\Laravel\\puspa-api\\app\\Providers\\RouteServiceProvider.php(32): Illuminate\\Routing\\RouteRegistrar->group('D:\\\\Development\\\\...')
#5 D:\\Development\\Laravel\\puspa-api\\vendor\\laravel\\framework\\src\\Illuminate\\Container\\BoundMethod.php(36): App\\Providers\\RouteServiceProvider->App\\Providers\\{closure}()
#6 D:\\Development\\Laravel\\puspa-api\\vendor\\laravel\\framework\\src\\Illuminate\\Container\\Util.php(41): Illuminate\\Container\\BoundMethod::Illuminate\\Container\\{closure}()
#7 D:\\Development\\Laravel\\puspa-api\\vendor\\laravel\\framework\\src\\Illuminate\\Container\\BoundMethod.php(81): Illuminate\\Container\\Util::unwrapIfClosure(Object(Closure))
#8 D:\\Development\\Laravel\\puspa-api\\vendor\\laravel\\framework\\src\\Illuminate\\Container\\BoundMethod.php(35): Illuminate\\Container\\BoundMethod::callBoundMethod(Object(Illuminate\\Foundation\\Application), Object(Closure), Object(Closure))
#9 D:\\Development\\Laravel\\puspa-api\\vendor\\laravel\\framework\\src\\Illuminate\\Container\\Container.php(662): Illuminate\\Container\\BoundMethod::call(Object(Illuminate\\Foundation\\Application), Object(Closure), Array, NULL)
#10 D:\\Development\\Laravel\\puspa-api\\vendor\\laravel\\framework\\src\\Illuminate\\Foundation\\Support\\Providers\\RouteServiceProvider.php(120): Illuminate\\Container\\Container->call(Object(Closure))
#11 D:\\Development\\Laravel\\puspa-api\\vendor\\laravel\\framework\\src\\Illuminate\\Foundation\\Support\\Providers\\RouteServiceProvider.php(45): Illuminate\\Foundation\\Support\\Providers\\RouteServiceProvider->loadRoutes()
#12 D:\\Development\\Laravel\\puspa-api\\vendor\\laravel\\framework\\src\\Illuminate\\Container\\BoundMethod.php(36): Illuminate\\Foundation\\Support\\Providers\\RouteServiceProvider->Illuminate\\Foundation\\Support\\Providers\\{closure}()
#13 D:\\Development\\Laravel\\puspa-api\\vendor\\laravel\\framework\\src\\Illuminate\\Container\\Util.php(41): Illuminate\\Container\\BoundMethod::Illuminate\\Container\\{closure}()
#14 D:\\Development\\Laravel\\puspa-api\\vendor\\laravel\\framework\\src\\Illuminate\\Container\\BoundMethod.php(81): Illuminate\\Container\\Util::unwrapIfClosure(Object(Closure))
#15 D:\\Development\\Laravel\\puspa-api\\vendor\\laravel\\framework\\src\\Illuminate\\Container\\BoundMethod.php(35): Illuminate\\Container\\BoundMethod::callBoundMethod(Object(Illuminate\\Foundation\\Application), Object(Closure), Object(Closure))
#16 D:\\Development\\Laravel\\puspa-api\\vendor\\laravel\\framework\\src\\Illuminate\\Container\\Container.php(662): Illuminate\\Container\\BoundMethod::call(Object(Illuminate\\Foundation\\Application), Object(Closure), Array, NULL)
#17 D:\\Development\\Laravel\\puspa-api\\vendor\\laravel\\framework\\src\\Illuminate\\Support\\ServiceProvider.php(119): Illuminate\\Container\\Container->call(Object(Closure))
#18 D:\\Development\\Laravel\\puspa-api\\vendor\\laravel\\framework\\src\\Illuminate\\Foundation\\Application.php(1062): Illuminate\\Support\\ServiceProvider->callBootedCallbacks()
#19 D:\\Development\\Laravel\\puspa-api\\vendor\\laravel\\framework\\src\\Illuminate\\Foundation\\Application.php(1040): Illuminate\\Foundation\\Application->bootProvider(Object(App\\Providers\\RouteServiceProvider))
#20 [internal function]: Illuminate\\Foundation\\Application->Illuminate\\Foundation\\{closure}(Object(App\\Providers\\RouteServiceProvider), 26)
#21 D:\\Development\\Laravel\\puspa-api\\vendor\\laravel\\framework\\src\\Illuminate\\Foundation\\Application.php(1039): array_walk(Array, Object(Closure))
#22 D:\\Development\\Laravel\\puspa-api\\vendor\\laravel\\framework\\src\\Illuminate\\Foundation\\Bootstrap\\BootProviders.php(17): Illuminate\\Foundation\\Application->boot()
#23 D:\\Development\\Laravel\\puspa-api\\vendor\\laravel\\framework\\src\\Illuminate\\Foundation\\Application.php(286): Illuminate\\Foundation\\Bootstrap\\BootProviders->bootstrap(Object(Illuminate\\Foundation\\Application))
#24 D:\\Development\\Laravel\\puspa-api\\vendor\\laravel\\framework\\src\\Illuminate\\Foundation\\Console\\Kernel.php(447): Illuminate\\Foundation\\Application->bootstrapWith(Array)
#25 D:\\Development\\Laravel\\puspa-api\\vendor\\laravel\\framework\\src\\Illuminate\\Foundation\\Console\\Kernel.php(199): Illuminate\\Foundation\\Console\\Kernel->bootstrap()
#26 Command line code(1): Illuminate\\Foundation\\Console\\Kernel->handle(Object(Symfony\\Component\\Console\\Input\\ArgvInput), Object(Symfony\\Component\\Console\\Output\\ConsoleOutput))
#27 {main}
"} 
[2026-02-28 10:51:45] local.ERROR: Class "AssessmentAnswer" not found {"exception":"[object] (Error(code: 0): Class \"AssessmentAnswer\" not found at D:\\Development\\Laravel\\puspa-api\\routes\\api.php:305)
[stacktrace]
#0 D:\\Development\\Laravel\\puspa-api\\vendor\\laravel\\framework\\src\\Illuminate\\Routing\\RouteFileRegistrar.php(35): require()
#1 D:\\Development\\Laravel\\puspa-api\\vendor\\laravel\\framework\\src\\Illuminate\\Routing\\Router.php(511): Illuminate\\Routing\\RouteFileRegistrar->register('D:\\\\Development\\\\...')
#2 D:\\Development\\Laravel\\puspa-api\\vendor\\laravel\\framework\\src\\Illuminate\\Routing\\Router.php(465): Illuminate\\Routing\\Router->loadRoutes('D:\\\\Development\\\\...')
#3 D:\\Development\\Laravel\\puspa-api\\vendor\\laravel\\framework\\src\\Illuminate\\Routing\\RouteRegistrar.php(194): Illuminate\\Routing\\Router->group(Array, 'D:\\\\Development\\\\...')
#4 D:\\Development\\Laravel\\puspa-api\\app\\Providers\\RouteServiceProvider.php(32): Illuminate\\Routing\\RouteRegistrar->group('D:\\\\Development\\\\...')
#5 D:\\Development\\Laravel\\puspa-api\\vendor\\laravel\\framework\\src\\Illuminate\\Container\\BoundMethod.php(36): App\\Providers\\RouteServiceProvider->App\\Providers\\{closure}()
#6 D:\\Development\\Laravel\\puspa-api\\vendor\\laravel\\framework\\src\\Illuminate\\Container\\Util.php(41): Illuminate\\Container\\BoundMethod::Illuminate\\Container\\{closure}()
#7 D:\\Development\\Laravel\\puspa-api\\vendor\\laravel\\framework\\src\\Illuminate\\Container\\BoundMethod.php(81): Illuminate\\Container\\Util::unwrapIfClosure(Object(Closure))
#8 D:\\Development\\Laravel\\puspa-api\\vendor\\laravel\\framework\\src\\Illuminate\\Container\\BoundMethod.php(35): Illuminate\\Container\\BoundMethod::callBoundMethod(Object(Illuminate\\Foundation\\Application), Object(Closure), Object(Closure))
#9 D:\\Development\\Laravel\\puspa-api\\vendor\\laravel\\framework\\src\\Illuminate\\Container\\Container.php(662): Illuminate\\Container\\BoundMethod::call(Object(Illuminate\\Foundation\\Application), Object(Closure), Array, NULL)
#10 D:\\Development\\Laravel\\puspa-api\\vendor\\laravel\\framework\\src\\Illuminate\\Foundation\\Support\\Providers\\RouteServiceProvider.php(120): Illuminate\\Container\\Container->call(Object(Closure))
#11 D:\\Development\\Laravel\\puspa-api\\vendor\\laravel\\framework\\src\\Illuminate\\Foundation\\Support\\Providers\\RouteServiceProvider.php(45): Illuminate\\Foundation\\Support\\Providers\\RouteServiceProvider->loadRoutes()
#12 D:\\Development\\Laravel\\puspa-api\\vendor\\laravel\\framework\\src\\Illuminate\\Container\\BoundMethod.php(36): Illuminate\\Foundation\\Support\\Providers\\RouteServiceProvider->Illuminate\\Foundation\\Support\\Providers\\{closure}()
#13 D:\\Development\\Laravel\\puspa-api\\vendor\\laravel\\framework\\src\\Illuminate\\Container\\Util.php(41): Illuminate\\Container\\BoundMethod::Illuminate\\Container\\{closure}()
#14 D:\\Development\\Laravel\\puspa-api\\vendor\\laravel\\framework\\src\\Illuminate\\Container\\BoundMethod.php(81): Illuminate\\Container\\Util::unwrapIfClosure(Object(Closure))
#15 D:\\Development\\Laravel\\puspa-api\\vendor\\laravel\\framework\\src\\Illuminate\\Container\\BoundMethod.php(35): Illuminate\\Container\\BoundMethod::callBoundMethod(Object(Illuminate\\Foundation\\Application), Object(Closure), Object(Closure))
#16 D:\\Development\\Laravel\\puspa-api\\vendor\\laravel\\framework\\src\\Illuminate\\Container\\Container.php(662): Illuminate\\Container\\BoundMethod::call(Object(Illuminate\\Foundation\\Application), Object(Closure), Array, NULL)
#17 D:\\Development\\Laravel\\puspa-api\\vendor\\laravel\\framework\\src\\Illuminate\\Support\\ServiceProvider.php(119): Illuminate\\Container\\Container->call(Object(Closure))
#18 D:\\Development\\Laravel\\puspa-api\\vendor\\laravel\\framework\\src\\Illuminate\\Foundation\\Application.php(1062): Illuminate\\Support\\ServiceProvider->callBootedCallbacks()
#19 D:\\Development\\Laravel\\puspa-api\\vendor\\laravel\\framework\\src\\Illuminate\\Foundation\\Application.php(1040): Illuminate\\Foundation\\Application->bootProvider(Object(App\\Providers\\RouteServiceProvider))
#20 [internal function]: Illuminate\\Foundation\\Application->Illuminate\\Foundation\\{closure}(Object(App\\Providers\\RouteServiceProvider), 26)
#21 D:\\Development\\Laravel\\puspa-api\\vendor\\laravel\\framework\\src\\Illuminate\\Foundation\\Application.php(1039): array_walk(Array, Object(Closure))
#22 D:\\Development\\Laravel\\puspa-api\\vendor\\laravel\\framework\\src\\Illuminate\\Foundation\\Bootstrap\\BootProviders.php(17): Illuminate\\Foundation\\Application->boot()
#23 D:\\Development\\Laravel\\puspa-api\\vendor\\laravel\\framework\\src\\Illuminate\\Foundation\\Application.php(286): Illuminate\\Foundation\\Bootstrap\\BootProviders->bootstrap(Object(Illuminate\\Foundation\\Application))
#24 D:\\Development\\Laravel\\puspa-api\\vendor\\laravel\\framework\\src\\Illuminate\\Foundation\\Console\\Kernel.php(447): Illuminate\\Foundation\\Application->bootstrapWith(Array)
#25 D:\\Development\\Laravel\\puspa-api\\vendor\\laravel\\framework\\src\\Illuminate\\Foundation\\Console\\Kernel.php(199): Illuminate\\Foundation\\Console\\Kernel->bootstrap()
#26 Command line code(1): Illuminate\\Foundation\\Console\\Kernel->handle(Object(Symfony\\Component\\Console\\Input\\ArgvInput), Object(Symfony\\Component\\Console\\Output\\ConsoleOutput))
#27 {main}
"} 
[2026-02-28 10:52:45] local.ERROR: Class "AssessmentAnswer" not found {"exception":"[object] (Error(code: 0): Class \"AssessmentAnswer\" not found at D:\\Development\\Laravel\\puspa-api\\routes\\api.php:305)
[stacktrace]
#0 D:\\Development\\Laravel\\puspa-api\\vendor\\laravel\\framework\\src\\Illuminate\\Routing\\RouteFileRegistrar.php(35): require()
#1 D:\\Development\\Laravel\\puspa-api\\vendor\\laravel\\framework\\src\\Illuminate\\Routing\\Router.php(511): Illuminate\\Routing\\RouteFileRegistrar->register('D:\\\\Development\\\\...')
#2 D:\\Development\\Laravel\\puspa-api\\vendor\\laravel\\framework\\src\\Illuminate\\Routing\\Router.php(465): Illuminate\\Routing\\Router->loadRoutes('D:\\\\Development\\\\...')
#3 D:\\Development\\Laravel\\puspa-api\\vendor\\laravel\\framework\\src\\Illuminate\\Routing\\RouteRegistrar.php(194): Illuminate\\Routing\\Router->group(Array, 'D:\\\\Development\\\\...')
#4 D:\\Development\\Laravel\\puspa-api\\app\\Providers\\RouteServiceProvider.php(32): Illuminate\\Routing\\RouteRegistrar->group('D:\\\\Development\\\\...')
#5 D:\\Development\\Laravel\\puspa-api\\vendor\\laravel\\framework\\src\\Illuminate\\Container\\BoundMethod.php(36): App\\Providers\\RouteServiceProvider->App\\Providers\\{closure}()
#6 D:\\Development\\Laravel\\puspa-api\\vendor\\laravel\\framework\\src\\Illuminate\\Container\\Util.php(41): Illuminate\\Container\\BoundMethod::Illuminate\\Container\\{closure}()
#7 D:\\Development\\Laravel\\puspa-api\\vendor\\laravel\\framework\\src\\Illuminate\\Container\\BoundMethod.php(81): Illuminate\\Container\\Util::unwrapIfClosure(Object(Closure))
#8 D:\\Development\\Laravel\\puspa-api\\vendor\\laravel\\framework\\src\\Illuminate\\Container\\BoundMethod.php(35): Illuminate\\Container\\BoundMethod::callBoundMethod(Object(Illuminate\\Foundation\\Application), Object(Closure), Object(Closure))
#9 D:\\Development\\Laravel\\puspa-api\\vendor\\laravel\\framework\\src\\Illuminate\\Container\\Container.php(662): Illuminate\\Container\\BoundMethod::call(Object(Illuminate\\Foundation\\Application), Object(Closure), Array, NULL)
#10 D:\\Development\\Laravel\\puspa-api\\vendor\\laravel\\framework\\src\\Illuminate\\Foundation\\Support\\Providers\\RouteServiceProvider.php(120): Illuminate\\Container\\Container->call(Object(Closure))
#11 D:\\Development\\Laravel\\puspa-api\\vendor\\laravel\\framework\\src\\Illuminate\\Foundation\\Support\\Providers\\RouteServiceProvider.php(45): Illuminate\\Foundation\\Support\\Providers\\RouteServiceProvider->loadRoutes()
#12 D:\\Development\\Laravel\\puspa-api\\vendor\\laravel\\framework\\src\\Illuminate\\Container\\BoundMethod.php(36): Illuminate\\Foundation\\Support\\Providers\\RouteServiceProvider->Illuminate\\Foundation\\Support\\Providers\\{closure}()
#13 D:\\Development\\Laravel\\puspa-api\\vendor\\laravel\\framework\\src\\Illuminate\\Container\\Util.php(41): Illuminate\\Container\\BoundMethod::Illuminate\\Container\\{closure}()
#14 D:\\Development\\Laravel\\puspa-api\\vendor\\laravel\\framework\\src\\Illuminate\\Container\\BoundMethod.php(81): Illuminate\\Container\\Util::unwrapIfClosure(Object(Closure))
#15 D:\\Development\\Laravel\\puspa-api\\vendor\\laravel\\framework\\src\\Illuminate\\Container\\BoundMethod.php(35): Illuminate\\Container\\BoundMethod::callBoundMethod(Object(Illuminate\\Foundation\\Application), Object(Closure), Object(Closure))
#16 D:\\Development\\Laravel\\puspa-api\\vendor\\laravel\\framework\\src\\Illuminate\\Container\\Container.php(662): Illuminate\\Container\\BoundMethod::call(Object(Illuminate\\Foundation\\Application), Object(Closure), Array, NULL)
#17 D:\\Development\\Laravel\\puspa-api\\vendor\\laravel\\framework\\src\\Illuminate\\Support\\ServiceProvider.php(119): Illuminate\\Container\\Container->call(Object(Closure))
#18 D:\\Development\\Laravel\\puspa-api\\vendor\\laravel\\framework\\src\\Illuminate\\Foundation\\Application.php(1062): Illuminate\\Support\\ServiceProvider->callBootedCallbacks()
#19 D:\\Development\\Laravel\\puspa-api\\vendor\\laravel\\framework\\src\\Illuminate\\Foundation\\Application.php(1040): Illuminate\\Foundation\\Application->bootProvider(Object(App\\Providers\\RouteServiceProvider))
#20 [internal function]: Illuminate\\Foundation\\Application->Illuminate\\Foundation\\{closure}(Object(App\\Providers\\RouteServiceProvider), 26)
#21 D:\\Development\\Laravel\\puspa-api\\vendor\\laravel\\framework\\src\\Illuminate\\Foundation\\Application.php(1039): array_walk(Array, Object(Closure))
#22 D:\\Development\\Laravel\\puspa-api\\vendor\\laravel\\framework\\src\\Illuminate\\Foundation\\Bootstrap\\BootProviders.php(17): Illuminate\\Foundation\\Application->boot()
#23 D:\\Development\\Laravel\\puspa-api\\vendor\\laravel\\framework\\src\\Illuminate\\Foundation\\Application.php(286): Illuminate\\Foundation\\Bootstrap\\BootProviders->bootstrap(Object(Illuminate\\Foundation\\Application))
#24 D:\\Development\\Laravel\\puspa-api\\vendor\\laravel\\framework\\src\\Illuminate\\Foundation\\Console\\Kernel.php(447): Illuminate\\Foundation\\Application->bootstrapWith(Array)
#25 D:\\Development\\Laravel\\puspa-api\\vendor\\laravel\\framework\\src\\Illuminate\\Foundation\\Console\\Kernel.php(199): Illuminate\\Foundation\\Console\\Kernel->bootstrap()
#26 Command line code(1): Illuminate\\Foundation\\Console\\Kernel->handle(Object(Symfony\\Component\\Console\\Input\\ArgvInput), Object(Symfony\\Component\\Console\\Output\\ConsoleOutput))
#27 {main}
"} 
[2026-02-28 10:52:45] local.ERROR: Class "AssessmentAnswer" not found {"exception":"[object] (Error(code: 0): Class \"AssessmentAnswer\" not found at D:\\Development\\Laravel\\puspa-api\\routes\\api.php:305)
[stacktrace]
#0 D:\\Development\\Laravel\\puspa-api\\vendor\\laravel\\framework\\src\\Illuminate\\Routing\\RouteFileRegistrar.php(35): require()
#1 D:\\Development\\Laravel\\puspa-api\\vendor\\laravel\\framework\\src\\Illuminate\\Routing\\Router.php(511): Illuminate\\Routing\\RouteFileRegistrar->register('D:\\\\Development\\\\...')
#2 D:\\Development\\Laravel\\puspa-api\\vendor\\laravel\\framework\\src\\Illuminate\\Routing\\Router.php(465): Illuminate\\Routing\\Router->loadRoutes('D:\\\\Development\\\\...')
#3 D:\\Development\\Laravel\\puspa-api\\vendor\\laravel\\framework\\src\\Illuminate\\Routing\\RouteRegistrar.php(194): Illuminate\\Routing\\Router->group(Array, 'D:\\\\Development\\\\...')
#4 D:\\Development\\Laravel\\puspa-api\\app\\Providers\\RouteServiceProvider.php(32): Illuminate\\Routing\\RouteRegistrar->group('D:\\\\Development\\\\...')
#5 D:\\Development\\Laravel\\puspa-api\\vendor\\laravel\\framework\\src\\Illuminate\\Container\\BoundMethod.php(36): App\\Providers\\RouteServiceProvider->App\\Providers\\{closure}()
#6 D:\\Development\\Laravel\\puspa-api\\vendor\\laravel\\framework\\src\\Illuminate\\Container\\Util.php(41): Illuminate\\Container\\BoundMethod::Illuminate\\Container\\{closure}()
#7 D:\\Development\\Laravel\\puspa-api\\vendor\\laravel\\framework\\src\\Illuminate\\Container\\BoundMethod.php(81): Illuminate\\Container\\Util::unwrapIfClosure(Object(Closure))
#8 D:\\Development\\Laravel\\puspa-api\\vendor\\laravel\\framework\\src\\Illuminate\\Container\\BoundMethod.php(35): Illuminate\\Container\\BoundMethod::callBoundMethod(Object(Illuminate\\Foundation\\Application), Object(Closure), Object(Closure))
#9 D:\\Development\\Laravel\\puspa-api\\vendor\\laravel\\framework\\src\\Illuminate\\Container\\Container.php(662): Illuminate\\Container\\BoundMethod::call(Object(Illuminate\\Foundation\\Application), Object(Closure), Array, NULL)
#10 D:\\Development\\Laravel\\puspa-api\\vendor\\laravel\\framework\\src\\Illuminate\\Foundation\\Support\\Providers\\RouteServiceProvider.php(120): Illuminate\\Container\\Container->call(Object(Closure))
#11 D:\\Development\\Laravel\\puspa-api\\vendor\\laravel\\framework\\src\\Illuminate\\Foundation\\Support\\Providers\\RouteServiceProvider.php(45): Illuminate\\Foundation\\Support\\Providers\\RouteServiceProvider->loadRoutes()
#12 D:\\Development\\Laravel\\puspa-api\\vendor\\laravel\\framework\\src\\Illuminate\\Container\\BoundMethod.php(36): Illuminate\\Foundation\\Support\\Providers\\RouteServiceProvider->Illuminate\\Foundation\\Support\\Providers\\{closure}()
#13 D:\\Development\\Laravel\\puspa-api\\vendor\\laravel\\framework\\src\\Illuminate\\Container\\Util.php(41): Illuminate\\Container\\BoundMethod::Illuminate\\Container\\{closure}()
#14 D:\\Development\\Laravel\\puspa-api\\vendor\\laravel\\framework\\src\\Illuminate\\Container\\BoundMethod.php(81): Illuminate\\Container\\Util::unwrapIfClosure(Object(Closure))
#15 D:\\Development\\Laravel\\puspa-api\\vendor\\laravel\\framework\\src\\Illuminate\\Container\\BoundMethod.php(35): Illuminate\\Container\\BoundMethod::callBoundMethod(Object(Illuminate\\Foundation\\Application), Object(Closure), Object(Closure))
#16 D:\\Development\\Laravel\\puspa-api\\vendor\\laravel\\framework\\src\\Illuminate\\Container\\Container.php(662): Illuminate\\Container\\BoundMethod::call(Object(Illuminate\\Foundation\\Application), Object(Closure), Array, NULL)
#17 D:\\Development\\Laravel\\puspa-api\\vendor\\laravel\\framework\\src\\Illuminate\\Support\\ServiceProvider.php(119): Illuminate\\Container\\Container->call(Object(Closure))
#18 D:\\Development\\Laravel\\puspa-api\\vendor\\laravel\\framework\\src\\Illuminate\\Foundation\\Application.php(1062): Illuminate\\Support\\ServiceProvider->callBootedCallbacks()
#19 D:\\Development\\Laravel\\puspa-api\\vendor\\laravel\\framework\\src\\Illuminate\\Foundation\\Application.php(1040): Illuminate\\Foundation\\Application->bootProvider(Object(App\\Providers\\RouteServiceProvider))
#20 [internal function]: Illuminate\\Foundation\\Application->Illuminate\\Foundation\\{closure}(Object(App\\Providers\\RouteServiceProvider), 26)
#21 D:\\Development\\Laravel\\puspa-api\\vendor\\laravel\\framework\\src\\Illuminate\\Foundation\\Application.php(1039): array_walk(Array, Object(Closure))
#22 D:\\Development\\Laravel\\puspa-api\\vendor\\laravel\\framework\\src\\Illuminate\\Foundation\\Bootstrap\\BootProviders.php(17): Illuminate\\Foundation\\Application->boot()
#23 D:\\Development\\Laravel\\puspa-api\\vendor\\laravel\\framework\\src\\Illuminate\\Foundation\\Application.php(286): Illuminate\\Foundation\\Bootstrap\\BootProviders->bootstrap(Object(Illuminate\\Foundation\\Application))
#24 D:\\Development\\Laravel\\puspa-api\\vendor\\laravel\\framework\\src\\Illuminate\\Foundation\\Console\\Kernel.php(447): Illuminate\\Foundation\\Application->bootstrapWith(Array)
#25 D:\\Development\\Laravel\\puspa-api\\vendor\\laravel\\framework\\src\\Illuminate\\Foundation\\Console\\Kernel.php(199): Illuminate\\Foundation\\Console\\Kernel->bootstrap()
#26 Command line code(1): Illuminate\\Foundation\\Console\\Kernel->handle(Object(Symfony\\Component\\Console\\Input\\ArgvInput), Object(Symfony\\Component\\Console\\Output\\ConsoleOutput))
#27 {main}
"} 
[2026-02-28 10:53:45] local.ERROR: Class "AssessmentAnswer" not found {"exception":"[object] (Error(code: 0): Class \"AssessmentAnswer\" not found at D:\\Development\\Laravel\\puspa-api\\routes\\api.php:305)
[stacktrace]
#0 D:\\Development\\Laravel\\puspa-api\\vendor\\laravel\\framework\\src\\Illuminate\\Routing\\RouteFileRegistrar.php(35): require()
#1 D:\\Development\\Laravel\\puspa-api\\vendor\\laravel\\framework\\src\\Illuminate\\Routing\\Router.php(511): Illuminate\\Routing\\RouteFileRegistrar->register('D:\\\\Development\\\\...')
#2 D:\\Development\\Laravel\\puspa-api\\vendor\\laravel\\framework\\src\\Illuminate\\Routing\\Router.php(465): Illuminate\\Routing\\Router->loadRoutes('D:\\\\Development\\\\...')
#3 D:\\Development\\Laravel\\puspa-api\\vendor\\laravel\\framework\\src\\Illuminate\\Routing\\RouteRegistrar.php(194): Illuminate\\Routing\\Router->group(Array, 'D:\\\\Development\\\\...')
#4 D:\\Development\\Laravel\\puspa-api\\app\\Providers\\RouteServiceProvider.php(32): Illuminate\\Routing\\RouteRegistrar->group('D:\\\\Development\\\\...')
#5 D:\\Development\\Laravel\\puspa-api\\vendor\\laravel\\framework\\src\\Illuminate\\Container\\BoundMethod.php(36): App\\Providers\\RouteServiceProvider->App\\Providers\\{closure}()
#6 D:\\Development\\Laravel\\puspa-api\\vendor\\laravel\\framework\\src\\Illuminate\\Container\\Util.php(41): Illuminate\\Container\\BoundMethod::Illuminate\\Container\\{closure}()
#7 D:\\Development\\Laravel\\puspa-api\\vendor\\laravel\\framework\\src\\Illuminate\\Container\\BoundMethod.php(81): Illuminate\\Container\\Util::unwrapIfClosure(Object(Closure))
#8 D:\\Development\\Laravel\\puspa-api\\vendor\\laravel\\framework\\src\\Illuminate\\Container\\BoundMethod.php(35): Illuminate\\Container\\BoundMethod::callBoundMethod(Object(Illuminate\\Foundation\\Application), Object(Closure), Object(Closure))
#9 D:\\Development\\Laravel\\puspa-api\\vendor\\laravel\\framework\\src\\Illuminate\\Container\\Container.php(662): Illuminate\\Container\\BoundMethod::call(Object(Illuminate\\Foundation\\Application), Object(Closure), Array, NULL)
#10 D:\\Development\\Laravel\\puspa-api\\vendor\\laravel\\framework\\src\\Illuminate\\Foundation\\Support\\Providers\\RouteServiceProvider.php(120): Illuminate\\Container\\Container->call(Object(Closure))
#11 D:\\Development\\Laravel\\puspa-api\\vendor\\laravel\\framework\\src\\Illuminate\\Foundation\\Support\\Providers\\RouteServiceProvider.php(45): Illuminate\\Foundation\\Support\\Providers\\RouteServiceProvider->loadRoutes()
#12 D:\\Development\\Laravel\\puspa-api\\vendor\\laravel\\framework\\src\\Illuminate\\Container\\BoundMethod.php(36): Illuminate\\Foundation\\Support\\Providers\\RouteServiceProvider->Illuminate\\Foundation\\Support\\Providers\\{closure}()
#13 D:\\Development\\Laravel\\puspa-api\\vendor\\laravel\\framework\\src\\Illuminate\\Container\\Util.php(41): Illuminate\\Container\\BoundMethod::Illuminate\\Container\\{closure}()
#14 D:\\Development\\Laravel\\puspa-api\\vendor\\laravel\\framework\\src\\Illuminate\\Container\\BoundMethod.php(81): Illuminate\\Container\\Util::unwrapIfClosure(Object(Closure))
#15 D:\\Development\\Laravel\\puspa-api\\vendor\\laravel\\framework\\src\\Illuminate\\Container\\BoundMethod.php(35): Illuminate\\Container\\BoundMethod::callBoundMethod(Object(Illuminate\\Foundation\\Application), Object(Closure), Object(Closure))
#16 D:\\Development\\Laravel\\puspa-api\\vendor\\laravel\\framework\\src\\Illuminate\\Container\\Container.php(662): Illuminate\\Container\\BoundMethod::call(Object(Illuminate\\Foundation\\Application), Object(Closure), Array, NULL)
#17 D:\\Development\\Laravel\\puspa-api\\vendor\\laravel\\framework\\src\\Illuminate\\Support\\ServiceProvider.php(119): Illuminate\\Container\\Container->call(Object(Closure))
#18 D:\\Development\\Laravel\\puspa-api\\vendor\\laravel\\framework\\src\\Illuminate\\Foundation\\Application.php(1062): Illuminate\\Support\\ServiceProvider->callBootedCallbacks()
#19 D:\\Development\\Laravel\\puspa-api\\vendor\\laravel\\framework\\src\\Illuminate\\Foundation\\Application.php(1040): Illuminate\\Foundation\\Application->bootProvider(Object(App\\Providers\\RouteServiceProvider))
#20 [internal function]: Illuminate\\Foundation\\Application->Illuminate\\Foundation\\{closure}(Object(App\\Providers\\RouteServiceProvider), 26)
#21 D:\\Development\\Laravel\\puspa-api\\vendor\\laravel\\framework\\src\\Illuminate\\Foundation\\Application.php(1039): array_walk(Array, Object(Closure))
#22 D:\\Development\\Laravel\\puspa-api\\vendor\\laravel\\framework\\src\\Illuminate\\Foundation\\Bootstrap\\BootProviders.php(17): Illuminate\\Foundation\\Application->boot()
#23 D:\\Development\\Laravel\\puspa-api\\vendor\\laravel\\framework\\src\\Illuminate\\Foundation\\Application.php(286): Illuminate\\Foundation\\Bootstrap\\BootProviders->bootstrap(Object(Illuminate\\Foundation\\Application))
#24 D:\\Development\\Laravel\\puspa-api\\vendor\\laravel\\framework\\src\\Illuminate\\Foundation\\Console\\Kernel.php(447): Illuminate\\Foundation\\Application->bootstrapWith(Array)
#25 D:\\Development\\Laravel\\puspa-api\\vendor\\laravel\\framework\\src\\Illuminate\\Foundation\\Console\\Kernel.php(199): Illuminate\\Foundation\\Console\\Kernel->bootstrap()
#26 Command line code(1): Illuminate\\Foundation\\Console\\Kernel->handle(Object(Symfony\\Component\\Console\\Input\\ArgvInput), Object(Symfony\\Component\\Console\\Output\\ConsoleOutput))
#27 {main}
"} 
[2026-02-28 10:53:45] local.ERROR: Class "AssessmentAnswer" not found {"exception":"[object] (Error(code: 0): Class \"AssessmentAnswer\" not found at D:\\Development\\Laravel\\puspa-api\\routes\\api.php:305)
[stacktrace]
#0 D:\\Development\\Laravel\\puspa-api\\vendor\\laravel\\framework\\src\\Illuminate\\Routing\\RouteFileRegistrar.php(35): require()
#1 D:\\Development\\Laravel\\puspa-api\\vendor\\laravel\\framework\\src\\Illuminate\\Routing\\Router.php(511): Illuminate\\Routing\\RouteFileRegistrar->register('D:\\\\Development\\\\...')
#2 D:\\Development\\Laravel\\puspa-api\\vendor\\laravel\\framework\\src\\Illuminate\\Routing\\Router.php(465): Illuminate\\Routing\\Router->loadRoutes('D:\\\\Development\\\\...')
#3 D:\\Development\\Laravel\\puspa-api\\vendor\\laravel\\framework\\src\\Illuminate\\Routing\\RouteRegistrar.php(194): Illuminate\\Routing\\Router->group(Array, 'D:\\\\Development\\\\...')
#4 D:\\Development\\Laravel\\puspa-api\\app\\Providers\\RouteServiceProvider.php(32): Illuminate\\Routing\\RouteRegistrar->group('D:\\\\Development\\\\...')
#5 D:\\Development\\Laravel\\puspa-api\\vendor\\laravel\\framework\\src\\Illuminate\\Container\\BoundMethod.php(36): App\\Providers\\RouteServiceProvider->App\\Providers\\{closure}()
#6 D:\\Development\\Laravel\\puspa-api\\vendor\\laravel\\framework\\src\\Illuminate\\Container\\Util.php(41): Illuminate\\Container\\BoundMethod::Illuminate\\Container\\{closure}()
#7 D:\\Development\\Laravel\\puspa-api\\vendor\\laravel\\framework\\src\\Illuminate\\Container\\BoundMethod.php(81): Illuminate\\Container\\Util::unwrapIfClosure(Object(Closure))
#8 D:\\Development\\Laravel\\puspa-api\\vendor\\laravel\\framework\\src\\Illuminate\\Container\\BoundMethod.php(35): Illuminate\\Container\\BoundMethod::callBoundMethod(Object(Illuminate\\Foundation\\Application), Object(Closure), Object(Closure))
#9 D:\\Development\\Laravel\\puspa-api\\vendor\\laravel\\framework\\src\\Illuminate\\Container\\Container.php(662): Illuminate\\Container\\BoundMethod::call(Object(Illuminate\\Foundation\\Application), Object(Closure), Array, NULL)
#10 D:\\Development\\Laravel\\puspa-api\\vendor\\laravel\\framework\\src\\Illuminate\\Foundation\\Support\\Providers\\RouteServiceProvider.php(120): Illuminate\\Container\\Container->call(Object(Closure))
#11 D:\\Development\\Laravel\\puspa-api\\vendor\\laravel\\framework\\src\\Illuminate\\Foundation\\Support\\Providers\\RouteServiceProvider.php(45): Illuminate\\Foundation\\Support\\Providers\\RouteServiceProvider->loadRoutes()
#12 D:\\Development\\Laravel\\puspa-api\\vendor\\laravel\\framework\\src\\Illuminate\\Container\\BoundMethod.php(36): Illuminate\\Foundation\\Support\\Providers\\RouteServiceProvider->Illuminate\\Foundation\\Support\\Providers\\{closure}()
#13 D:\\Development\\Laravel\\puspa-api\\vendor\\laravel\\framework\\src\\Illuminate\\Container\\Util.php(41): Illuminate\\Container\\BoundMethod::Illuminate\\Container\\{closure}()
#14 D:\\Development\\Laravel\\puspa-api\\vendor\\laravel\\framework\\src\\Illuminate\\Container\\BoundMethod.php(81): Illuminate\\Container\\Util::unwrapIfClosure(Object(Closure))
#15 D:\\Development\\Laravel\\puspa-api\\vendor\\laravel\\framework\\src\\Illuminate\\Container\\BoundMethod.php(35): Illuminate\\Container\\BoundMethod::callBoundMethod(Object(Illuminate\\Foundation\\Application), Object(Closure), Object(Closure))
#16 D:\\Development\\Laravel\\puspa-api\\vendor\\laravel\\framework\\src\\Illuminate\\Container\\Container.php(662): Illuminate\\Container\\BoundMethod::call(Object(Illuminate\\Foundation\\Application), Object(Closure), Array, NULL)
#17 D:\\Development\\Laravel\\puspa-api\\vendor\\laravel\\framework\\src\\Illuminate\\Support\\ServiceProvider.php(119): Illuminate\\Container\\Container->call(Object(Closure))
#18 D:\\Development\\Laravel\\puspa-api\\vendor\\laravel\\framework\\src\\Illuminate\\Foundation\\Application.php(1062): Illuminate\\Support\\ServiceProvider->callBootedCallbacks()
#19 D:\\Development\\Laravel\\puspa-api\\vendor\\laravel\\framework\\src\\Illuminate\\Foundation\\Application.php(1040): Illuminate\\Foundation\\Application->bootProvider(Object(App\\Providers\\RouteServiceProvider))
#20 [internal function]: Illuminate\\Foundation\\Application->Illuminate\\Foundation\\{closure}(Object(App\\Providers\\RouteServiceProvider), 26)
#21 D:\\Development\\Laravel\\puspa-api\\vendor\\laravel\\framework\\src\\Illuminate\\Foundation\\Application.php(1039): array_walk(Array, Object(Closure))
#22 D:\\Development\\Laravel\\puspa-api\\vendor\\laravel\\framework\\src\\Illuminate\\Foundation\\Bootstrap\\BootProviders.php(17): Illuminate\\Foundation\\Application->boot()
#23 D:\\Development\\Laravel\\puspa-api\\vendor\\laravel\\framework\\src\\Illuminate\\Foundation\\Application.php(286): Illuminate\\Foundation\\Bootstrap\\BootProviders->bootstrap(Object(Illuminate\\Foundation\\Application))
#24 D:\\Development\\Laravel\\puspa-api\\vendor\\laravel\\framework\\src\\Illuminate\\Foundation\\Console\\Kernel.php(447): Illuminate\\Foundation\\Application->bootstrapWith(Array)
#25 D:\\Development\\Laravel\\puspa-api\\vendor\\laravel\\framework\\src\\Illuminate\\Foundation\\Console\\Kernel.php(199): Illuminate\\Foundation\\Console\\Kernel->bootstrap()
#26 Command line code(1): Illuminate\\Foundation\\Console\\Kernel->handle(Object(Symfony\\Component\\Console\\Input\\ArgvInput), Object(Symfony\\Component\\Console\\Output\\ConsoleOutput))
#27 {main}
"} 
[2026-02-28 10:54:33] local.ERROR: Class "Observation" not found {"exception":"[object] (Error(code: 0): Class \"Observation\" not found at D:\\Development\\Laravel\\puspa-api\\routes\\api.php:305)
[stacktrace]
#0 D:\\Development\\Laravel\\puspa-api\\vendor\\laravel\\framework\\src\\Illuminate\\Routing\\RouteFileRegistrar.php(35): require()
#1 D:\\Development\\Laravel\\puspa-api\\vendor\\laravel\\framework\\src\\Illuminate\\Routing\\Router.php(511): Illuminate\\Routing\\RouteFileRegistrar->register('D:\\\\Development\\\\...')
#2 D:\\Development\\Laravel\\puspa-api\\vendor\\laravel\\framework\\src\\Illuminate\\Routing\\Router.php(465): Illuminate\\Routing\\Router->loadRoutes('D:\\\\Development\\\\...')
#3 D:\\Development\\Laravel\\puspa-api\\vendor\\laravel\\framework\\src\\Illuminate\\Routing\\RouteRegistrar.php(194): Illuminate\\Routing\\Router->group(Array, 'D:\\\\Development\\\\...')
#4 D:\\Development\\Laravel\\puspa-api\\app\\Providers\\RouteServiceProvider.php(32): Illuminate\\Routing\\RouteRegistrar->group('D:\\\\Development\\\\...')
#5 D:\\Development\\Laravel\\puspa-api\\vendor\\laravel\\framework\\src\\Illuminate\\Container\\BoundMethod.php(36): App\\Providers\\RouteServiceProvider->App\\Providers\\{closure}()
#6 D:\\Development\\Laravel\\puspa-api\\vendor\\laravel\\framework\\src\\Illuminate\\Container\\Util.php(41): Illuminate\\Container\\BoundMethod::Illuminate\\Container\\{closure}()
#7 D:\\Development\\Laravel\\puspa-api\\vendor\\laravel\\framework\\src\\Illuminate\\Container\\BoundMethod.php(81): Illuminate\\Container\\Util::unwrapIfClosure(Object(Closure))
#8 D:\\Development\\Laravel\\puspa-api\\vendor\\laravel\\framework\\src\\Illuminate\\Container\\BoundMethod.php(35): Illuminate\\Container\\BoundMethod::callBoundMethod(Object(Illuminate\\Foundation\\Application), Object(Closure), Object(Closure))
#9 D:\\Development\\Laravel\\puspa-api\\vendor\\laravel\\framework\\src\\Illuminate\\Container\\Container.php(662): Illuminate\\Container\\BoundMethod::call(Object(Illuminate\\Foundation\\Application), Object(Closure), Array, NULL)
#10 D:\\Development\\Laravel\\puspa-api\\vendor\\laravel\\framework\\src\\Illuminate\\Foundation\\Support\\Providers\\RouteServiceProvider.php(120): Illuminate\\Container\\Container->call(Object(Closure))
#11 D:\\Development\\Laravel\\puspa-api\\vendor\\laravel\\framework\\src\\Illuminate\\Foundation\\Support\\Providers\\RouteServiceProvider.php(45): Illuminate\\Foundation\\Support\\Providers\\RouteServiceProvider->loadRoutes()
#12 D:\\Development\\Laravel\\puspa-api\\vendor\\laravel\\framework\\src\\Illuminate\\Container\\BoundMethod.php(36): Illuminate\\Foundation\\Support\\Providers\\RouteServiceProvider->Illuminate\\Foundation\\Support\\Providers\\{closure}()
#13 D:\\Development\\Laravel\\puspa-api\\vendor\\laravel\\framework\\src\\Illuminate\\Container\\Util.php(41): Illuminate\\Container\\BoundMethod::Illuminate\\Container\\{closure}()
#14 D:\\Development\\Laravel\\puspa-api\\vendor\\laravel\\framework\\src\\Illuminate\\Container\\BoundMethod.php(81): Illuminate\\Container\\Util::unwrapIfClosure(Object(Closure))
#15 D:\\Development\\Laravel\\puspa-api\\vendor\\laravel\\framework\\src\\Illuminate\\Container\\BoundMethod.php(35): Illuminate\\Container\\BoundMethod::callBoundMethod(Object(Illuminate\\Foundation\\Application), Object(Closure), Object(Closure))
#16 D:\\Development\\Laravel\\puspa-api\\vendor\\laravel\\framework\\src\\Illuminate\\Container\\Container.php(662): Illuminate\\Container\\BoundMethod::call(Object(Illuminate\\Foundation\\Application), Object(Closure), Array, NULL)
#17 D:\\Development\\Laravel\\puspa-api\\vendor\\laravel\\framework\\src\\Illuminate\\Support\\ServiceProvider.php(119): Illuminate\\Container\\Container->call(Object(Closure))
#18 D:\\Development\\Laravel\\puspa-api\\vendor\\laravel\\framework\\src\\Illuminate\\Foundation\\Application.php(1062): Illuminate\\Support\\ServiceProvider->callBootedCallbacks()
#19 D:\\Development\\Laravel\\puspa-api\\vendor\\laravel\\framework\\src\\Illuminate\\Foundation\\Application.php(1040): Illuminate\\Foundation\\Application->bootProvider(Object(App\\Providers\\RouteServiceProvider))
#20 [internal function]: Illuminate\\Foundation\\Application->Illuminate\\Foundation\\{closure}(Object(App\\Providers\\RouteServiceProvider), 26)
#21 D:\\Development\\Laravel\\puspa-api\\vendor\\laravel\\framework\\src\\Illuminate\\Foundation\\Application.php(1039): array_walk(Array, Object(Closure))
#22 D:\\Development\\Laravel\\puspa-api\\vendor\\laravel\\framework\\src\\Illuminate\\Foundation\\Bootstrap\\BootProviders.php(17): Illuminate\\Foundation\\Application->boot()
#23 D:\\Development\\Laravel\\puspa-api\\vendor\\laravel\\framework\\src\\Illuminate\\Foundation\\Application.php(286): Illuminate\\Foundation\\Bootstrap\\BootProviders->bootstrap(Object(Illuminate\\Foundation\\Application))
#24 D:\\Development\\Laravel\\puspa-api\\vendor\\laravel\\framework\\src\\Illuminate\\Foundation\\Console\\Kernel.php(447): Illuminate\\Foundation\\Application->bootstrapWith(Array)
#25 D:\\Development\\Laravel\\puspa-api\\vendor\\laravel\\framework\\src\\Illuminate\\Foundation\\Console\\Kernel.php(199): Illuminate\\Foundation\\Console\\Kernel->bootstrap()
#26 Command line code(1): Illuminate\\Foundation\\Console\\Kernel->handle(Object(Symfony\\Component\\Console\\Input\\ArgvInput), Object(Symfony\\Component\\Console\\Output\\ConsoleOutput))
#27 {main}
"} 
[2026-02-28 10:54:45] local.ERROR: syntax error, unexpected token "->" {"exception":"[object] (ParseError(code: 0): syntax error, unexpected token \"->\" at D:\\Development\\Laravel\\puspa-api\\routes\\api.php:307)
[stacktrace]
#0 D:\\Development\\Laravel\\puspa-api\\vendor\\laravel\\framework\\src\\Illuminate\\Routing\\Router.php(511): Illuminate\\Routing\\RouteFileRegistrar->register('D:\\\\Development\\\\...')
#1 D:\\Development\\Laravel\\puspa-api\\vendor\\laravel\\framework\\src\\Illuminate\\Routing\\Router.php(465): Illuminate\\Routing\\Router->loadRoutes('D:\\\\Development\\\\...')
#2 D:\\Development\\Laravel\\puspa-api\\vendor\\laravel\\framework\\src\\Illuminate\\Routing\\RouteRegistrar.php(194): Illuminate\\Routing\\Router->group(Array, 'D:\\\\Development\\\\...')
#3 D:\\Development\\Laravel\\puspa-api\\app\\Providers\\RouteServiceProvider.php(32): Illuminate\\Routing\\RouteRegistrar->group('D:\\\\Development\\\\...')
#4 D:\\Development\\Laravel\\puspa-api\\vendor\\laravel\\framework\\src\\Illuminate\\Container\\BoundMethod.php(36): App\\Providers\\RouteServiceProvider->App\\Providers\\{closure}()
#5 D:\\Development\\Laravel\\puspa-api\\vendor\\laravel\\framework\\src\\Illuminate\\Container\\Util.php(41): Illuminate\\Container\\BoundMethod::Illuminate\\Container\\{closure}()
#6 D:\\Development\\Laravel\\puspa-api\\vendor\\laravel\\framework\\src\\Illuminate\\Container\\BoundMethod.php(81): Illuminate\\Container\\Util::unwrapIfClosure(Object(Closure))
#7 D:\\Development\\Laravel\\puspa-api\\vendor\\laravel\\framework\\src\\Illuminate\\Container\\BoundMethod.php(35): Illuminate\\Container\\BoundMethod::callBoundMethod(Object(Illuminate\\Foundation\\Application), Object(Closure), Object(Closure))
#8 D:\\Development\\Laravel\\puspa-api\\vendor\\laravel\\framework\\src\\Illuminate\\Container\\Container.php(662): Illuminate\\Container\\BoundMethod::call(Object(Illuminate\\Foundation\\Application), Object(Closure), Array, NULL)
#9 D:\\Development\\Laravel\\puspa-api\\vendor\\laravel\\framework\\src\\Illuminate\\Foundation\\Support\\Providers\\RouteServiceProvider.php(120): Illuminate\\Container\\Container->call(Object(Closure))
#10 D:\\Development\\Laravel\\puspa-api\\vendor\\laravel\\framework\\src\\Illuminate\\Foundation\\Support\\Providers\\RouteServiceProvider.php(45): Illuminate\\Foundation\\Support\\Providers\\RouteServiceProvider->loadRoutes()
#11 D:\\Development\\Laravel\\puspa-api\\vendor\\laravel\\framework\\src\\Illuminate\\Container\\BoundMethod.php(36): Illuminate\\Foundation\\Support\\Providers\\RouteServiceProvider->Illuminate\\Foundation\\Support\\Providers\\{closure}()
#12 D:\\Development\\Laravel\\puspa-api\\vendor\\laravel\\framework\\src\\Illuminate\\Container\\Util.php(41): Illuminate\\Container\\BoundMethod::Illuminate\\Container\\{closure}()
#13 D:\\Development\\Laravel\\puspa-api\\vendor\\laravel\\framework\\src\\Illuminate\\Container\\BoundMethod.php(81): Illuminate\\Container\\Util::unwrapIfClosure(Object(Closure))
#14 D:\\Development\\Laravel\\puspa-api\\vendor\\laravel\\framework\\src\\Illuminate\\Container\\BoundMethod.php(35): Illuminate\\Container\\BoundMethod::callBoundMethod(Object(Illuminate\\Foundation\\Application), Object(Closure), Object(Closure))
#15 D:\\Development\\Laravel\\puspa-api\\vendor\\laravel\\framework\\src\\Illuminate\\Container\\Container.php(662): Illuminate\\Container\\BoundMethod::call(Object(Illuminate\\Foundation\\Application), Object(Closure), Array, NULL)
#16 D:\\Development\\Laravel\\puspa-api\\vendor\\laravel\\framework\\src\\Illuminate\\Support\\ServiceProvider.php(119): Illuminate\\Container\\Container->call(Object(Closure))
#17 D:\\Development\\Laravel\\puspa-api\\vendor\\laravel\\framework\\src\\Illuminate\\Foundation\\Application.php(1062): Illuminate\\Support\\ServiceProvider->callBootedCallbacks()
#18 D:\\Development\\Laravel\\puspa-api\\vendor\\laravel\\framework\\src\\Illuminate\\Foundation\\Application.php(1040): Illuminate\\Foundation\\Application->bootProvider(Object(App\\Providers\\RouteServiceProvider))
#19 [internal function]: Illuminate\\Foundation\\Application->Illuminate\\Foundation\\{closure}(Object(App\\Providers\\RouteServiceProvider), 26)
#20 D:\\Development\\Laravel\\puspa-api\\vendor\\laravel\\framework\\src\\Illuminate\\Foundation\\Application.php(1039): array_walk(Array, Object(Closure))
#21 D:\\Development\\Laravel\\puspa-api\\vendor\\laravel\\framework\\src\\Illuminate\\Foundation\\Bootstrap\\BootProviders.php(17): Illuminate\\Foundation\\Application->boot()
#22 D:\\Development\\Laravel\\puspa-api\\vendor\\laravel\\framework\\src\\Illuminate\\Foundation\\Application.php(286): Illuminate\\Foundation\\Bootstrap\\BootProviders->bootstrap(Object(Illuminate\\Foundation\\Application))
#23 D:\\Development\\Laravel\\puspa-api\\vendor\\laravel\\framework\\src\\Illuminate\\Foundation\\Console\\Kernel.php(447): Illuminate\\Foundation\\Application->bootstrapWith(Array)
#24 D:\\Development\\Laravel\\puspa-api\\vendor\\laravel\\framework\\src\\Illuminate\\Foundation\\Console\\Kernel.php(199): Illuminate\\Foundation\\Console\\Kernel->bootstrap()
#25 Command line code(1): Illuminate\\Foundation\\Console\\Kernel->handle(Object(Symfony\\Component\\Console\\Input\\ArgvInput), Object(Symfony\\Component\\Console\\Output\\ConsoleOutput))
#26 {main}
"} 
[2026-02-28 10:54:45] local.ERROR: syntax error, unexpected token "->" {"exception":"[object] (ParseError(code: 0): syntax error, unexpected token \"->\" at D:\\Development\\Laravel\\puspa-api\\routes\\api.php:307)
[stacktrace]
#0 D:\\Development\\Laravel\\puspa-api\\vendor\\laravel\\framework\\src\\Illuminate\\Routing\\Router.php(511): Illuminate\\Routing\\RouteFileRegistrar->register('D:\\\\Development\\\\...')
#1 D:\\Development\\Laravel\\puspa-api\\vendor\\laravel\\framework\\src\\Illuminate\\Routing\\Router.php(465): Illuminate\\Routing\\Router->loadRoutes('D:\\\\Development\\\\...')
#2 D:\\Development\\Laravel\\puspa-api\\vendor\\laravel\\framework\\src\\Illuminate\\Routing\\RouteRegistrar.php(194): Illuminate\\Routing\\Router->group(Array, 'D:\\\\Development\\\\...')
#3 D:\\Development\\Laravel\\puspa-api\\app\\Providers\\RouteServiceProvider.php(32): Illuminate\\Routing\\RouteRegistrar->group('D:\\\\Development\\\\...')
#4 D:\\Development\\Laravel\\puspa-api\\vendor\\laravel\\framework\\src\\Illuminate\\Container\\BoundMethod.php(36): App\\Providers\\RouteServiceProvider->App\\Providers\\{closure}()
#5 D:\\Development\\Laravel\\puspa-api\\vendor\\laravel\\framework\\src\\Illuminate\\Container\\Util.php(41): Illuminate\\Container\\BoundMethod::Illuminate\\Container\\{closure}()
#6 D:\\Development\\Laravel\\puspa-api\\vendor\\laravel\\framework\\src\\Illuminate\\Container\\BoundMethod.php(81): Illuminate\\Container\\Util::unwrapIfClosure(Object(Closure))
#7 D:\\Development\\Laravel\\puspa-api\\vendor\\laravel\\framework\\src\\Illuminate\\Container\\BoundMethod.php(35): Illuminate\\Container\\BoundMethod::callBoundMethod(Object(Illuminate\\Foundation\\Application), Object(Closure), Object(Closure))
#8 D:\\Development\\Laravel\\puspa-api\\vendor\\laravel\\framework\\src\\Illuminate\\Container\\Container.php(662): Illuminate\\Container\\BoundMethod::call(Object(Illuminate\\Foundation\\Application), Object(Closure), Array, NULL)
#9 D:\\Development\\Laravel\\puspa-api\\vendor\\laravel\\framework\\src\\Illuminate\\Foundation\\Support\\Providers\\RouteServiceProvider.php(120): Illuminate\\Container\\Container->call(Object(Closure))
#10 D:\\Development\\Laravel\\puspa-api\\vendor\\laravel\\framework\\src\\Illuminate\\Foundation\\Support\\Providers\\RouteServiceProvider.php(45): Illuminate\\Foundation\\Support\\Providers\\RouteServiceProvider->loadRoutes()
#11 D:\\Development\\Laravel\\puspa-api\\vendor\\laravel\\framework\\src\\Illuminate\\Container\\BoundMethod.php(36): Illuminate\\Foundation\\Support\\Providers\\RouteServiceProvider->Illuminate\\Foundation\\Support\\Providers\\{closure}()
#12 D:\\Development\\Laravel\\puspa-api\\vendor\\laravel\\framework\\src\\Illuminate\\Container\\Util.php(41): Illuminate\\Container\\BoundMethod::Illuminate\\Container\\{closure}()
#13 D:\\Development\\Laravel\\puspa-api\\vendor\\laravel\\framework\\src\\Illuminate\\Container\\BoundMethod.php(81): Illuminate\\Container\\Util::unwrapIfClosure(Object(Closure))
#14 D:\\Development\\Laravel\\puspa-api\\vendor\\laravel\\framework\\src\\Illuminate\\Container\\BoundMethod.php(35): Illuminate\\Container\\BoundMethod::callBoundMethod(Object(Illuminate\\Foundation\\Application), Object(Closure), Object(Closure))
#15 D:\\Development\\Laravel\\puspa-api\\vendor\\laravel\\framework\\src\\Illuminate\\Container\\Container.php(662): Illuminate\\Container\\BoundMethod::call(Object(Illuminate\\Foundation\\Application), Object(Closure), Array, NULL)
#16 D:\\Development\\Laravel\\puspa-api\\vendor\\laravel\\framework\\src\\Illuminate\\Support\\ServiceProvider.php(119): Illuminate\\Container\\Container->call(Object(Closure))
#17 D:\\Development\\Laravel\\puspa-api\\vendor\\laravel\\framework\\src\\Illuminate\\Foundation\\Application.php(1062): Illuminate\\Support\\ServiceProvider->callBootedCallbacks()
#18 D:\\Development\\Laravel\\puspa-api\\vendor\\laravel\\framework\\src\\Illuminate\\Foundation\\Application.php(1040): Illuminate\\Foundation\\Application->bootProvider(Object(App\\Providers\\RouteServiceProvider))
#19 [internal function]: Illuminate\\Foundation\\Application->Illuminate\\Foundation\\{closure}(Object(App\\Providers\\RouteServiceProvider), 26)
#20 D:\\Development\\Laravel\\puspa-api\\vendor\\laravel\\framework\\src\\Illuminate\\Foundation\\Application.php(1039): array_walk(Array, Object(Closure))
#21 D:\\Development\\Laravel\\puspa-api\\vendor\\laravel\\framework\\src\\Illuminate\\Foundation\\Bootstrap\\BootProviders.php(17): Illuminate\\Foundation\\Application->boot()
#22 D:\\Development\\Laravel\\puspa-api\\vendor\\laravel\\framework\\src\\Illuminate\\Foundation\\Application.php(286): Illuminate\\Foundation\\Bootstrap\\BootProviders->bootstrap(Object(Illuminate\\Foundation\\Application))
#23 D:\\Development\\Laravel\\puspa-api\\vendor\\laravel\\framework\\src\\Illuminate\\Foundation\\Console\\Kernel.php(447): Illuminate\\Foundation\\Application->bootstrapWith(Array)
#24 D:\\Development\\Laravel\\puspa-api\\vendor\\laravel\\framework\\src\\Illuminate\\Foundation\\Console\\Kernel.php(199): Illuminate\\Foundation\\Console\\Kernel->bootstrap()
#25 Command line code(1): Illuminate\\Foundation\\Console\\Kernel->handle(Object(Symfony\\Component\\Console\\Input\\ArgvInput), Object(Symfony\\Component\\Console\\Output\\ConsoleOutput))
#26 {main}
"} 
[2026-02-28 10:54:59] local.ERROR: Class "Observation" not found {"exception":"[object] (Error(code: 0): Class \"Observation\" not found at D:\\Development\\Laravel\\puspa-api\\routes\\api.php:305)
[stacktrace]
#0 D:\\Development\\Laravel\\puspa-api\\vendor\\laravel\\framework\\src\\Illuminate\\Routing\\RouteFileRegistrar.php(35): require()
#1 D:\\Development\\Laravel\\puspa-api\\vendor\\laravel\\framework\\src\\Illuminate\\Routing\\Router.php(511): Illuminate\\Routing\\RouteFileRegistrar->register('D:\\\\Development\\\\...')
#2 D:\\Development\\Laravel\\puspa-api\\vendor\\laravel\\framework\\src\\Illuminate\\Routing\\Router.php(465): Illuminate\\Routing\\Router->loadRoutes('D:\\\\Development\\\\...')
#3 D:\\Development\\Laravel\\puspa-api\\vendor\\laravel\\framework\\src\\Illuminate\\Routing\\RouteRegistrar.php(194): Illuminate\\Routing\\Router->group(Array, 'D:\\\\Development\\\\...')
#4 D:\\Development\\Laravel\\puspa-api\\app\\Providers\\RouteServiceProvider.php(32): Illuminate\\Routing\\RouteRegistrar->group('D:\\\\Development\\\\...')
#5 D:\\Development\\Laravel\\puspa-api\\vendor\\laravel\\framework\\src\\Illuminate\\Container\\BoundMethod.php(36): App\\Providers\\RouteServiceProvider->App\\Providers\\{closure}()
#6 D:\\Development\\Laravel\\puspa-api\\vendor\\laravel\\framework\\src\\Illuminate\\Container\\Util.php(41): Illuminate\\Container\\BoundMethod::Illuminate\\Container\\{closure}()
#7 D:\\Development\\Laravel\\puspa-api\\vendor\\laravel\\framework\\src\\Illuminate\\Container\\BoundMethod.php(81): Illuminate\\Container\\Util::unwrapIfClosure(Object(Closure))
#8 D:\\Development\\Laravel\\puspa-api\\vendor\\laravel\\framework\\src\\Illuminate\\Container\\BoundMethod.php(35): Illuminate\\Container\\BoundMethod::callBoundMethod(Object(Illuminate\\Foundation\\Application), Object(Closure), Object(Closure))
#9 D:\\Development\\Laravel\\puspa-api\\vendor\\laravel\\framework\\src\\Illuminate\\Container\\Container.php(662): Illuminate\\Container\\BoundMethod::call(Object(Illuminate\\Foundation\\Application), Object(Closure), Array, NULL)
#10 D:\\Development\\Laravel\\puspa-api\\vendor\\laravel\\framework\\src\\Illuminate\\Foundation\\Support\\Providers\\RouteServiceProvider.php(120): Illuminate\\Container\\Container->call(Object(Closure))
#11 D:\\Development\\Laravel\\puspa-api\\vendor\\laravel\\framework\\src\\Illuminate\\Foundation\\Support\\Providers\\RouteServiceProvider.php(45): Illuminate\\Foundation\\Support\\Providers\\RouteServiceProvider->loadRoutes()
#12 D:\\Development\\Laravel\\puspa-api\\vendor\\laravel\\framework\\src\\Illuminate\\Container\\BoundMethod.php(36): Illuminate\\Foundation\\Support\\Providers\\RouteServiceProvider->Illuminate\\Foundation\\Support\\Providers\\{closure}()
#13 D:\\Development\\Laravel\\puspa-api\\vendor\\laravel\\framework\\src\\Illuminate\\Container\\Util.php(41): Illuminate\\Container\\BoundMethod::Illuminate\\Container\\{closure}()
#14 D:\\Development\\Laravel\\puspa-api\\vendor\\laravel\\framework\\src\\Illuminate\\Container\\BoundMethod.php(81): Illuminate\\Container\\Util::unwrapIfClosure(Object(Closure))
#15 D:\\Development\\Laravel\\puspa-api\\vendor\\laravel\\framework\\src\\Illuminate\\Container\\BoundMethod.php(35): Illuminate\\Container\\BoundMethod::callBoundMethod(Object(Illuminate\\Foundation\\Application), Object(Closure), Object(Closure))
#16 D:\\Development\\Laravel\\puspa-api\\vendor\\laravel\\framework\\src\\Illuminate\\Container\\Container.php(662): Illuminate\\Container\\BoundMethod::call(Object(Illuminate\\Foundation\\Application), Object(Closure), Array, NULL)
#17 D:\\Development\\Laravel\\puspa-api\\vendor\\laravel\\framework\\src\\Illuminate\\Support\\ServiceProvider.php(119): Illuminate\\Container\\Container->call(Object(Closure))
#18 D:\\Development\\Laravel\\puspa-api\\vendor\\laravel\\framework\\src\\Illuminate\\Foundation\\Application.php(1062): Illuminate\\Support\\ServiceProvider->callBootedCallbacks()
#19 D:\\Development\\Laravel\\puspa-api\\vendor\\laravel\\framework\\src\\Illuminate\\Foundation\\Application.php(1040): Illuminate\\Foundation\\Application->bootProvider(Object(App\\Providers\\RouteServiceProvider))
#20 [internal function]: Illuminate\\Foundation\\Application->Illuminate\\Foundation\\{closure}(Object(App\\Providers\\RouteServiceProvider), 26)
#21 D:\\Development\\Laravel\\puspa-api\\vendor\\laravel\\framework\\src\\Illuminate\\Foundation\\Application.php(1039): array_walk(Array, Object(Closure))
#22 D:\\Development\\Laravel\\puspa-api\\vendor\\laravel\\framework\\src\\Illuminate\\Foundation\\Bootstrap\\BootProviders.php(17): Illuminate\\Foundation\\Application->boot()
#23 D:\\Development\\Laravel\\puspa-api\\vendor\\laravel\\framework\\src\\Illuminate\\Foundation\\Application.php(286): Illuminate\\Foundation\\Bootstrap\\BootProviders->bootstrap(Object(Illuminate\\Foundation\\Application))
#24 D:\\Development\\Laravel\\puspa-api\\vendor\\laravel\\framework\\src\\Illuminate\\Foundation\\Console\\Kernel.php(447): Illuminate\\Foundation\\Application->bootstrapWith(Array)
#25 D:\\Development\\Laravel\\puspa-api\\vendor\\laravel\\framework\\src\\Illuminate\\Foundation\\Console\\Kernel.php(199): Illuminate\\Foundation\\Console\\Kernel->bootstrap()
#26 Command line code(1): Illuminate\\Foundation\\Console\\Kernel->handle(Object(Symfony\\Component\\Console\\Input\\ArgvInput), Object(Symfony\\Component\\Console\\Output\\ConsoleOutput))
#27 {main}
"} 
[2026-02-28 10:55:45] local.ERROR: Class "Observation" not found {"exception":"[object] (Error(code: 0): Class \"Observation\" not found at D:\\Development\\Laravel\\puspa-api\\routes\\api.php:305)
[stacktrace]
#0 D:\\Development\\Laravel\\puspa-api\\vendor\\laravel\\framework\\src\\Illuminate\\Routing\\RouteFileRegistrar.php(35): require()
#1 D:\\Development\\Laravel\\puspa-api\\vendor\\laravel\\framework\\src\\Illuminate\\Routing\\Router.php(511): Illuminate\\Routing\\RouteFileRegistrar->register('D:\\\\Development\\\\...')
#2 D:\\Development\\Laravel\\puspa-api\\vendor\\laravel\\framework\\src\\Illuminate\\Routing\\Router.php(465): Illuminate\\Routing\\Router->loadRoutes('D:\\\\Development\\\\...')
#3 D:\\Development\\Laravel\\puspa-api\\vendor\\laravel\\framework\\src\\Illuminate\\Routing\\RouteRegistrar.php(194): Illuminate\\Routing\\Router->group(Array, 'D:\\\\Development\\\\...')
#4 D:\\Development\\Laravel\\puspa-api\\app\\Providers\\RouteServiceProvider.php(32): Illuminate\\Routing\\RouteRegistrar->group('D:\\\\Development\\\\...')
#5 D:\\Development\\Laravel\\puspa-api\\vendor\\laravel\\framework\\src\\Illuminate\\Container\\BoundMethod.php(36): App\\Providers\\RouteServiceProvider->App\\Providers\\{closure}()
#6 D:\\Development\\Laravel\\puspa-api\\vendor\\laravel\\framework\\src\\Illuminate\\Container\\Util.php(41): Illuminate\\Container\\BoundMethod::Illuminate\\Container\\{closure}()
#7 D:\\Development\\Laravel\\puspa-api\\vendor\\laravel\\framework\\src\\Illuminate\\Container\\BoundMethod.php(81): Illuminate\\Container\\Util::unwrapIfClosure(Object(Closure))
#8 D:\\Development\\Laravel\\puspa-api\\vendor\\laravel\\framework\\src\\Illuminate\\Container\\BoundMethod.php(35): Illuminate\\Container\\BoundMethod::callBoundMethod(Object(Illuminate\\Foundation\\Application), Object(Closure), Object(Closure))
#9 D:\\Development\\Laravel\\puspa-api\\vendor\\laravel\\framework\\src\\Illuminate\\Container\\Container.php(662): Illuminate\\Container\\BoundMethod::call(Object(Illuminate\\Foundation\\Application), Object(Closure), Array, NULL)
#10 D:\\Development\\Laravel\\puspa-api\\vendor\\laravel\\framework\\src\\Illuminate\\Foundation\\Support\\Providers\\RouteServiceProvider.php(120): Illuminate\\Container\\Container->call(Object(Closure))
#11 D:\\Development\\Laravel\\puspa-api\\vendor\\laravel\\framework\\src\\Illuminate\\Foundation\\Support\\Providers\\RouteServiceProvider.php(45): Illuminate\\Foundation\\Support\\Providers\\RouteServiceProvider->loadRoutes()
#12 D:\\Development\\Laravel\\puspa-api\\vendor\\laravel\\framework\\src\\Illuminate\\Container\\BoundMethod.php(36): Illuminate\\Foundation\\Support\\Providers\\RouteServiceProvider->Illuminate\\Foundation\\Support\\Providers\\{closure}()
#13 D:\\Development\\Laravel\\puspa-api\\vendor\\laravel\\framework\\src\\Illuminate\\Container\\Util.php(41): Illuminate\\Container\\BoundMethod::Illuminate\\Container\\{closure}()
#14 D:\\Development\\Laravel\\puspa-api\\vendor\\laravel\\framework\\src\\Illuminate\\Container\\BoundMethod.php(81): Illuminate\\Container\\Util::unwrapIfClosure(Object(Closure))
#15 D:\\Development\\Laravel\\puspa-api\\vendor\\laravel\\framework\\src\\Illuminate\\Container\\BoundMethod.php(35): Illuminate\\Container\\BoundMethod::callBoundMethod(Object(Illuminate\\Foundation\\Application), Object(Closure), Object(Closure))
#16 D:\\Development\\Laravel\\puspa-api\\vendor\\laravel\\framework\\src\\Illuminate\\Container\\Container.php(662): Illuminate\\Container\\BoundMethod::call(Object(Illuminate\\Foundation\\Application), Object(Closure), Array, NULL)
#17 D:\\Development\\Laravel\\puspa-api\\vendor\\laravel\\framework\\src\\Illuminate\\Support\\ServiceProvider.php(119): Illuminate\\Container\\Container->call(Object(Closure))
#18 D:\\Development\\Laravel\\puspa-api\\vendor\\laravel\\framework\\src\\Illuminate\\Foundation\\Application.php(1062): Illuminate\\Support\\ServiceProvider->callBootedCallbacks()
#19 D:\\Development\\Laravel\\puspa-api\\vendor\\laravel\\framework\\src\\Illuminate\\Foundation\\Application.php(1040): Illuminate\\Foundation\\Application->bootProvider(Object(App\\Providers\\RouteServiceProvider))
#20 [internal function]: Illuminate\\Foundation\\Application->Illuminate\\Foundation\\{closure}(Object(App\\Providers\\RouteServiceProvider), 26)
#21 D:\\Development\\Laravel\\puspa-api\\vendor\\laravel\\framework\\src\\Illuminate\\Foundation\\Application.php(1039): array_walk(Array, Object(Closure))
#22 D:\\Development\\Laravel\\puspa-api\\vendor\\laravel\\framework\\src\\Illuminate\\Foundation\\Bootstrap\\BootProviders.php(17): Illuminate\\Foundation\\Application->boot()
#23 D:\\Development\\Laravel\\puspa-api\\vendor\\laravel\\framework\\src\\Illuminate\\Foundation\\Application.php(286): Illuminate\\Foundation\\Bootstrap\\BootProviders->bootstrap(Object(Illuminate\\Foundation\\Application))
#24 D:\\Development\\Laravel\\puspa-api\\vendor\\laravel\\framework\\src\\Illuminate\\Foundation\\Console\\Kernel.php(447): Illuminate\\Foundation\\Application->bootstrapWith(Array)
#25 D:\\Development\\Laravel\\puspa-api\\vendor\\laravel\\framework\\src\\Illuminate\\Foundation\\Console\\Kernel.php(199): Illuminate\\Foundation\\Console\\Kernel->bootstrap()
#26 Command line code(1): Illuminate\\Foundation\\Console\\Kernel->handle(Object(Symfony\\Component\\Console\\Input\\ArgvInput), Object(Symfony\\Component\\Console\\Output\\ConsoleOutput))
#27 {main}
"} 
[2026-02-28 10:55:45] local.ERROR: Class "Observation" not found {"exception":"[object] (Error(code: 0): Class \"Observation\" not found at D:\\Development\\Laravel\\puspa-api\\routes\\api.php:305)
[stacktrace]
#0 D:\\Development\\Laravel\\puspa-api\\vendor\\laravel\\framework\\src\\Illuminate\\Routing\\RouteFileRegistrar.php(35): require()
#1 D:\\Development\\Laravel\\puspa-api\\vendor\\laravel\\framework\\src\\Illuminate\\Routing\\Router.php(511): Illuminate\\Routing\\RouteFileRegistrar->register('D:\\\\Development\\\\...')
#2 D:\\Development\\Laravel\\puspa-api\\vendor\\laravel\\framework\\src\\Illuminate\\Routing\\Router.php(465): Illuminate\\Routing\\Router->loadRoutes('D:\\\\Development\\\\...')
#3 D:\\Development\\Laravel\\puspa-api\\vendor\\laravel\\framework\\src\\Illuminate\\Routing\\RouteRegistrar.php(194): Illuminate\\Routing\\Router->group(Array, 'D:\\\\Development\\\\...')
#4 D:\\Development\\Laravel\\puspa-api\\app\\Providers\\RouteServiceProvider.php(32): Illuminate\\Routing\\RouteRegistrar->group('D:\\\\Development\\\\...')
#5 D:\\Development\\Laravel\\puspa-api\\vendor\\laravel\\framework\\src\\Illuminate\\Container\\BoundMethod.php(36): App\\Providers\\RouteServiceProvider->App\\Providers\\{closure}()
#6 D:\\Development\\Laravel\\puspa-api\\vendor\\laravel\\framework\\src\\Illuminate\\Container\\Util.php(41): Illuminate\\Container\\BoundMethod::Illuminate\\Container\\{closure}()
#7 D:\\Development\\Laravel\\puspa-api\\vendor\\laravel\\framework\\src\\Illuminate\\Container\\BoundMethod.php(81): Illuminate\\Container\\Util::unwrapIfClosure(Object(Closure))
#8 D:\\Development\\Laravel\\puspa-api\\vendor\\laravel\\framework\\src\\Illuminate\\Container\\BoundMethod.php(35): Illuminate\\Container\\BoundMethod::callBoundMethod(Object(Illuminate\\Foundation\\Application), Object(Closure), Object(Closure))
#9 D:\\Development\\Laravel\\puspa-api\\vendor\\laravel\\framework\\src\\Illuminate\\Container\\Container.php(662): Illuminate\\Container\\BoundMethod::call(Object(Illuminate\\Foundation\\Application), Object(Closure), Array, NULL)
#10 D:\\Development\\Laravel\\puspa-api\\vendor\\laravel\\framework\\src\\Illuminate\\Foundation\\Support\\Providers\\RouteServiceProvider.php(120): Illuminate\\Container\\Container->call(Object(Closure))
#11 D:\\Development\\Laravel\\puspa-api\\vendor\\laravel\\framework\\src\\Illuminate\\Foundation\\Support\\Providers\\RouteServiceProvider.php(45): Illuminate\\Foundation\\Support\\Providers\\RouteServiceProvider->loadRoutes()
#12 D:\\Development\\Laravel\\puspa-api\\vendor\\laravel\\framework\\src\\Illuminate\\Container\\BoundMethod.php(36): Illuminate\\Foundation\\Support\\Providers\\RouteServiceProvider->Illuminate\\Foundation\\Support\\Providers\\{closure}()
#13 D:\\Development\\Laravel\\puspa-api\\vendor\\laravel\\framework\\src\\Illuminate\\Container\\Util.php(41): Illuminate\\Container\\BoundMethod::Illuminate\\Container\\{closure}()
#14 D:\\Development\\Laravel\\puspa-api\\vendor\\laravel\\framework\\src\\Illuminate\\Container\\BoundMethod.php(81): Illuminate\\Container\\Util::unwrapIfClosure(Object(Closure))
#15 D:\\Development\\Laravel\\puspa-api\\vendor\\laravel\\framework\\src\\Illuminate\\Container\\BoundMethod.php(35): Illuminate\\Container\\BoundMethod::callBoundMethod(Object(Illuminate\\Foundation\\Application), Object(Closure), Object(Closure))
#16 D:\\Development\\Laravel\\puspa-api\\vendor\\laravel\\framework\\src\\Illuminate\\Container\\Container.php(662): Illuminate\\Container\\BoundMethod::call(Object(Illuminate\\Foundation\\Application), Object(Closure), Array, NULL)
#17 D:\\Development\\Laravel\\puspa-api\\vendor\\laravel\\framework\\src\\Illuminate\\Support\\ServiceProvider.php(119): Illuminate\\Container\\Container->call(Object(Closure))
#18 D:\\Development\\Laravel\\puspa-api\\vendor\\laravel\\framework\\src\\Illuminate\\Foundation\\Application.php(1062): Illuminate\\Support\\ServiceProvider->callBootedCallbacks()
#19 D:\\Development\\Laravel\\puspa-api\\vendor\\laravel\\framework\\src\\Illuminate\\Foundation\\Application.php(1040): Illuminate\\Foundation\\Application->bootProvider(Object(App\\Providers\\RouteServiceProvider))
#20 [internal function]: Illuminate\\Foundation\\Application->Illuminate\\Foundation\\{closure}(Object(App\\Providers\\RouteServiceProvider), 26)
#21 D:\\Development\\Laravel\\puspa-api\\vendor\\laravel\\framework\\src\\Illuminate\\Foundation\\Application.php(1039): array_walk(Array, Object(Closure))
#22 D:\\Development\\Laravel\\puspa-api\\vendor\\laravel\\framework\\src\\Illuminate\\Foundation\\Bootstrap\\BootProviders.php(17): Illuminate\\Foundation\\Application->boot()
#23 D:\\Development\\Laravel\\puspa-api\\vendor\\laravel\\framework\\src\\Illuminate\\Foundation\\Application.php(286): Illuminate\\Foundation\\Bootstrap\\BootProviders->bootstrap(Object(Illuminate\\Foundation\\Application))
#24 D:\\Development\\Laravel\\puspa-api\\vendor\\laravel\\framework\\src\\Illuminate\\Foundation\\Console\\Kernel.php(447): Illuminate\\Foundation\\Application->bootstrapWith(Array)
#25 D:\\Development\\Laravel\\puspa-api\\vendor\\laravel\\framework\\src\\Illuminate\\Foundation\\Console\\Kernel.php(199): Illuminate\\Foundation\\Console\\Kernel->bootstrap()
#26 Command line code(1): Illuminate\\Foundation\\Console\\Kernel->handle(Object(Symfony\\Component\\Console\\Input\\ArgvInput), Object(Symfony\\Component\\Console\\Output\\ConsoleOutput))
#27 {main}
"} 
[2026-02-28 10:56:45] local.ERROR: Class "Observation" not found {"exception":"[object] (Error(code: 0): Class \"Observation\" not found at D:\\Development\\Laravel\\puspa-api\\routes\\api.php:305)
[stacktrace]
#0 D:\\Development\\Laravel\\puspa-api\\vendor\\laravel\\framework\\src\\Illuminate\\Routing\\RouteFileRegistrar.php(35): require()
#1 D:\\Development\\Laravel\\puspa-api\\vendor\\laravel\\framework\\src\\Illuminate\\Routing\\Router.php(511): Illuminate\\Routing\\RouteFileRegistrar->register('D:\\\\Development\\\\...')
#2 D:\\Development\\Laravel\\puspa-api\\vendor\\laravel\\framework\\src\\Illuminate\\Routing\\Router.php(465): Illuminate\\Routing\\Router->loadRoutes('D:\\\\Development\\\\...')
#3 D:\\Development\\Laravel\\puspa-api\\vendor\\laravel\\framework\\src\\Illuminate\\Routing\\RouteRegistrar.php(194): Illuminate\\Routing\\Router->group(Array, 'D:\\\\Development\\\\...')
#4 D:\\Development\\Laravel\\puspa-api\\app\\Providers\\RouteServiceProvider.php(32): Illuminate\\Routing\\RouteRegistrar->group('D:\\\\Development\\\\...')
#5 D:\\Development\\Laravel\\puspa-api\\vendor\\laravel\\framework\\src\\Illuminate\\Container\\BoundMethod.php(36): App\\Providers\\RouteServiceProvider->App\\Providers\\{closure}()
#6 D:\\Development\\Laravel\\puspa-api\\vendor\\laravel\\framework\\src\\Illuminate\\Container\\Util.php(41): Illuminate\\Container\\BoundMethod::Illuminate\\Container\\{closure}()
#7 D:\\Development\\Laravel\\puspa-api\\vendor\\laravel\\framework\\src\\Illuminate\\Container\\BoundMethod.php(81): Illuminate\\Container\\Util::unwrapIfClosure(Object(Closure))
#8 D:\\Development\\Laravel\\puspa-api\\vendor\\laravel\\framework\\src\\Illuminate\\Container\\BoundMethod.php(35): Illuminate\\Container\\BoundMethod::callBoundMethod(Object(Illuminate\\Foundation\\Application), Object(Closure), Object(Closure))
#9 D:\\Development\\Laravel\\puspa-api\\vendor\\laravel\\framework\\src\\Illuminate\\Container\\Container.php(662): Illuminate\\Container\\BoundMethod::call(Object(Illuminate\\Foundation\\Application), Object(Closure), Array, NULL)
#10 D:\\Development\\Laravel\\puspa-api\\vendor\\laravel\\framework\\src\\Illuminate\\Foundation\\Support\\Providers\\RouteServiceProvider.php(120): Illuminate\\Container\\Container->call(Object(Closure))
#11 D:\\Development\\Laravel\\puspa-api\\vendor\\laravel\\framework\\src\\Illuminate\\Foundation\\Support\\Providers\\RouteServiceProvider.php(45): Illuminate\\Foundation\\Support\\Providers\\RouteServiceProvider->loadRoutes()
#12 D:\\Development\\Laravel\\puspa-api\\vendor\\laravel\\framework\\src\\Illuminate\\Container\\BoundMethod.php(36): Illuminate\\Foundation\\Support\\Providers\\RouteServiceProvider->Illuminate\\Foundation\\Support\\Providers\\{closure}()
#13 D:\\Development\\Laravel\\puspa-api\\vendor\\laravel\\framework\\src\\Illuminate\\Container\\Util.php(41): Illuminate\\Container\\BoundMethod::Illuminate\\Container\\{closure}()
#14 D:\\Development\\Laravel\\puspa-api\\vendor\\laravel\\framework\\src\\Illuminate\\Container\\BoundMethod.php(81): Illuminate\\Container\\Util::unwrapIfClosure(Object(Closure))
#15 D:\\Development\\Laravel\\puspa-api\\vendor\\laravel\\framework\\src\\Illuminate\\Container\\BoundMethod.php(35): Illuminate\\Container\\BoundMethod::callBoundMethod(Object(Illuminate\\Foundation\\Application), Object(Closure), Object(Closure))
#16 D:\\Development\\Laravel\\puspa-api\\vendor\\laravel\\framework\\src\\Illuminate\\Container\\Container.php(662): Illuminate\\Container\\BoundMethod::call(Object(Illuminate\\Foundation\\Application), Object(Closure), Array, NULL)
#17 D:\\Development\\Laravel\\puspa-api\\vendor\\laravel\\framework\\src\\Illuminate\\Support\\ServiceProvider.php(119): Illuminate\\Container\\Container->call(Object(Closure))
#18 D:\\Development\\Laravel\\puspa-api\\vendor\\laravel\\framework\\src\\Illuminate\\Foundation\\Application.php(1062): Illuminate\\Support\\ServiceProvider->callBootedCallbacks()
#19 D:\\Development\\Laravel\\puspa-api\\vendor\\laravel\\framework\\src\\Illuminate\\Foundation\\Application.php(1040): Illuminate\\Foundation\\Application->bootProvider(Object(App\\Providers\\RouteServiceProvider))
#20 [internal function]: Illuminate\\Foundation\\Application->Illuminate\\Foundation\\{closure}(Object(App\\Providers\\RouteServiceProvider), 26)
#21 D:\\Development\\Laravel\\puspa-api\\vendor\\laravel\\framework\\src\\Illuminate\\Foundation\\Application.php(1039): array_walk(Array, Object(Closure))
#22 D:\\Development\\Laravel\\puspa-api\\vendor\\laravel\\framework\\src\\Illuminate\\Foundation\\Bootstrap\\BootProviders.php(17): Illuminate\\Foundation\\Application->boot()
#23 D:\\Development\\Laravel\\puspa-api\\vendor\\laravel\\framework\\src\\Illuminate\\Foundation\\Application.php(286): Illuminate\\Foundation\\Bootstrap\\BootProviders->bootstrap(Object(Illuminate\\Foundation\\Application))
#24 D:\\Development\\Laravel\\puspa-api\\vendor\\laravel\\framework\\src\\Illuminate\\Foundation\\Console\\Kernel.php(447): Illuminate\\Foundation\\Application->bootstrapWith(Array)
#25 D:\\Development\\Laravel\\puspa-api\\vendor\\laravel\\framework\\src\\Illuminate\\Foundation\\Console\\Kernel.php(199): Illuminate\\Foundation\\Console\\Kernel->bootstrap()
#26 Command line code(1): Illuminate\\Foundation\\Console\\Kernel->handle(Object(Symfony\\Component\\Console\\Input\\ArgvInput), Object(Symfony\\Component\\Console\\Output\\ConsoleOutput))
#27 {main}
"} 
[2026-02-28 10:56:45] local.ERROR: Class "Observation" not found {"exception":"[object] (Error(code: 0): Class \"Observation\" not found at D:\\Development\\Laravel\\puspa-api\\routes\\api.php:305)
[stacktrace]
#0 D:\\Development\\Laravel\\puspa-api\\vendor\\laravel\\framework\\src\\Illuminate\\Routing\\RouteFileRegistrar.php(35): require()
#1 D:\\Development\\Laravel\\puspa-api\\vendor\\laravel\\framework\\src\\Illuminate\\Routing\\Router.php(511): Illuminate\\Routing\\RouteFileRegistrar->register('D:\\\\Development\\\\...')
#2 D:\\Development\\Laravel\\puspa-api\\vendor\\laravel\\framework\\src\\Illuminate\\Routing\\Router.php(465): Illuminate\\Routing\\Router->loadRoutes('D:\\\\Development\\\\...')
#3 D:\\Development\\Laravel\\puspa-api\\vendor\\laravel\\framework\\src\\Illuminate\\Routing\\RouteRegistrar.php(194): Illuminate\\Routing\\Router->group(Array, 'D:\\\\Development\\\\...')
#4 D:\\Development\\Laravel\\puspa-api\\app\\Providers\\RouteServiceProvider.php(32): Illuminate\\Routing\\RouteRegistrar->group('D:\\\\Development\\\\...')
#5 D:\\Development\\Laravel\\puspa-api\\vendor\\laravel\\framework\\src\\Illuminate\\Container\\BoundMethod.php(36): App\\Providers\\RouteServiceProvider->App\\Providers\\{closure}()
#6 D:\\Development\\Laravel\\puspa-api\\vendor\\laravel\\framework\\src\\Illuminate\\Container\\Util.php(41): Illuminate\\Container\\BoundMethod::Illuminate\\Container\\{closure}()
#7 D:\\Development\\Laravel\\puspa-api\\vendor\\laravel\\framework\\src\\Illuminate\\Container\\BoundMethod.php(81): Illuminate\\Container\\Util::unwrapIfClosure(Object(Closure))
#8 D:\\Development\\Laravel\\puspa-api\\vendor\\laravel\\framework\\src\\Illuminate\\Container\\BoundMethod.php(35): Illuminate\\Container\\BoundMethod::callBoundMethod(Object(Illuminate\\Foundation\\Application), Object(Closure), Object(Closure))
#9 D:\\Development\\Laravel\\puspa-api\\vendor\\laravel\\framework\\src\\Illuminate\\Container\\Container.php(662): Illuminate\\Container\\BoundMethod::call(Object(Illuminate\\Foundation\\Application), Object(Closure), Array, NULL)
#10 D:\\Development\\Laravel\\puspa-api\\vendor\\laravel\\framework\\src\\Illuminate\\Foundation\\Support\\Providers\\RouteServiceProvider.php(120): Illuminate\\Container\\Container->call(Object(Closure))
#11 D:\\Development\\Laravel\\puspa-api\\vendor\\laravel\\framework\\src\\Illuminate\\Foundation\\Support\\Providers\\RouteServiceProvider.php(45): Illuminate\\Foundation\\Support\\Providers\\RouteServiceProvider->loadRoutes()
#12 D:\\Development\\Laravel\\puspa-api\\vendor\\laravel\\framework\\src\\Illuminate\\Container\\BoundMethod.php(36): Illuminate\\Foundation\\Support\\Providers\\RouteServiceProvider->Illuminate\\Foundation\\Support\\Providers\\{closure}()
#13 D:\\Development\\Laravel\\puspa-api\\vendor\\laravel\\framework\\src\\Illuminate\\Container\\Util.php(41): Illuminate\\Container\\BoundMethod::Illuminate\\Container\\{closure}()
#14 D:\\Development\\Laravel\\puspa-api\\vendor\\laravel\\framework\\src\\Illuminate\\Container\\BoundMethod.php(81): Illuminate\\Container\\Util::unwrapIfClosure(Object(Closure))
#15 D:\\Development\\Laravel\\puspa-api\\vendor\\laravel\\framework\\src\\Illuminate\\Container\\BoundMethod.php(35): Illuminate\\Container\\BoundMethod::callBoundMethod(Object(Illuminate\\Foundation\\Application), Object(Closure), Object(Closure))
#16 D:\\Development\\Laravel\\puspa-api\\vendor\\laravel\\framework\\src\\Illuminate\\Container\\Container.php(662): Illuminate\\Container\\BoundMethod::call(Object(Illuminate\\Foundation\\Application), Object(Closure), Array, NULL)
#17 D:\\Development\\Laravel\\puspa-api\\vendor\\laravel\\framework\\src\\Illuminate\\Support\\ServiceProvider.php(119): Illuminate\\Container\\Container->call(Object(Closure))
#18 D:\\Development\\Laravel\\puspa-api\\vendor\\laravel\\framework\\src\\Illuminate\\Foundation\\Application.php(1062): Illuminate\\Support\\ServiceProvider->callBootedCallbacks()
#19 D:\\Development\\Laravel\\puspa-api\\vendor\\laravel\\framework\\src\\Illuminate\\Foundation\\Application.php(1040): Illuminate\\Foundation\\Application->bootProvider(Object(App\\Providers\\RouteServiceProvider))
#20 [internal function]: Illuminate\\Foundation\\Application->Illuminate\\Foundation\\{closure}(Object(App\\Providers\\RouteServiceProvider), 26)
#21 D:\\Development\\Laravel\\puspa-api\\vendor\\laravel\\framework\\src\\Illuminate\\Foundation\\Application.php(1039): array_walk(Array, Object(Closure))
#22 D:\\Development\\Laravel\\puspa-api\\vendor\\laravel\\framework\\src\\Illuminate\\Foundation\\Bootstrap\\BootProviders.php(17): Illuminate\\Foundation\\Application->boot()
#23 D:\\Development\\Laravel\\puspa-api\\vendor\\laravel\\framework\\src\\Illuminate\\Foundation\\Application.php(286): Illuminate\\Foundation\\Bootstrap\\BootProviders->bootstrap(Object(Illuminate\\Foundation\\Application))
#24 D:\\Development\\Laravel\\puspa-api\\vendor\\laravel\\framework\\src\\Illuminate\\Foundation\\Console\\Kernel.php(447): Illuminate\\Foundation\\Application->bootstrapWith(Array)
#25 D:\\Development\\Laravel\\puspa-api\\vendor\\laravel\\framework\\src\\Illuminate\\Foundation\\Console\\Kernel.php(199): Illuminate\\Foundation\\Console\\Kernel->bootstrap()
#26 Command line code(1): Illuminate\\Foundation\\Console\\Kernel->handle(Object(Symfony\\Component\\Console\\Input\\ArgvInput), Object(Symfony\\Component\\Console\\Output\\ConsoleOutput))
#27 {main}
"} 
[2026-02-28 10:57:45] local.ERROR: Class "Observation" not found {"exception":"[object] (Error(code: 0): Class \"Observation\" not found at D:\\Development\\Laravel\\puspa-api\\routes\\api.php:305)
[stacktrace]
#0 D:\\Development\\Laravel\\puspa-api\\vendor\\laravel\\framework\\src\\Illuminate\\Routing\\RouteFileRegistrar.php(35): require()
#1 D:\\Development\\Laravel\\puspa-api\\vendor\\laravel\\framework\\src\\Illuminate\\Routing\\Router.php(511): Illuminate\\Routing\\RouteFileRegistrar->register('D:\\\\Development\\\\...')
#2 D:\\Development\\Laravel\\puspa-api\\vendor\\laravel\\framework\\src\\Illuminate\\Routing\\Router.php(465): Illuminate\\Routing\\Router->loadRoutes('D:\\\\Development\\\\...')
#3 D:\\Development\\Laravel\\puspa-api\\vendor\\laravel\\framework\\src\\Illuminate\\Routing\\RouteRegistrar.php(194): Illuminate\\Routing\\Router->group(Array, 'D:\\\\Development\\\\...')
#4 D:\\Development\\Laravel\\puspa-api\\app\\Providers\\RouteServiceProvider.php(32): Illuminate\\Routing\\RouteRegistrar->group('D:\\\\Development\\\\...')
#5 D:\\Development\\Laravel\\puspa-api\\vendor\\laravel\\framework\\src\\Illuminate\\Container\\BoundMethod.php(36): App\\Providers\\RouteServiceProvider->App\\Providers\\{closure}()
#6 D:\\Development\\Laravel\\puspa-api\\vendor\\laravel\\framework\\src\\Illuminate\\Container\\Util.php(41): Illuminate\\Container\\BoundMethod::Illuminate\\Container\\{closure}()
#7 D:\\Development\\Laravel\\puspa-api\\vendor\\laravel\\framework\\src\\Illuminate\\Container\\BoundMethod.php(81): Illuminate\\Container\\Util::unwrapIfClosure(Object(Closure))
#8 D:\\Development\\Laravel\\puspa-api\\vendor\\laravel\\framework\\src\\Illuminate\\Container\\BoundMethod.php(35): Illuminate\\Container\\BoundMethod::callBoundMethod(Object(Illuminate\\Foundation\\Application), Object(Closure), Object(Closure))
#9 D:\\Development\\Laravel\\puspa-api\\vendor\\laravel\\framework\\src\\Illuminate\\Container\\Container.php(662): Illuminate\\Container\\BoundMethod::call(Object(Illuminate\\Foundation\\Application), Object(Closure), Array, NULL)
#10 D:\\Development\\Laravel\\puspa-api\\vendor\\laravel\\framework\\src\\Illuminate\\Foundation\\Support\\Providers\\RouteServiceProvider.php(120): Illuminate\\Container\\Container->call(Object(Closure))
#11 D:\\Development\\Laravel\\puspa-api\\vendor\\laravel\\framework\\src\\Illuminate\\Foundation\\Support\\Providers\\RouteServiceProvider.php(45): Illuminate\\Foundation\\Support\\Providers\\RouteServiceProvider->loadRoutes()
#12 D:\\Development\\Laravel\\puspa-api\\vendor\\laravel\\framework\\src\\Illuminate\\Container\\BoundMethod.php(36): Illuminate\\Foundation\\Support\\Providers\\RouteServiceProvider->Illuminate\\Foundation\\Support\\Providers\\{closure}()
#13 D:\\Development\\Laravel\\puspa-api\\vendor\\laravel\\framework\\src\\Illuminate\\Container\\Util.php(41): Illuminate\\Container\\BoundMethod::Illuminate\\Container\\{closure}()
#14 D:\\Development\\Laravel\\puspa-api\\vendor\\laravel\\framework\\src\\Illuminate\\Container\\BoundMethod.php(81): Illuminate\\Container\\Util::unwrapIfClosure(Object(Closure))
#15 D:\\Development\\Laravel\\puspa-api\\vendor\\laravel\\framework\\src\\Illuminate\\Container\\BoundMethod.php(35): Illuminate\\Container\\BoundMethod::callBoundMethod(Object(Illuminate\\Foundation\\Application), Object(Closure), Object(Closure))
#16 D:\\Development\\Laravel\\puspa-api\\vendor\\laravel\\framework\\src\\Illuminate\\Container\\Container.php(662): Illuminate\\Container\\BoundMethod::call(Object(Illuminate\\Foundation\\Application), Object(Closure), Array, NULL)
#17 D:\\Development\\Laravel\\puspa-api\\vendor\\laravel\\framework\\src\\Illuminate\\Support\\ServiceProvider.php(119): Illuminate\\Container\\Container->call(Object(Closure))
#18 D:\\Development\\Laravel\\puspa-api\\vendor\\laravel\\framework\\src\\Illuminate\\Foundation\\Application.php(1062): Illuminate\\Support\\ServiceProvider->callBootedCallbacks()
#19 D:\\Development\\Laravel\\puspa-api\\vendor\\laravel\\framework\\src\\Illuminate\\Foundation\\Application.php(1040): Illuminate\\Foundation\\Application->bootProvider(Object(App\\Providers\\RouteServiceProvider))
#20 [internal function]: Illuminate\\Foundation\\Application->Illuminate\\Foundation\\{closure}(Object(App\\Providers\\RouteServiceProvider), 26)
#21 D:\\Development\\Laravel\\puspa-api\\vendor\\laravel\\framework\\src\\Illuminate\\Foundation\\Application.php(1039): array_walk(Array, Object(Closure))
#22 D:\\Development\\Laravel\\puspa-api\\vendor\\laravel\\framework\\src\\Illuminate\\Foundation\\Bootstrap\\BootProviders.php(17): Illuminate\\Foundation\\Application->boot()
#23 D:\\Development\\Laravel\\puspa-api\\vendor\\laravel\\framework\\src\\Illuminate\\Foundation\\Application.php(286): Illuminate\\Foundation\\Bootstrap\\BootProviders->bootstrap(Object(Illuminate\\Foundation\\Application))
#24 D:\\Development\\Laravel\\puspa-api\\vendor\\laravel\\framework\\src\\Illuminate\\Foundation\\Console\\Kernel.php(447): Illuminate\\Foundation\\Application->bootstrapWith(Array)
#25 D:\\Development\\Laravel\\puspa-api\\vendor\\laravel\\framework\\src\\Illuminate\\Foundation\\Console\\Kernel.php(199): Illuminate\\Foundation\\Console\\Kernel->bootstrap()
#26 Command line code(1): Illuminate\\Foundation\\Console\\Kernel->handle(Object(Symfony\\Component\\Console\\Input\\ArgvInput), Object(Symfony\\Component\\Console\\Output\\ConsoleOutput))
#27 {main}
"} 
[2026-02-28 10:57:45] local.ERROR: Class "Observation" not found {"exception":"[object] (Error(code: 0): Class \"Observation\" not found at D:\\Development\\Laravel\\puspa-api\\routes\\api.php:305)
[stacktrace]
#0 D:\\Development\\Laravel\\puspa-api\\vendor\\laravel\\framework\\src\\Illuminate\\Routing\\RouteFileRegistrar.php(35): require()
#1 D:\\Development\\Laravel\\puspa-api\\vendor\\laravel\\framework\\src\\Illuminate\\Routing\\Router.php(511): Illuminate\\Routing\\RouteFileRegistrar->register('D:\\\\Development\\\\...')
#2 D:\\Development\\Laravel\\puspa-api\\vendor\\laravel\\framework\\src\\Illuminate\\Routing\\Router.php(465): Illuminate\\Routing\\Router->loadRoutes('D:\\\\Development\\\\...')
#3 D:\\Development\\Laravel\\puspa-api\\vendor\\laravel\\framework\\src\\Illuminate\\Routing\\RouteRegistrar.php(194): Illuminate\\Routing\\Router->group(Array, 'D:\\\\Development\\\\...')
#4 D:\\Development\\Laravel\\puspa-api\\app\\Providers\\RouteServiceProvider.php(32): Illuminate\\Routing\\RouteRegistrar->group('D:\\\\Development\\\\...')
#5 D:\\Development\\Laravel\\puspa-api\\vendor\\laravel\\framework\\src\\Illuminate\\Container\\BoundMethod.php(36): App\\Providers\\RouteServiceProvider->App\\Providers\\{closure}()
#6 D:\\Development\\Laravel\\puspa-api\\vendor\\laravel\\framework\\src\\Illuminate\\Container\\Util.php(41): Illuminate\\Container\\BoundMethod::Illuminate\\Container\\{closure}()
#7 D:\\Development\\Laravel\\puspa-api\\vendor\\laravel\\framework\\src\\Illuminate\\Container\\BoundMethod.php(81): Illuminate\\Container\\Util::unwrapIfClosure(Object(Closure))
#8 D:\\Development\\Laravel\\puspa-api\\vendor\\laravel\\framework\\src\\Illuminate\\Container\\BoundMethod.php(35): Illuminate\\Container\\BoundMethod::callBoundMethod(Object(Illuminate\\Foundation\\Application), Object(Closure), Object(Closure))
#9 D:\\Development\\Laravel\\puspa-api\\vendor\\laravel\\framework\\src\\Illuminate\\Container\\Container.php(662): Illuminate\\Container\\BoundMethod::call(Object(Illuminate\\Foundation\\Application), Object(Closure), Array, NULL)
#10 D:\\Development\\Laravel\\puspa-api\\vendor\\laravel\\framework\\src\\Illuminate\\Foundation\\Support\\Providers\\RouteServiceProvider.php(120): Illuminate\\Container\\Container->call(Object(Closure))
#11 D:\\Development\\Laravel\\puspa-api\\vendor\\laravel\\framework\\src\\Illuminate\\Foundation\\Support\\Providers\\RouteServiceProvider.php(45): Illuminate\\Foundation\\Support\\Providers\\RouteServiceProvider->loadRoutes()
#12 D:\\Development\\Laravel\\puspa-api\\vendor\\laravel\\framework\\src\\Illuminate\\Container\\BoundMethod.php(36): Illuminate\\Foundation\\Support\\Providers\\RouteServiceProvider->Illuminate\\Foundation\\Support\\Providers\\{closure}()
#13 D:\\Development\\Laravel\\puspa-api\\vendor\\laravel\\framework\\src\\Illuminate\\Container\\Util.php(41): Illuminate\\Container\\BoundMethod::Illuminate\\Container\\{closure}()
#14 D:\\Development\\Laravel\\puspa-api\\vendor\\laravel\\framework\\src\\Illuminate\\Container\\BoundMethod.php(81): Illuminate\\Container\\Util::unwrapIfClosure(Object(Closure))
#15 D:\\Development\\Laravel\\puspa-api\\vendor\\laravel\\framework\\src\\Illuminate\\Container\\BoundMethod.php(35): Illuminate\\Container\\BoundMethod::callBoundMethod(Object(Illuminate\\Foundation\\Application), Object(Closure), Object(Closure))
#16 D:\\Development\\Laravel\\puspa-api\\vendor\\laravel\\framework\\src\\Illuminate\\Container\\Container.php(662): Illuminate\\Container\\BoundMethod::call(Object(Illuminate\\Foundation\\Application), Object(Closure), Array, NULL)
#17 D:\\Development\\Laravel\\puspa-api\\vendor\\laravel\\framework\\src\\Illuminate\\Support\\ServiceProvider.php(119): Illuminate\\Container\\Container->call(Object(Closure))
#18 D:\\Development\\Laravel\\puspa-api\\vendor\\laravel\\framework\\src\\Illuminate\\Foundation\\Application.php(1062): Illuminate\\Support\\ServiceProvider->callBootedCallbacks()
#19 D:\\Development\\Laravel\\puspa-api\\vendor\\laravel\\framework\\src\\Illuminate\\Foundation\\Application.php(1040): Illuminate\\Foundation\\Application->bootProvider(Object(App\\Providers\\RouteServiceProvider))
#20 [internal function]: Illuminate\\Foundation\\Application->Illuminate\\Foundation\\{closure}(Object(App\\Providers\\RouteServiceProvider), 26)
#21 D:\\Development\\Laravel\\puspa-api\\vendor\\laravel\\framework\\src\\Illuminate\\Foundation\\Application.php(1039): array_walk(Array, Object(Closure))
#22 D:\\Development\\Laravel\\puspa-api\\vendor\\laravel\\framework\\src\\Illuminate\\Foundation\\Bootstrap\\BootProviders.php(17): Illuminate\\Foundation\\Application->boot()
#23 D:\\Development\\Laravel\\puspa-api\\vendor\\laravel\\framework\\src\\Illuminate\\Foundation\\Application.php(286): Illuminate\\Foundation\\Bootstrap\\BootProviders->bootstrap(Object(Illuminate\\Foundation\\Application))
#24 D:\\Development\\Laravel\\puspa-api\\vendor\\laravel\\framework\\src\\Illuminate\\Foundation\\Console\\Kernel.php(447): Illuminate\\Foundation\\Application->bootstrapWith(Array)
#25 D:\\Development\\Laravel\\puspa-api\\vendor\\laravel\\framework\\src\\Illuminate\\Foundation\\Console\\Kernel.php(199): Illuminate\\Foundation\\Console\\Kernel->bootstrap()
#26 Command line code(1): Illuminate\\Foundation\\Console\\Kernel->handle(Object(Symfony\\Component\\Console\\Input\\ArgvInput), Object(Symfony\\Component\\Console\\Output\\ConsoleOutput))
#27 {main}
"} 
[2026-02-28 10:58:45] local.ERROR: Class "Observation" not found {"exception":"[object] (Error(code: 0): Class \"Observation\" not found at D:\\Development\\Laravel\\puspa-api\\routes\\api.php:305)
[stacktrace]
#0 D:\\Development\\Laravel\\puspa-api\\vendor\\laravel\\framework\\src\\Illuminate\\Routing\\RouteFileRegistrar.php(35): require()
#1 D:\\Development\\Laravel\\puspa-api\\vendor\\laravel\\framework\\src\\Illuminate\\Routing\\Router.php(511): Illuminate\\Routing\\RouteFileRegistrar->register('D:\\\\Development\\\\...')
#2 D:\\Development\\Laravel\\puspa-api\\vendor\\laravel\\framework\\src\\Illuminate\\Routing\\Router.php(465): Illuminate\\Routing\\Router->loadRoutes('D:\\\\Development\\\\...')
#3 D:\\Development\\Laravel\\puspa-api\\vendor\\laravel\\framework\\src\\Illuminate\\Routing\\RouteRegistrar.php(194): Illuminate\\Routing\\Router->group(Array, 'D:\\\\Development\\\\...')
#4 D:\\Development\\Laravel\\puspa-api\\app\\Providers\\RouteServiceProvider.php(32): Illuminate\\Routing\\RouteRegistrar->group('D:\\\\Development\\\\...')
#5 D:\\Development\\Laravel\\puspa-api\\vendor\\laravel\\framework\\src\\Illuminate\\Container\\BoundMethod.php(36): App\\Providers\\RouteServiceProvider->App\\Providers\\{closure}()
#6 D:\\Development\\Laravel\\puspa-api\\vendor\\laravel\\framework\\src\\Illuminate\\Container\\Util.php(41): Illuminate\\Container\\BoundMethod::Illuminate\\Container\\{closure}()
#7 D:\\Development\\Laravel\\puspa-api\\vendor\\laravel\\framework\\src\\Illuminate\\Container\\BoundMethod.php(81): Illuminate\\Container\\Util::unwrapIfClosure(Object(Closure))
#8 D:\\Development\\Laravel\\puspa-api\\vendor\\laravel\\framework\\src\\Illuminate\\Container\\BoundMethod.php(35): Illuminate\\Container\\BoundMethod::callBoundMethod(Object(Illuminate\\Foundation\\Application), Object(Closure), Object(Closure))
#9 D:\\Development\\Laravel\\puspa-api\\vendor\\laravel\\framework\\src\\Illuminate\\Container\\Container.php(662): Illuminate\\Container\\BoundMethod::call(Object(Illuminate\\Foundation\\Application), Object(Closure), Array, NULL)
#10 D:\\Development\\Laravel\\puspa-api\\vendor\\laravel\\framework\\src\\Illuminate\\Foundation\\Support\\Providers\\RouteServiceProvider.php(120): Illuminate\\Container\\Container->call(Object(Closure))
#11 D:\\Development\\Laravel\\puspa-api\\vendor\\laravel\\framework\\src\\Illuminate\\Foundation\\Support\\Providers\\RouteServiceProvider.php(45): Illuminate\\Foundation\\Support\\Providers\\RouteServiceProvider->loadRoutes()
#12 D:\\Development\\Laravel\\puspa-api\\vendor\\laravel\\framework\\src\\Illuminate\\Container\\BoundMethod.php(36): Illuminate\\Foundation\\Support\\Providers\\RouteServiceProvider->Illuminate\\Foundation\\Support\\Providers\\{closure}()
#13 D:\\Development\\Laravel\\puspa-api\\vendor\\laravel\\framework\\src\\Illuminate\\Container\\Util.php(41): Illuminate\\Container\\BoundMethod::Illuminate\\Container\\{closure}()
#14 D:\\Development\\Laravel\\puspa-api\\vendor\\laravel\\framework\\src\\Illuminate\\Container\\BoundMethod.php(81): Illuminate\\Container\\Util::unwrapIfClosure(Object(Closure))
#15 D:\\Development\\Laravel\\puspa-api\\vendor\\laravel\\framework\\src\\Illuminate\\Container\\BoundMethod.php(35): Illuminate\\Container\\BoundMethod::callBoundMethod(Object(Illuminate\\Foundation\\Application), Object(Closure), Object(Closure))
#16 D:\\Development\\Laravel\\puspa-api\\vendor\\laravel\\framework\\src\\Illuminate\\Container\\Container.php(662): Illuminate\\Container\\BoundMethod::call(Object(Illuminate\\Foundation\\Application), Object(Closure), Array, NULL)
#17 D:\\Development\\Laravel\\puspa-api\\vendor\\laravel\\framework\\src\\Illuminate\\Support\\ServiceProvider.php(119): Illuminate\\Container\\Container->call(Object(Closure))
#18 D:\\Development\\Laravel\\puspa-api\\vendor\\laravel\\framework\\src\\Illuminate\\Foundation\\Application.php(1062): Illuminate\\Support\\ServiceProvider->callBootedCallbacks()
#19 D:\\Development\\Laravel\\puspa-api\\vendor\\laravel\\framework\\src\\Illuminate\\Foundation\\Application.php(1040): Illuminate\\Foundation\\Application->bootProvider(Object(App\\Providers\\RouteServiceProvider))
#20 [internal function]: Illuminate\\Foundation\\Application->Illuminate\\Foundation\\{closure}(Object(App\\Providers\\RouteServiceProvider), 26)
#21 D:\\Development\\Laravel\\puspa-api\\vendor\\laravel\\framework\\src\\Illuminate\\Foundation\\Application.php(1039): array_walk(Array, Object(Closure))
#22 D:\\Development\\Laravel\\puspa-api\\vendor\\laravel\\framework\\src\\Illuminate\\Foundation\\Bootstrap\\BootProviders.php(17): Illuminate\\Foundation\\Application->boot()
#23 D:\\Development\\Laravel\\puspa-api\\vendor\\laravel\\framework\\src\\Illuminate\\Foundation\\Application.php(286): Illuminate\\Foundation\\Bootstrap\\BootProviders->bootstrap(Object(Illuminate\\Foundation\\Application))
#24 D:\\Development\\Laravel\\puspa-api\\vendor\\laravel\\framework\\src\\Illuminate\\Foundation\\Console\\Kernel.php(447): Illuminate\\Foundation\\Application->bootstrapWith(Array)
#25 D:\\Development\\Laravel\\puspa-api\\vendor\\laravel\\framework\\src\\Illuminate\\Foundation\\Console\\Kernel.php(199): Illuminate\\Foundation\\Console\\Kernel->bootstrap()
#26 Command line code(1): Illuminate\\Foundation\\Console\\Kernel->handle(Object(Symfony\\Component\\Console\\Input\\ArgvInput), Object(Symfony\\Component\\Console\\Output\\ConsoleOutput))
#27 {main}
"} 
[2026-02-28 10:58:45] local.ERROR: Class "Observation" not found {"exception":"[object] (Error(code: 0): Class \"Observation\" not found at D:\\Development\\Laravel\\puspa-api\\routes\\api.php:305)
[stacktrace]
#0 D:\\Development\\Laravel\\puspa-api\\vendor\\laravel\\framework\\src\\Illuminate\\Routing\\RouteFileRegistrar.php(35): require()
#1 D:\\Development\\Laravel\\puspa-api\\vendor\\laravel\\framework\\src\\Illuminate\\Routing\\Router.php(511): Illuminate\\Routing\\RouteFileRegistrar->register('D:\\\\Development\\\\...')
#2 D:\\Development\\Laravel\\puspa-api\\vendor\\laravel\\framework\\src\\Illuminate\\Routing\\Router.php(465): Illuminate\\Routing\\Router->loadRoutes('D:\\\\Development\\\\...')
#3 D:\\Development\\Laravel\\puspa-api\\vendor\\laravel\\framework\\src\\Illuminate\\Routing\\RouteRegistrar.php(194): Illuminate\\Routing\\Router->group(Array, 'D:\\\\Development\\\\...')
#4 D:\\Development\\Laravel\\puspa-api\\app\\Providers\\RouteServiceProvider.php(32): Illuminate\\Routing\\RouteRegistrar->group('D:\\\\Development\\\\...')
#5 D:\\Development\\Laravel\\puspa-api\\vendor\\laravel\\framework\\src\\Illuminate\\Container\\BoundMethod.php(36): App\\Providers\\RouteServiceProvider->App\\Providers\\{closure}()
#6 D:\\Development\\Laravel\\puspa-api\\vendor\\laravel\\framework\\src\\Illuminate\\Container\\Util.php(41): Illuminate\\Container\\BoundMethod::Illuminate\\Container\\{closure}()
#7 D:\\Development\\Laravel\\puspa-api\\vendor\\laravel\\framework\\src\\Illuminate\\Container\\BoundMethod.php(81): Illuminate\\Container\\Util::unwrapIfClosure(Object(Closure))
#8 D:\\Development\\Laravel\\puspa-api\\vendor\\laravel\\framework\\src\\Illuminate\\Container\\BoundMethod.php(35): Illuminate\\Container\\BoundMethod::callBoundMethod(Object(Illuminate\\Foundation\\Application), Object(Closure), Object(Closure))
#9 D:\\Development\\Laravel\\puspa-api\\vendor\\laravel\\framework\\src\\Illuminate\\Container\\Container.php(662): Illuminate\\Container\\BoundMethod::call(Object(Illuminate\\Foundation\\Application), Object(Closure), Array, NULL)
#10 D:\\Development\\Laravel\\puspa-api\\vendor\\laravel\\framework\\src\\Illuminate\\Foundation\\Support\\Providers\\RouteServiceProvider.php(120): Illuminate\\Container\\Container->call(Object(Closure))
#11 D:\\Development\\Laravel\\puspa-api\\vendor\\laravel\\framework\\src\\Illuminate\\Foundation\\Support\\Providers\\RouteServiceProvider.php(45): Illuminate\\Foundation\\Support\\Providers\\RouteServiceProvider->loadRoutes()
#12 D:\\Development\\Laravel\\puspa-api\\vendor\\laravel\\framework\\src\\Illuminate\\Container\\BoundMethod.php(36): Illuminate\\Foundation\\Support\\Providers\\RouteServiceProvider->Illuminate\\Foundation\\Support\\Providers\\{closure}()
#13 D:\\Development\\Laravel\\puspa-api\\vendor\\laravel\\framework\\src\\Illuminate\\Container\\Util.php(41): Illuminate\\Container\\BoundMethod::Illuminate\\Container\\{closure}()
#14 D:\\Development\\Laravel\\puspa-api\\vendor\\laravel\\framework\\src\\Illuminate\\Container\\BoundMethod.php(81): Illuminate\\Container\\Util::unwrapIfClosure(Object(Closure))
#15 D:\\Development\\Laravel\\puspa-api\\vendor\\laravel\\framework\\src\\Illuminate\\Container\\BoundMethod.php(35): Illuminate\\Container\\BoundMethod::callBoundMethod(Object(Illuminate\\Foundation\\Application), Object(Closure), Object(Closure))
#16 D:\\Development\\Laravel\\puspa-api\\vendor\\laravel\\framework\\src\\Illuminate\\Container\\Container.php(662): Illuminate\\Container\\BoundMethod::call(Object(Illuminate\\Foundation\\Application), Object(Closure), Array, NULL)
#17 D:\\Development\\Laravel\\puspa-api\\vendor\\laravel\\framework\\src\\Illuminate\\Support\\ServiceProvider.php(119): Illuminate\\Container\\Container->call(Object(Closure))
#18 D:\\Development\\Laravel\\puspa-api\\vendor\\laravel\\framework\\src\\Illuminate\\Foundation\\Application.php(1062): Illuminate\\Support\\ServiceProvider->callBootedCallbacks()
#19 D:\\Development\\Laravel\\puspa-api\\vendor\\laravel\\framework\\src\\Illuminate\\Foundation\\Application.php(1040): Illuminate\\Foundation\\Application->bootProvider(Object(App\\Providers\\RouteServiceProvider))
#20 [internal function]: Illuminate\\Foundation\\Application->Illuminate\\Foundation\\{closure}(Object(App\\Providers\\RouteServiceProvider), 26)
#21 D:\\Development\\Laravel\\puspa-api\\vendor\\laravel\\framework\\src\\Illuminate\\Foundation\\Application.php(1039): array_walk(Array, Object(Closure))
#22 D:\\Development\\Laravel\\puspa-api\\vendor\\laravel\\framework\\src\\Illuminate\\Foundation\\Bootstrap\\BootProviders.php(17): Illuminate\\Foundation\\Application->boot()
#23 D:\\Development\\Laravel\\puspa-api\\vendor\\laravel\\framework\\src\\Illuminate\\Foundation\\Application.php(286): Illuminate\\Foundation\\Bootstrap\\BootProviders->bootstrap(Object(Illuminate\\Foundation\\Application))
#24 D:\\Development\\Laravel\\puspa-api\\vendor\\laravel\\framework\\src\\Illuminate\\Foundation\\Console\\Kernel.php(447): Illuminate\\Foundation\\Application->bootstrapWith(Array)
#25 D:\\Development\\Laravel\\puspa-api\\vendor\\laravel\\framework\\src\\Illuminate\\Foundation\\Console\\Kernel.php(199): Illuminate\\Foundation\\Console\\Kernel->bootstrap()
#26 Command line code(1): Illuminate\\Foundation\\Console\\Kernel->handle(Object(Symfony\\Component\\Console\\Input\\ArgvInput), Object(Symfony\\Component\\Console\\Output\\ConsoleOutput))
#27 {main}
"} 
[2026-02-28 10:59:45] local.ERROR: Class "Observation" not found {"exception":"[object] (Error(code: 0): Class \"Observation\" not found at D:\\Development\\Laravel\\puspa-api\\routes\\api.php:305)
[stacktrace]
#0 D:\\Development\\Laravel\\puspa-api\\vendor\\laravel\\framework\\src\\Illuminate\\Routing\\RouteFileRegistrar.php(35): require()
#1 D:\\Development\\Laravel\\puspa-api\\vendor\\laravel\\framework\\src\\Illuminate\\Routing\\Router.php(511): Illuminate\\Routing\\RouteFileRegistrar->register('D:\\\\Development\\\\...')
#2 D:\\Development\\Laravel\\puspa-api\\vendor\\laravel\\framework\\src\\Illuminate\\Routing\\Router.php(465): Illuminate\\Routing\\Router->loadRoutes('D:\\\\Development\\\\...')
#3 D:\\Development\\Laravel\\puspa-api\\vendor\\laravel\\framework\\src\\Illuminate\\Routing\\RouteRegistrar.php(194): Illuminate\\Routing\\Router->group(Array, 'D:\\\\Development\\\\...')
#4 D:\\Development\\Laravel\\puspa-api\\app\\Providers\\RouteServiceProvider.php(32): Illuminate\\Routing\\RouteRegistrar->group('D:\\\\Development\\\\...')
#5 D:\\Development\\Laravel\\puspa-api\\vendor\\laravel\\framework\\src\\Illuminate\\Container\\BoundMethod.php(36): App\\Providers\\RouteServiceProvider->App\\Providers\\{closure}()
#6 D:\\Development\\Laravel\\puspa-api\\vendor\\laravel\\framework\\src\\Illuminate\\Container\\Util.php(41): Illuminate\\Container\\BoundMethod::Illuminate\\Container\\{closure}()
#7 D:\\Development\\Laravel\\puspa-api\\vendor\\laravel\\framework\\src\\Illuminate\\Container\\BoundMethod.php(81): Illuminate\\Container\\Util::unwrapIfClosure(Object(Closure))
#8 D:\\Development\\Laravel\\puspa-api\\vendor\\laravel\\framework\\src\\Illuminate\\Container\\BoundMethod.php(35): Illuminate\\Container\\BoundMethod::callBoundMethod(Object(Illuminate\\Foundation\\Application), Object(Closure), Object(Closure))
#9 D:\\Development\\Laravel\\puspa-api\\vendor\\laravel\\framework\\src\\Illuminate\\Container\\Container.php(662): Illuminate\\Container\\BoundMethod::call(Object(Illuminate\\Foundation\\Application), Object(Closure), Array, NULL)
#10 D:\\Development\\Laravel\\puspa-api\\vendor\\laravel\\framework\\src\\Illuminate\\Foundation\\Support\\Providers\\RouteServiceProvider.php(120): Illuminate\\Container\\Container->call(Object(Closure))
#11 D:\\Development\\Laravel\\puspa-api\\vendor\\laravel\\framework\\src\\Illuminate\\Foundation\\Support\\Providers\\RouteServiceProvider.php(45): Illuminate\\Foundation\\Support\\Providers\\RouteServiceProvider->loadRoutes()
#12 D:\\Development\\Laravel\\puspa-api\\vendor\\laravel\\framework\\src\\Illuminate\\Container\\BoundMethod.php(36): Illuminate\\Foundation\\Support\\Providers\\RouteServiceProvider->Illuminate\\Foundation\\Support\\Providers\\{closure}()
#13 D:\\Development\\Laravel\\puspa-api\\vendor\\laravel\\framework\\src\\Illuminate\\Container\\Util.php(41): Illuminate\\Container\\BoundMethod::Illuminate\\Container\\{closure}()
#14 D:\\Development\\Laravel\\puspa-api\\vendor\\laravel\\framework\\src\\Illuminate\\Container\\BoundMethod.php(81): Illuminate\\Container\\Util::unwrapIfClosure(Object(Closure))
#15 D:\\Development\\Laravel\\puspa-api\\vendor\\laravel\\framework\\src\\Illuminate\\Container\\BoundMethod.php(35): Illuminate\\Container\\BoundMethod::callBoundMethod(Object(Illuminate\\Foundation\\Application), Object(Closure), Object(Closure))
#16 D:\\Development\\Laravel\\puspa-api\\vendor\\laravel\\framework\\src\\Illuminate\\Container\\Container.php(662): Illuminate\\Container\\BoundMethod::call(Object(Illuminate\\Foundation\\Application), Object(Closure), Array, NULL)
#17 D:\\Development\\Laravel\\puspa-api\\vendor\\laravel\\framework\\src\\Illuminate\\Support\\ServiceProvider.php(119): Illuminate\\Container\\Container->call(Object(Closure))
#18 D:\\Development\\Laravel\\puspa-api\\vendor\\laravel\\framework\\src\\Illuminate\\Foundation\\Application.php(1062): Illuminate\\Support\\ServiceProvider->callBootedCallbacks()
#19 D:\\Development\\Laravel\\puspa-api\\vendor\\laravel\\framework\\src\\Illuminate\\Foundation\\Application.php(1040): Illuminate\\Foundation\\Application->bootProvider(Object(App\\Providers\\RouteServiceProvider))
#20 [internal function]: Illuminate\\Foundation\\Application->Illuminate\\Foundation\\{closure}(Object(App\\Providers\\RouteServiceProvider), 26)
#21 D:\\Development\\Laravel\\puspa-api\\vendor\\laravel\\framework\\src\\Illuminate\\Foundation\\Application.php(1039): array_walk(Array, Object(Closure))
#22 D:\\Development\\Laravel\\puspa-api\\vendor\\laravel\\framework\\src\\Illuminate\\Foundation\\Bootstrap\\BootProviders.php(17): Illuminate\\Foundation\\Application->boot()
#23 D:\\Development\\Laravel\\puspa-api\\vendor\\laravel\\framework\\src\\Illuminate\\Foundation\\Application.php(286): Illuminate\\Foundation\\Bootstrap\\BootProviders->bootstrap(Object(Illuminate\\Foundation\\Application))
#24 D:\\Development\\Laravel\\puspa-api\\vendor\\laravel\\framework\\src\\Illuminate\\Foundation\\Console\\Kernel.php(447): Illuminate\\Foundation\\Application->bootstrapWith(Array)
#25 D:\\Development\\Laravel\\puspa-api\\vendor\\laravel\\framework\\src\\Illuminate\\Foundation\\Console\\Kernel.php(199): Illuminate\\Foundation\\Console\\Kernel->bootstrap()
#26 Command line code(1): Illuminate\\Foundation\\Console\\Kernel->handle(Object(Symfony\\Component\\Console\\Input\\ArgvInput), Object(Symfony\\Component\\Console\\Output\\ConsoleOutput))
#27 {main}
"} 
[2026-02-28 10:59:45] local.ERROR: Class "Observation" not found {"exception":"[object] (Error(code: 0): Class \"Observation\" not found at D:\\Development\\Laravel\\puspa-api\\routes\\api.php:305)
[stacktrace]
#0 D:\\Development\\Laravel\\puspa-api\\vendor\\laravel\\framework\\src\\Illuminate\\Routing\\RouteFileRegistrar.php(35): require()
#1 D:\\Development\\Laravel\\puspa-api\\vendor\\laravel\\framework\\src\\Illuminate\\Routing\\Router.php(511): Illuminate\\Routing\\RouteFileRegistrar->register('D:\\\\Development\\\\...')
#2 D:\\Development\\Laravel\\puspa-api\\vendor\\laravel\\framework\\src\\Illuminate\\Routing\\Router.php(465): Illuminate\\Routing\\Router->loadRoutes('D:\\\\Development\\\\...')
#3 D:\\Development\\Laravel\\puspa-api\\vendor\\laravel\\framework\\src\\Illuminate\\Routing\\RouteRegistrar.php(194): Illuminate\\Routing\\Router->group(Array, 'D:\\\\Development\\\\...')
#4 D:\\Development\\Laravel\\puspa-api\\app\\Providers\\RouteServiceProvider.php(32): Illuminate\\Routing\\RouteRegistrar->group('D:\\\\Development\\\\...')
#5 D:\\Development\\Laravel\\puspa-api\\vendor\\laravel\\framework\\src\\Illuminate\\Container\\BoundMethod.php(36): App\\Providers\\RouteServiceProvider->App\\Providers\\{closure}()
#6 D:\\Development\\Laravel\\puspa-api\\vendor\\laravel\\framework\\src\\Illuminate\\Container\\Util.php(41): Illuminate\\Container\\BoundMethod::Illuminate\\Container\\{closure}()
#7 D:\\Development\\Laravel\\puspa-api\\vendor\\laravel\\framework\\src\\Illuminate\\Container\\BoundMethod.php(81): Illuminate\\Container\\Util::unwrapIfClosure(Object(Closure))
#8 D:\\Development\\Laravel\\puspa-api\\vendor\\laravel\\framework\\src\\Illuminate\\Container\\BoundMethod.php(35): Illuminate\\Container\\BoundMethod::callBoundMethod(Object(Illuminate\\Foundation\\Application), Object(Closure), Object(Closure))
#9 D:\\Development\\Laravel\\puspa-api\\vendor\\laravel\\framework\\src\\Illuminate\\Container\\Container.php(662): Illuminate\\Container\\BoundMethod::call(Object(Illuminate\\Foundation\\Application), Object(Closure), Array, NULL)
#10 D:\\Development\\Laravel\\puspa-api\\vendor\\laravel\\framework\\src\\Illuminate\\Foundation\\Support\\Providers\\RouteServiceProvider.php(120): Illuminate\\Container\\Container->call(Object(Closure))
#11 D:\\Development\\Laravel\\puspa-api\\vendor\\laravel\\framework\\src\\Illuminate\\Foundation\\Support\\Providers\\RouteServiceProvider.php(45): Illuminate\\Foundation\\Support\\Providers\\RouteServiceProvider->loadRoutes()
#12 D:\\Development\\Laravel\\puspa-api\\vendor\\laravel\\framework\\src\\Illuminate\\Container\\BoundMethod.php(36): Illuminate\\Foundation\\Support\\Providers\\RouteServiceProvider->Illuminate\\Foundation\\Support\\Providers\\{closure}()
#13 D:\\Development\\Laravel\\puspa-api\\vendor\\laravel\\framework\\src\\Illuminate\\Container\\Util.php(41): Illuminate\\Container\\BoundMethod::Illuminate\\Container\\{closure}()
#14 D:\\Development\\Laravel\\puspa-api\\vendor\\laravel\\framework\\src\\Illuminate\\Container\\BoundMethod.php(81): Illuminate\\Container\\Util::unwrapIfClosure(Object(Closure))
#15 D:\\Development\\Laravel\\puspa-api\\vendor\\laravel\\framework\\src\\Illuminate\\Container\\BoundMethod.php(35): Illuminate\\Container\\BoundMethod::callBoundMethod(Object(Illuminate\\Foundation\\Application), Object(Closure), Object(Closure))
#16 D:\\Development\\Laravel\\puspa-api\\vendor\\laravel\\framework\\src\\Illuminate\\Container\\Container.php(662): Illuminate\\Container\\BoundMethod::call(Object(Illuminate\\Foundation\\Application), Object(Closure), Array, NULL)
#17 D:\\Development\\Laravel\\puspa-api\\vendor\\laravel\\framework\\src\\Illuminate\\Support\\ServiceProvider.php(119): Illuminate\\Container\\Container->call(Object(Closure))
#18 D:\\Development\\Laravel\\puspa-api\\vendor\\laravel\\framework\\src\\Illuminate\\Foundation\\Application.php(1062): Illuminate\\Support\\ServiceProvider->callBootedCallbacks()
#19 D:\\Development\\Laravel\\puspa-api\\vendor\\laravel\\framework\\src\\Illuminate\\Foundation\\Application.php(1040): Illuminate\\Foundation\\Application->bootProvider(Object(App\\Providers\\RouteServiceProvider))
#20 [internal function]: Illuminate\\Foundation\\Application->Illuminate\\Foundation\\{closure}(Object(App\\Providers\\RouteServiceProvider), 26)
#21 D:\\Development\\Laravel\\puspa-api\\vendor\\laravel\\framework\\src\\Illuminate\\Foundation\\Application.php(1039): array_walk(Array, Object(Closure))
#22 D:\\Development\\Laravel\\puspa-api\\vendor\\laravel\\framework\\src\\Illuminate\\Foundation\\Bootstrap\\BootProviders.php(17): Illuminate\\Foundation\\Application->boot()
#23 D:\\Development\\Laravel\\puspa-api\\vendor\\laravel\\framework\\src\\Illuminate\\Foundation\\Application.php(286): Illuminate\\Foundation\\Bootstrap\\BootProviders->bootstrap(Object(Illuminate\\Foundation\\Application))
#24 D:\\Development\\Laravel\\puspa-api\\vendor\\laravel\\framework\\src\\Illuminate\\Foundation\\Console\\Kernel.php(447): Illuminate\\Foundation\\Application->bootstrapWith(Array)
#25 D:\\Development\\Laravel\\puspa-api\\vendor\\laravel\\framework\\src\\Illuminate\\Foundation\\Console\\Kernel.php(199): Illuminate\\Foundation\\Console\\Kernel->bootstrap()
#26 Command line code(1): Illuminate\\Foundation\\Console\\Kernel->handle(Object(Symfony\\Component\\Console\\Input\\ArgvInput), Object(Symfony\\Component\\Console\\Output\\ConsoleOutput))
#27 {main}
"} 
[2026-02-28 10:59:45] local.ERROR: Class "Observation" not found {"exception":"[object] (Error(code: 0): Class \"Observation\" not found at D:\\Development\\Laravel\\puspa-api\\routes\\api.php:305)
[stacktrace]
#0 D:\\Development\\Laravel\\puspa-api\\vendor\\laravel\\framework\\src\\Illuminate\\Routing\\RouteFileRegistrar.php(35): require()
#1 D:\\Development\\Laravel\\puspa-api\\vendor\\laravel\\framework\\src\\Illuminate\\Routing\\Router.php(511): Illuminate\\Routing\\RouteFileRegistrar->register('D:\\\\Development\\\\...')
#2 D:\\Development\\Laravel\\puspa-api\\vendor\\laravel\\framework\\src\\Illuminate\\Routing\\Router.php(465): Illuminate\\Routing\\Router->loadRoutes('D:\\\\Development\\\\...')
#3 D:\\Development\\Laravel\\puspa-api\\vendor\\laravel\\framework\\src\\Illuminate\\Routing\\RouteRegistrar.php(194): Illuminate\\Routing\\Router->group(Array, 'D:\\\\Development\\\\...')
#4 D:\\Development\\Laravel\\puspa-api\\app\\Providers\\RouteServiceProvider.php(32): Illuminate\\Routing\\RouteRegistrar->group('D:\\\\Development\\\\...')
#5 D:\\Development\\Laravel\\puspa-api\\vendor\\laravel\\framework\\src\\Illuminate\\Container\\BoundMethod.php(36): App\\Providers\\RouteServiceProvider->App\\Providers\\{closure}()
#6 D:\\Development\\Laravel\\puspa-api\\vendor\\laravel\\framework\\src\\Illuminate\\Container\\Util.php(41): Illuminate\\Container\\BoundMethod::Illuminate\\Container\\{closure}()
#7 D:\\Development\\Laravel\\puspa-api\\vendor\\laravel\\framework\\src\\Illuminate\\Container\\BoundMethod.php(81): Illuminate\\Container\\Util::unwrapIfClosure(Object(Closure))
#8 D:\\Development\\Laravel\\puspa-api\\vendor\\laravel\\framework\\src\\Illuminate\\Container\\BoundMethod.php(35): Illuminate\\Container\\BoundMethod::callBoundMethod(Object(Illuminate\\Foundation\\Application), Object(Closure), Object(Closure))
#9 D:\\Development\\Laravel\\puspa-api\\vendor\\laravel\\framework\\src\\Illuminate\\Container\\Container.php(662): Illuminate\\Container\\BoundMethod::call(Object(Illuminate\\Foundation\\Application), Object(Closure), Array, NULL)
#10 D:\\Development\\Laravel\\puspa-api\\vendor\\laravel\\framework\\src\\Illuminate\\Foundation\\Support\\Providers\\RouteServiceProvider.php(120): Illuminate\\Container\\Container->call(Object(Closure))
#11 D:\\Development\\Laravel\\puspa-api\\vendor\\laravel\\framework\\src\\Illuminate\\Foundation\\Support\\Providers\\RouteServiceProvider.php(45): Illuminate\\Foundation\\Support\\Providers\\RouteServiceProvider->loadRoutes()
#12 D:\\Development\\Laravel\\puspa-api\\vendor\\laravel\\framework\\src\\Illuminate\\Container\\BoundMethod.php(36): Illuminate\\Foundation\\Support\\Providers\\RouteServiceProvider->Illuminate\\Foundation\\Support\\Providers\\{closure}()
#13 D:\\Development\\Laravel\\puspa-api\\vendor\\laravel\\framework\\src\\Illuminate\\Container\\Util.php(41): Illuminate\\Container\\BoundMethod::Illuminate\\Container\\{closure}()
#14 D:\\Development\\Laravel\\puspa-api\\vendor\\laravel\\framework\\src\\Illuminate\\Container\\BoundMethod.php(81): Illuminate\\Container\\Util::unwrapIfClosure(Object(Closure))
#15 D:\\Development\\Laravel\\puspa-api\\vendor\\laravel\\framework\\src\\Illuminate\\Container\\BoundMethod.php(35): Illuminate\\Container\\BoundMethod::callBoundMethod(Object(Illuminate\\Foundation\\Application), Object(Closure), Object(Closure))
#16 D:\\Development\\Laravel\\puspa-api\\vendor\\laravel\\framework\\src\\Illuminate\\Container\\Container.php(662): Illuminate\\Container\\BoundMethod::call(Object(Illuminate\\Foundation\\Application), Object(Closure), Array, NULL)
#17 D:\\Development\\Laravel\\puspa-api\\vendor\\laravel\\framework\\src\\Illuminate\\Support\\ServiceProvider.php(119): Illuminate\\Container\\Container->call(Object(Closure))
#18 D:\\Development\\Laravel\\puspa-api\\vendor\\laravel\\framework\\src\\Illuminate\\Foundation\\Application.php(1062): Illuminate\\Support\\ServiceProvider->callBootedCallbacks()
#19 D:\\Development\\Laravel\\puspa-api\\vendor\\laravel\\framework\\src\\Illuminate\\Foundation\\Application.php(1040): Illuminate\\Foundation\\Application->bootProvider(Object(App\\Providers\\RouteServiceProvider))
#20 [internal function]: Illuminate\\Foundation\\Application->Illuminate\\Foundation\\{closure}(Object(App\\Providers\\RouteServiceProvider), 26)
#21 D:\\Development\\Laravel\\puspa-api\\vendor\\laravel\\framework\\src\\Illuminate\\Foundation\\Application.php(1039): array_walk(Array, Object(Closure))
#22 D:\\Development\\Laravel\\puspa-api\\vendor\\laravel\\framework\\src\\Illuminate\\Foundation\\Bootstrap\\BootProviders.php(17): Illuminate\\Foundation\\Application->boot()
#23 D:\\Development\\Laravel\\puspa-api\\vendor\\laravel\\framework\\src\\Illuminate\\Foundation\\Application.php(286): Illuminate\\Foundation\\Bootstrap\\BootProviders->bootstrap(Object(Illuminate\\Foundation\\Application))
#24 D:\\Development\\Laravel\\puspa-api\\vendor\\laravel\\framework\\src\\Illuminate\\Foundation\\Console\\Kernel.php(447): Illuminate\\Foundation\\Application->bootstrapWith(Array)
#25 D:\\Development\\Laravel\\puspa-api\\vendor\\laravel\\framework\\src\\Illuminate\\Foundation\\Console\\Kernel.php(199): Illuminate\\Foundation\\Console\\Kernel->bootstrap()
#26 Command line code(1): Illuminate\\Foundation\\Console\\Kernel->handle(Object(Symfony\\Component\\Console\\Input\\ArgvInput), Object(Symfony\\Component\\Console\\Output\\ConsoleOutput))
#27 {main}
"} 
[2026-02-28 11:00:45] local.ERROR: Class "Observation" not found {"exception":"[object] (Error(code: 0): Class \"Observation\" not found at D:\\Development\\Laravel\\puspa-api\\routes\\api.php:305)
[stacktrace]
#0 D:\\Development\\Laravel\\puspa-api\\vendor\\laravel\\framework\\src\\Illuminate\\Routing\\RouteFileRegistrar.php(35): require()
#1 D:\\Development\\Laravel\\puspa-api\\vendor\\laravel\\framework\\src\\Illuminate\\Routing\\Router.php(511): Illuminate\\Routing\\RouteFileRegistrar->register('D:\\\\Development\\\\...')
#2 D:\\Development\\Laravel\\puspa-api\\vendor\\laravel\\framework\\src\\Illuminate\\Routing\\Router.php(465): Illuminate\\Routing\\Router->loadRoutes('D:\\\\Development\\\\...')
#3 D:\\Development\\Laravel\\puspa-api\\vendor\\laravel\\framework\\src\\Illuminate\\Routing\\RouteRegistrar.php(194): Illuminate\\Routing\\Router->group(Array, 'D:\\\\Development\\\\...')
#4 D:\\Development\\Laravel\\puspa-api\\app\\Providers\\RouteServiceProvider.php(32): Illuminate\\Routing\\RouteRegistrar->group('D:\\\\Development\\\\...')
#5 D:\\Development\\Laravel\\puspa-api\\vendor\\laravel\\framework\\src\\Illuminate\\Container\\BoundMethod.php(36): App\\Providers\\RouteServiceProvider->App\\Providers\\{closure}()
#6 D:\\Development\\Laravel\\puspa-api\\vendor\\laravel\\framework\\src\\Illuminate\\Container\\Util.php(41): Illuminate\\Container\\BoundMethod::Illuminate\\Container\\{closure}()
#7 D:\\Development\\Laravel\\puspa-api\\vendor\\laravel\\framework\\src\\Illuminate\\Container\\BoundMethod.php(81): Illuminate\\Container\\Util::unwrapIfClosure(Object(Closure))
#8 D:\\Development\\Laravel\\puspa-api\\vendor\\laravel\\framework\\src\\Illuminate\\Container\\BoundMethod.php(35): Illuminate\\Container\\BoundMethod::callBoundMethod(Object(Illuminate\\Foundation\\Application), Object(Closure), Object(Closure))
#9 D:\\Development\\Laravel\\puspa-api\\vendor\\laravel\\framework\\src\\Illuminate\\Container\\Container.php(662): Illuminate\\Container\\BoundMethod::call(Object(Illuminate\\Foundation\\Application), Object(Closure), Array, NULL)
#10 D:\\Development\\Laravel\\puspa-api\\vendor\\laravel\\framework\\src\\Illuminate\\Foundation\\Support\\Providers\\RouteServiceProvider.php(120): Illuminate\\Container\\Container->call(Object(Closure))
#11 D:\\Development\\Laravel\\puspa-api\\vendor\\laravel\\framework\\src\\Illuminate\\Foundation\\Support\\Providers\\RouteServiceProvider.php(45): Illuminate\\Foundation\\Support\\Providers\\RouteServiceProvider->loadRoutes()
#12 D:\\Development\\Laravel\\puspa-api\\vendor\\laravel\\framework\\src\\Illuminate\\Container\\BoundMethod.php(36): Illuminate\\Foundation\\Support\\Providers\\RouteServiceProvider->Illuminate\\Foundation\\Support\\Providers\\{closure}()
#13 D:\\Development\\Laravel\\puspa-api\\vendor\\laravel\\framework\\src\\Illuminate\\Container\\Util.php(41): Illuminate\\Container\\BoundMethod::Illuminate\\Container\\{closure}()
#14 D:\\Development\\Laravel\\puspa-api\\vendor\\laravel\\framework\\src\\Illuminate\\Container\\BoundMethod.php(81): Illuminate\\Container\\Util::unwrapIfClosure(Object(Closure))
#15 D:\\Development\\Laravel\\puspa-api\\vendor\\laravel\\framework\\src\\Illuminate\\Container\\BoundMethod.php(35): Illuminate\\Container\\BoundMethod::callBoundMethod(Object(Illuminate\\Foundation\\Application), Object(Closure), Object(Closure))
#16 D:\\Development\\Laravel\\puspa-api\\vendor\\laravel\\framework\\src\\Illuminate\\Container\\Container.php(662): Illuminate\\Container\\BoundMethod::call(Object(Illuminate\\Foundation\\Application), Object(Closure), Array, NULL)
#17 D:\\Development\\Laravel\\puspa-api\\vendor\\laravel\\framework\\src\\Illuminate\\Support\\ServiceProvider.php(119): Illuminate\\Container\\Container->call(Object(Closure))
#18 D:\\Development\\Laravel\\puspa-api\\vendor\\laravel\\framework\\src\\Illuminate\\Foundation\\Application.php(1062): Illuminate\\Support\\ServiceProvider->callBootedCallbacks()
#19 D:\\Development\\Laravel\\puspa-api\\vendor\\laravel\\framework\\src\\Illuminate\\Foundation\\Application.php(1040): Illuminate\\Foundation\\Application->bootProvider(Object(App\\Providers\\RouteServiceProvider))
#20 [internal function]: Illuminate\\Foundation\\Application->Illuminate\\Foundation\\{closure}(Object(App\\Providers\\RouteServiceProvider), 26)
#21 D:\\Development\\Laravel\\puspa-api\\vendor\\laravel\\framework\\src\\Illuminate\\Foundation\\Application.php(1039): array_walk(Array, Object(Closure))
#22 D:\\Development\\Laravel\\puspa-api\\vendor\\laravel\\framework\\src\\Illuminate\\Foundation\\Bootstrap\\BootProviders.php(17): Illuminate\\Foundation\\Application->boot()
#23 D:\\Development\\Laravel\\puspa-api\\vendor\\laravel\\framework\\src\\Illuminate\\Foundation\\Application.php(286): Illuminate\\Foundation\\Bootstrap\\BootProviders->bootstrap(Object(Illuminate\\Foundation\\Application))
#24 D:\\Development\\Laravel\\puspa-api\\vendor\\laravel\\framework\\src\\Illuminate\\Foundation\\Console\\Kernel.php(447): Illuminate\\Foundation\\Application->bootstrapWith(Array)
#25 D:\\Development\\Laravel\\puspa-api\\vendor\\laravel\\framework\\src\\Illuminate\\Foundation\\Console\\Kernel.php(199): Illuminate\\Foundation\\Console\\Kernel->bootstrap()
#26 Command line code(1): Illuminate\\Foundation\\Console\\Kernel->handle(Object(Symfony\\Component\\Console\\Input\\ArgvInput), Object(Symfony\\Component\\Console\\Output\\ConsoleOutput))
#27 {main}
"} 
[2026-02-28 11:00:45] local.ERROR: Class "Observation" not found {"exception":"[object] (Error(code: 0): Class \"Observation\" not found at D:\\Development\\Laravel\\puspa-api\\routes\\api.php:305)
[stacktrace]
#0 D:\\Development\\Laravel\\puspa-api\\vendor\\laravel\\framework\\src\\Illuminate\\Routing\\RouteFileRegistrar.php(35): require()
#1 D:\\Development\\Laravel\\puspa-api\\vendor\\laravel\\framework\\src\\Illuminate\\Routing\\Router.php(511): Illuminate\\Routing\\RouteFileRegistrar->register('D:\\\\Development\\\\...')
#2 D:\\Development\\Laravel\\puspa-api\\vendor\\laravel\\framework\\src\\Illuminate\\Routing\\Router.php(465): Illuminate\\Routing\\Router->loadRoutes('D:\\\\Development\\\\...')
#3 D:\\Development\\Laravel\\puspa-api\\vendor\\laravel\\framework\\src\\Illuminate\\Routing\\RouteRegistrar.php(194): Illuminate\\Routing\\Router->group(Array, 'D:\\\\Development\\\\...')
#4 D:\\Development\\Laravel\\puspa-api\\app\\Providers\\RouteServiceProvider.php(32): Illuminate\\Routing\\RouteRegistrar->group('D:\\\\Development\\\\...')
#5 D:\\Development\\Laravel\\puspa-api\\vendor\\laravel\\framework\\src\\Illuminate\\Container\\BoundMethod.php(36): App\\Providers\\RouteServiceProvider->App\\Providers\\{closure}()
#6 D:\\Development\\Laravel\\puspa-api\\vendor\\laravel\\framework\\src\\Illuminate\\Container\\Util.php(41): Illuminate\\Container\\BoundMethod::Illuminate\\Container\\{closure}()
#7 D:\\Development\\Laravel\\puspa-api\\vendor\\laravel\\framework\\src\\Illuminate\\Container\\BoundMethod.php(81): Illuminate\\Container\\Util::unwrapIfClosure(Object(Closure))
#8 D:\\Development\\Laravel\\puspa-api\\vendor\\laravel\\framework\\src\\Illuminate\\Container\\BoundMethod.php(35): Illuminate\\Container\\BoundMethod::callBoundMethod(Object(Illuminate\\Foundation\\Application), Object(Closure), Object(Closure))
#9 D:\\Development\\Laravel\\puspa-api\\vendor\\laravel\\framework\\src\\Illuminate\\Container\\Container.php(662): Illuminate\\Container\\BoundMethod::call(Object(Illuminate\\Foundation\\Application), Object(Closure), Array, NULL)
#10 D:\\Development\\Laravel\\puspa-api\\vendor\\laravel\\framework\\src\\Illuminate\\Foundation\\Support\\Providers\\RouteServiceProvider.php(120): Illuminate\\Container\\Container->call(Object(Closure))
#11 D:\\Development\\Laravel\\puspa-api\\vendor\\laravel\\framework\\src\\Illuminate\\Foundation\\Support\\Providers\\RouteServiceProvider.php(45): Illuminate\\Foundation\\Support\\Providers\\RouteServiceProvider->loadRoutes()
#12 D:\\Development\\Laravel\\puspa-api\\vendor\\laravel\\framework\\src\\Illuminate\\Container\\BoundMethod.php(36): Illuminate\\Foundation\\Support\\Providers\\RouteServiceProvider->Illuminate\\Foundation\\Support\\Providers\\{closure}()
#13 D:\\Development\\Laravel\\puspa-api\\vendor\\laravel\\framework\\src\\Illuminate\\Container\\Util.php(41): Illuminate\\Container\\BoundMethod::Illuminate\\Container\\{closure}()
#14 D:\\Development\\Laravel\\puspa-api\\vendor\\laravel\\framework\\src\\Illuminate\\Container\\BoundMethod.php(81): Illuminate\\Container\\Util::unwrapIfClosure(Object(Closure))
#15 D:\\Development\\Laravel\\puspa-api\\vendor\\laravel\\framework\\src\\Illuminate\\Container\\BoundMethod.php(35): Illuminate\\Container\\BoundMethod::callBoundMethod(Object(Illuminate\\Foundation\\Application), Object(Closure), Object(Closure))
#16 D:\\Development\\Laravel\\puspa-api\\vendor\\laravel\\framework\\src\\Illuminate\\Container\\Container.php(662): Illuminate\\Container\\BoundMethod::call(Object(Illuminate\\Foundation\\Application), Object(Closure), Array, NULL)
#17 D:\\Development\\Laravel\\puspa-api\\vendor\\laravel\\framework\\src\\Illuminate\\Support\\ServiceProvider.php(119): Illuminate\\Container\\Container->call(Object(Closure))
#18 D:\\Development\\Laravel\\puspa-api\\vendor\\laravel\\framework\\src\\Illuminate\\Foundation\\Application.php(1062): Illuminate\\Support\\ServiceProvider->callBootedCallbacks()
#19 D:\\Development\\Laravel\\puspa-api\\vendor\\laravel\\framework\\src\\Illuminate\\Foundation\\Application.php(1040): Illuminate\\Foundation\\Application->bootProvider(Object(App\\Providers\\RouteServiceProvider))
#20 [internal function]: Illuminate\\Foundation\\Application->Illuminate\\Foundation\\{closure}(Object(App\\Providers\\RouteServiceProvider), 26)
#21 D:\\Development\\Laravel\\puspa-api\\vendor\\laravel\\framework\\src\\Illuminate\\Foundation\\Application.php(1039): array_walk(Array, Object(Closure))
#22 D:\\Development\\Laravel\\puspa-api\\vendor\\laravel\\framework\\src\\Illuminate\\Foundation\\Bootstrap\\BootProviders.php(17): Illuminate\\Foundation\\Application->boot()
#23 D:\\Development\\Laravel\\puspa-api\\vendor\\laravel\\framework\\src\\Illuminate\\Foundation\\Application.php(286): Illuminate\\Foundation\\Bootstrap\\BootProviders->bootstrap(Object(Illuminate\\Foundation\\Application))
#24 D:\\Development\\Laravel\\puspa-api\\vendor\\laravel\\framework\\src\\Illuminate\\Foundation\\Console\\Kernel.php(447): Illuminate\\Foundation\\Application->bootstrapWith(Array)
#25 D:\\Development\\Laravel\\puspa-api\\vendor\\laravel\\framework\\src\\Illuminate\\Foundation\\Console\\Kernel.php(199): Illuminate\\Foundation\\Console\\Kernel->bootstrap()
#26 Command line code(1): Illuminate\\Foundation\\Console\\Kernel->handle(Object(Symfony\\Component\\Console\\Input\\ArgvInput), Object(Symfony\\Component\\Console\\Output\\ConsoleOutput))
#27 {main}
"} 
[2026-02-28 11:01:45] local.ERROR: Class "Observation" not found {"exception":"[object] (Error(code: 0): Class \"Observation\" not found at D:\\Development\\Laravel\\puspa-api\\routes\\api.php:305)
[stacktrace]
#0 D:\\Development\\Laravel\\puspa-api\\vendor\\laravel\\framework\\src\\Illuminate\\Routing\\RouteFileRegistrar.php(35): require()
#1 D:\\Development\\Laravel\\puspa-api\\vendor\\laravel\\framework\\src\\Illuminate\\Routing\\Router.php(511): Illuminate\\Routing\\RouteFileRegistrar->register('D:\\\\Development\\\\...')
#2 D:\\Development\\Laravel\\puspa-api\\vendor\\laravel\\framework\\src\\Illuminate\\Routing\\Router.php(465): Illuminate\\Routing\\Router->loadRoutes('D:\\\\Development\\\\...')
#3 D:\\Development\\Laravel\\puspa-api\\vendor\\laravel\\framework\\src\\Illuminate\\Routing\\RouteRegistrar.php(194): Illuminate\\Routing\\Router->group(Array, 'D:\\\\Development\\\\...')
#4 D:\\Development\\Laravel\\puspa-api\\app\\Providers\\RouteServiceProvider.php(32): Illuminate\\Routing\\RouteRegistrar->group('D:\\\\Development\\\\...')
#5 D:\\Development\\Laravel\\puspa-api\\vendor\\laravel\\framework\\src\\Illuminate\\Container\\BoundMethod.php(36): App\\Providers\\RouteServiceProvider->App\\Providers\\{closure}()
#6 D:\\Development\\Laravel\\puspa-api\\vendor\\laravel\\framework\\src\\Illuminate\\Container\\Util.php(41): Illuminate\\Container\\BoundMethod::Illuminate\\Container\\{closure}()
#7 D:\\Development\\Laravel\\puspa-api\\vendor\\laravel\\framework\\src\\Illuminate\\Container\\BoundMethod.php(81): Illuminate\\Container\\Util::unwrapIfClosure(Object(Closure))
#8 D:\\Development\\Laravel\\puspa-api\\vendor\\laravel\\framework\\src\\Illuminate\\Container\\BoundMethod.php(35): Illuminate\\Container\\BoundMethod::callBoundMethod(Object(Illuminate\\Foundation\\Application), Object(Closure), Object(Closure))
#9 D:\\Development\\Laravel\\puspa-api\\vendor\\laravel\\framework\\src\\Illuminate\\Container\\Container.php(662): Illuminate\\Container\\BoundMethod::call(Object(Illuminate\\Foundation\\Application), Object(Closure), Array, NULL)
#10 D:\\Development\\Laravel\\puspa-api\\vendor\\laravel\\framework\\src\\Illuminate\\Foundation\\Support\\Providers\\RouteServiceProvider.php(120): Illuminate\\Container\\Container->call(Object(Closure))
#11 D:\\Development\\Laravel\\puspa-api\\vendor\\laravel\\framework\\src\\Illuminate\\Foundation\\Support\\Providers\\RouteServiceProvider.php(45): Illuminate\\Foundation\\Support\\Providers\\RouteServiceProvider->loadRoutes()
#12 D:\\Development\\Laravel\\puspa-api\\vendor\\laravel\\framework\\src\\Illuminate\\Container\\BoundMethod.php(36): Illuminate\\Foundation\\Support\\Providers\\RouteServiceProvider->Illuminate\\Foundation\\Support\\Providers\\{closure}()
#13 D:\\Development\\Laravel\\puspa-api\\vendor\\laravel\\framework\\src\\Illuminate\\Container\\Util.php(41): Illuminate\\Container\\BoundMethod::Illuminate\\Container\\{closure}()
#14 D:\\Development\\Laravel\\puspa-api\\vendor\\laravel\\framework\\src\\Illuminate\\Container\\BoundMethod.php(81): Illuminate\\Container\\Util::unwrapIfClosure(Object(Closure))
#15 D:\\Development\\Laravel\\puspa-api\\vendor\\laravel\\framework\\src\\Illuminate\\Container\\BoundMethod.php(35): Illuminate\\Container\\BoundMethod::callBoundMethod(Object(Illuminate\\Foundation\\Application), Object(Closure), Object(Closure))
#16 D:\\Development\\Laravel\\puspa-api\\vendor\\laravel\\framework\\src\\Illuminate\\Container\\Container.php(662): Illuminate\\Container\\BoundMethod::call(Object(Illuminate\\Foundation\\Application), Object(Closure), Array, NULL)
#17 D:\\Development\\Laravel\\puspa-api\\vendor\\laravel\\framework\\src\\Illuminate\\Support\\ServiceProvider.php(119): Illuminate\\Container\\Container->call(Object(Closure))
#18 D:\\Development\\Laravel\\puspa-api\\vendor\\laravel\\framework\\src\\Illuminate\\Foundation\\Application.php(1062): Illuminate\\Support\\ServiceProvider->callBootedCallbacks()
#19 D:\\Development\\Laravel\\puspa-api\\vendor\\laravel\\framework\\src\\Illuminate\\Foundation\\Application.php(1040): Illuminate\\Foundation\\Application->bootProvider(Object(App\\Providers\\RouteServiceProvider))
#20 [internal function]: Illuminate\\Foundation\\Application->Illuminate\\Foundation\\{closure}(Object(App\\Providers\\RouteServiceProvider), 26)
#21 D:\\Development\\Laravel\\puspa-api\\vendor\\laravel\\framework\\src\\Illuminate\\Foundation\\Application.php(1039): array_walk(Array, Object(Closure))
#22 D:\\Development\\Laravel\\puspa-api\\vendor\\laravel\\framework\\src\\Illuminate\\Foundation\\Bootstrap\\BootProviders.php(17): Illuminate\\Foundation\\Application->boot()
#23 D:\\Development\\Laravel\\puspa-api\\vendor\\laravel\\framework\\src\\Illuminate\\Foundation\\Application.php(286): Illuminate\\Foundation\\Bootstrap\\BootProviders->bootstrap(Object(Illuminate\\Foundation\\Application))
#24 D:\\Development\\Laravel\\puspa-api\\vendor\\laravel\\framework\\src\\Illuminate\\Foundation\\Console\\Kernel.php(447): Illuminate\\Foundation\\Application->bootstrapWith(Array)
#25 D:\\Development\\Laravel\\puspa-api\\vendor\\laravel\\framework\\src\\Illuminate\\Foundation\\Console\\Kernel.php(199): Illuminate\\Foundation\\Console\\Kernel->bootstrap()
#26 Command line code(1): Illuminate\\Foundation\\Console\\Kernel->handle(Object(Symfony\\Component\\Console\\Input\\ArgvInput), Object(Symfony\\Component\\Console\\Output\\ConsoleOutput))
#27 {main}
"} 
[2026-02-28 11:01:45] local.ERROR: Class "Observation" not found {"exception":"[object] (Error(code: 0): Class \"Observation\" not found at D:\\Development\\Laravel\\puspa-api\\routes\\api.php:305)
[stacktrace]
#0 D:\\Development\\Laravel\\puspa-api\\vendor\\laravel\\framework\\src\\Illuminate\\Routing\\RouteFileRegistrar.php(35): require()
#1 D:\\Development\\Laravel\\puspa-api\\vendor\\laravel\\framework\\src\\Illuminate\\Routing\\Router.php(511): Illuminate\\Routing\\RouteFileRegistrar->register('D:\\\\Development\\\\...')
#2 D:\\Development\\Laravel\\puspa-api\\vendor\\laravel\\framework\\src\\Illuminate\\Routing\\Router.php(465): Illuminate\\Routing\\Router->loadRoutes('D:\\\\Development\\\\...')
#3 D:\\Development\\Laravel\\puspa-api\\vendor\\laravel\\framework\\src\\Illuminate\\Routing\\RouteRegistrar.php(194): Illuminate\\Routing\\Router->group(Array, 'D:\\\\Development\\\\...')
#4 D:\\Development\\Laravel\\puspa-api\\app\\Providers\\RouteServiceProvider.php(32): Illuminate\\Routing\\RouteRegistrar->group('D:\\\\Development\\\\...')
#5 D:\\Development\\Laravel\\puspa-api\\vendor\\laravel\\framework\\src\\Illuminate\\Container\\BoundMethod.php(36): App\\Providers\\RouteServiceProvider->App\\Providers\\{closure}()
#6 D:\\Development\\Laravel\\puspa-api\\vendor\\laravel\\framework\\src\\Illuminate\\Container\\Util.php(41): Illuminate\\Container\\BoundMethod::Illuminate\\Container\\{closure}()
#7 D:\\Development\\Laravel\\puspa-api\\vendor\\laravel\\framework\\src\\Illuminate\\Container\\BoundMethod.php(81): Illuminate\\Container\\Util::unwrapIfClosure(Object(Closure))
#8 D:\\Development\\Laravel\\puspa-api\\vendor\\laravel\\framework\\src\\Illuminate\\Container\\BoundMethod.php(35): Illuminate\\Container\\BoundMethod::callBoundMethod(Object(Illuminate\\Foundation\\Application), Object(Closure), Object(Closure))
#9 D:\\Development\\Laravel\\puspa-api\\vendor\\laravel\\framework\\src\\Illuminate\\Container\\Container.php(662): Illuminate\\Container\\BoundMethod::call(Object(Illuminate\\Foundation\\Application), Object(Closure), Array, NULL)
#10 D:\\Development\\Laravel\\puspa-api\\vendor\\laravel\\framework\\src\\Illuminate\\Foundation\\Support\\Providers\\RouteServiceProvider.php(120): Illuminate\\Container\\Container->call(Object(Closure))
#11 D:\\Development\\Laravel\\puspa-api\\vendor\\laravel\\framework\\src\\Illuminate\\Foundation\\Support\\Providers\\RouteServiceProvider.php(45): Illuminate\\Foundation\\Support\\Providers\\RouteServiceProvider->loadRoutes()
#12 D:\\Development\\Laravel\\puspa-api\\vendor\\laravel\\framework\\src\\Illuminate\\Container\\BoundMethod.php(36): Illuminate\\Foundation\\Support\\Providers\\RouteServiceProvider->Illuminate\\Foundation\\Support\\Providers\\{closure}()
#13 D:\\Development\\Laravel\\puspa-api\\vendor\\laravel\\framework\\src\\Illuminate\\Container\\Util.php(41): Illuminate\\Container\\BoundMethod::Illuminate\\Container\\{closure}()
#14 D:\\Development\\Laravel\\puspa-api\\vendor\\laravel\\framework\\src\\Illuminate\\Container\\BoundMethod.php(81): Illuminate\\Container\\Util::unwrapIfClosure(Object(Closure))
#15 D:\\Development\\Laravel\\puspa-api\\vendor\\laravel\\framework\\src\\Illuminate\\Container\\BoundMethod.php(35): Illuminate\\Container\\BoundMethod::callBoundMethod(Object(Illuminate\\Foundation\\Application), Object(Closure), Object(Closure))
#16 D:\\Development\\Laravel\\puspa-api\\vendor\\laravel\\framework\\src\\Illuminate\\Container\\Container.php(662): Illuminate\\Container\\BoundMethod::call(Object(Illuminate\\Foundation\\Application), Object(Closure), Array, NULL)
#17 D:\\Development\\Laravel\\puspa-api\\vendor\\laravel\\framework\\src\\Illuminate\\Support\\ServiceProvider.php(119): Illuminate\\Container\\Container->call(Object(Closure))
#18 D:\\Development\\Laravel\\puspa-api\\vendor\\laravel\\framework\\src\\Illuminate\\Foundation\\Application.php(1062): Illuminate\\Support\\ServiceProvider->callBootedCallbacks()
#19 D:\\Development\\Laravel\\puspa-api\\vendor\\laravel\\framework\\src\\Illuminate\\Foundation\\Application.php(1040): Illuminate\\Foundation\\Application->bootProvider(Object(App\\Providers\\RouteServiceProvider))
#20 [internal function]: Illuminate\\Foundation\\Application->Illuminate\\Foundation\\{closure}(Object(App\\Providers\\RouteServiceProvider), 26)
#21 D:\\Development\\Laravel\\puspa-api\\vendor\\laravel\\framework\\src\\Illuminate\\Foundation\\Application.php(1039): array_walk(Array, Object(Closure))
#22 D:\\Development\\Laravel\\puspa-api\\vendor\\laravel\\framework\\src\\Illuminate\\Foundation\\Bootstrap\\BootProviders.php(17): Illuminate\\Foundation\\Application->boot()
#23 D:\\Development\\Laravel\\puspa-api\\vendor\\laravel\\framework\\src\\Illuminate\\Foundation\\Application.php(286): Illuminate\\Foundation\\Bootstrap\\BootProviders->bootstrap(Object(Illuminate\\Foundation\\Application))
#24 D:\\Development\\Laravel\\puspa-api\\vendor\\laravel\\framework\\src\\Illuminate\\Foundation\\Console\\Kernel.php(447): Illuminate\\Foundation\\Application->bootstrapWith(Array)
#25 D:\\Development\\Laravel\\puspa-api\\vendor\\laravel\\framework\\src\\Illuminate\\Foundation\\Console\\Kernel.php(199): Illuminate\\Foundation\\Console\\Kernel->bootstrap()
#26 Command line code(1): Illuminate\\Foundation\\Console\\Kernel->handle(Object(Symfony\\Component\\Console\\Input\\ArgvInput), Object(Symfony\\Component\\Console\\Output\\ConsoleOutput))
#27 {main}
"} 
[2026-02-28 11:02:45] local.ERROR: Class "Observation" not found {"exception":"[object] (Error(code: 0): Class \"Observation\" not found at D:\\Development\\Laravel\\puspa-api\\routes\\api.php:305)
[stacktrace]
#0 D:\\Development\\Laravel\\puspa-api\\vendor\\laravel\\framework\\src\\Illuminate\\Routing\\RouteFileRegistrar.php(35): require()
#1 D:\\Development\\Laravel\\puspa-api\\vendor\\laravel\\framework\\src\\Illuminate\\Routing\\Router.php(511): Illuminate\\Routing\\RouteFileRegistrar->register('D:\\\\Development\\\\...')
#2 D:\\Development\\Laravel\\puspa-api\\vendor\\laravel\\framework\\src\\Illuminate\\Routing\\Router.php(465): Illuminate\\Routing\\Router->loadRoutes('D:\\\\Development\\\\...')
#3 D:\\Development\\Laravel\\puspa-api\\vendor\\laravel\\framework\\src\\Illuminate\\Routing\\RouteRegistrar.php(194): Illuminate\\Routing\\Router->group(Array, 'D:\\\\Development\\\\...')
#4 D:\\Development\\Laravel\\puspa-api\\app\\Providers\\RouteServiceProvider.php(32): Illuminate\\Routing\\RouteRegistrar->group('D:\\\\Development\\\\...')
#5 D:\\Development\\Laravel\\puspa-api\\vendor\\laravel\\framework\\src\\Illuminate\\Container\\BoundMethod.php(36): App\\Providers\\RouteServiceProvider->App\\Providers\\{closure}()
#6 D:\\Development\\Laravel\\puspa-api\\vendor\\laravel\\framework\\src\\Illuminate\\Container\\Util.php(41): Illuminate\\Container\\BoundMethod::Illuminate\\Container\\{closure}()
#7 D:\\Development\\Laravel\\puspa-api\\vendor\\laravel\\framework\\src\\Illuminate\\Container\\BoundMethod.php(81): Illuminate\\Container\\Util::unwrapIfClosure(Object(Closure))
#8 D:\\Development\\Laravel\\puspa-api\\vendor\\laravel\\framework\\src\\Illuminate\\Container\\BoundMethod.php(35): Illuminate\\Container\\BoundMethod::callBoundMethod(Object(Illuminate\\Foundation\\Application), Object(Closure), Object(Closure))
#9 D:\\Development\\Laravel\\puspa-api\\vendor\\laravel\\framework\\src\\Illuminate\\Container\\Container.php(662): Illuminate\\Container\\BoundMethod::call(Object(Illuminate\\Foundation\\Application), Object(Closure), Array, NULL)
#10 D:\\Development\\Laravel\\puspa-api\\vendor\\laravel\\framework\\src\\Illuminate\\Foundation\\Support\\Providers\\RouteServiceProvider.php(120): Illuminate\\Container\\Container->call(Object(Closure))
#11 D:\\Development\\Laravel\\puspa-api\\vendor\\laravel\\framework\\src\\Illuminate\\Foundation\\Support\\Providers\\RouteServiceProvider.php(45): Illuminate\\Foundation\\Support\\Providers\\RouteServiceProvider->loadRoutes()
#12 D:\\Development\\Laravel\\puspa-api\\vendor\\laravel\\framework\\src\\Illuminate\\Container\\BoundMethod.php(36): Illuminate\\Foundation\\Support\\Providers\\RouteServiceProvider->Illuminate\\Foundation\\Support\\Providers\\{closure}()
#13 D:\\Development\\Laravel\\puspa-api\\vendor\\laravel\\framework\\src\\Illuminate\\Container\\Util.php(41): Illuminate\\Container\\BoundMethod::Illuminate\\Container\\{closure}()
#14 D:\\Development\\Laravel\\puspa-api\\vendor\\laravel\\framework\\src\\Illuminate\\Container\\BoundMethod.php(81): Illuminate\\Container\\Util::unwrapIfClosure(Object(Closure))
#15 D:\\Development\\Laravel\\puspa-api\\vendor\\laravel\\framework\\src\\Illuminate\\Container\\BoundMethod.php(35): Illuminate\\Container\\BoundMethod::callBoundMethod(Object(Illuminate\\Foundation\\Application), Object(Closure), Object(Closure))
#16 D:\\Development\\Laravel\\puspa-api\\vendor\\laravel\\framework\\src\\Illuminate\\Container\\Container.php(662): Illuminate\\Container\\BoundMethod::call(Object(Illuminate\\Foundation\\Application), Object(Closure), Array, NULL)
#17 D:\\Development\\Laravel\\puspa-api\\vendor\\laravel\\framework\\src\\Illuminate\\Support\\ServiceProvider.php(119): Illuminate\\Container\\Container->call(Object(Closure))
#18 D:\\Development\\Laravel\\puspa-api\\vendor\\laravel\\framework\\src\\Illuminate\\Foundation\\Application.php(1062): Illuminate\\Support\\ServiceProvider->callBootedCallbacks()
#19 D:\\Development\\Laravel\\puspa-api\\vendor\\laravel\\framework\\src\\Illuminate\\Foundation\\Application.php(1040): Illuminate\\Foundation\\Application->bootProvider(Object(App\\Providers\\RouteServiceProvider))
#20 [internal function]: Illuminate\\Foundation\\Application->Illuminate\\Foundation\\{closure}(Object(App\\Providers\\RouteServiceProvider), 26)
#21 D:\\Development\\Laravel\\puspa-api\\vendor\\laravel\\framework\\src\\Illuminate\\Foundation\\Application.php(1039): array_walk(Array, Object(Closure))
#22 D:\\Development\\Laravel\\puspa-api\\vendor\\laravel\\framework\\src\\Illuminate\\Foundation\\Bootstrap\\BootProviders.php(17): Illuminate\\Foundation\\Application->boot()
#23 D:\\Development\\Laravel\\puspa-api\\vendor\\laravel\\framework\\src\\Illuminate\\Foundation\\Application.php(286): Illuminate\\Foundation\\Bootstrap\\BootProviders->bootstrap(Object(Illuminate\\Foundation\\Application))
#24 D:\\Development\\Laravel\\puspa-api\\vendor\\laravel\\framework\\src\\Illuminate\\Foundation\\Console\\Kernel.php(447): Illuminate\\Foundation\\Application->bootstrapWith(Array)
#25 D:\\Development\\Laravel\\puspa-api\\vendor\\laravel\\framework\\src\\Illuminate\\Foundation\\Console\\Kernel.php(199): Illuminate\\Foundation\\Console\\Kernel->bootstrap()
#26 Command line code(1): Illuminate\\Foundation\\Console\\Kernel->handle(Object(Symfony\\Component\\Console\\Input\\ArgvInput), Object(Symfony\\Component\\Console\\Output\\ConsoleOutput))
#27 {main}
"} 
[2026-02-28 11:02:45] local.ERROR: Class "Observation" not found {"exception":"[object] (Error(code: 0): Class \"Observation\" not found at D:\\Development\\Laravel\\puspa-api\\routes\\api.php:305)
[stacktrace]
#0 D:\\Development\\Laravel\\puspa-api\\vendor\\laravel\\framework\\src\\Illuminate\\Routing\\RouteFileRegistrar.php(35): require()
#1 D:\\Development\\Laravel\\puspa-api\\vendor\\laravel\\framework\\src\\Illuminate\\Routing\\Router.php(511): Illuminate\\Routing\\RouteFileRegistrar->register('D:\\\\Development\\\\...')
#2 D:\\Development\\Laravel\\puspa-api\\vendor\\laravel\\framework\\src\\Illuminate\\Routing\\Router.php(465): Illuminate\\Routing\\Router->loadRoutes('D:\\\\Development\\\\...')
#3 D:\\Development\\Laravel\\puspa-api\\vendor\\laravel\\framework\\src\\Illuminate\\Routing\\RouteRegistrar.php(194): Illuminate\\Routing\\Router->group(Array, 'D:\\\\Development\\\\...')
#4 D:\\Development\\Laravel\\puspa-api\\app\\Providers\\RouteServiceProvider.php(32): Illuminate\\Routing\\RouteRegistrar->group('D:\\\\Development\\\\...')
#5 D:\\Development\\Laravel\\puspa-api\\vendor\\laravel\\framework\\src\\Illuminate\\Container\\BoundMethod.php(36): App\\Providers\\RouteServiceProvider->App\\Providers\\{closure}()
#6 D:\\Development\\Laravel\\puspa-api\\vendor\\laravel\\framework\\src\\Illuminate\\Container\\Util.php(41): Illuminate\\Container\\BoundMethod::Illuminate\\Container\\{closure}()
#7 D:\\Development\\Laravel\\puspa-api\\vendor\\laravel\\framework\\src\\Illuminate\\Container\\BoundMethod.php(81): Illuminate\\Container\\Util::unwrapIfClosure(Object(Closure))
#8 D:\\Development\\Laravel\\puspa-api\\vendor\\laravel\\framework\\src\\Illuminate\\Container\\BoundMethod.php(35): Illuminate\\Container\\BoundMethod::callBoundMethod(Object(Illuminate\\Foundation\\Application), Object(Closure), Object(Closure))
#9 D:\\Development\\Laravel\\puspa-api\\vendor\\laravel\\framework\\src\\Illuminate\\Container\\Container.php(662): Illuminate\\Container\\BoundMethod::call(Object(Illuminate\\Foundation\\Application), Object(Closure), Array, NULL)
#10 D:\\Development\\Laravel\\puspa-api\\vendor\\laravel\\framework\\src\\Illuminate\\Foundation\\Support\\Providers\\RouteServiceProvider.php(120): Illuminate\\Container\\Container->call(Object(Closure))
#11 D:\\Development\\Laravel\\puspa-api\\vendor\\laravel\\framework\\src\\Illuminate\\Foundation\\Support\\Providers\\RouteServiceProvider.php(45): Illuminate\\Foundation\\Support\\Providers\\RouteServiceProvider->loadRoutes()
#12 D:\\Development\\Laravel\\puspa-api\\vendor\\laravel\\framework\\src\\Illuminate\\Container\\BoundMethod.php(36): Illuminate\\Foundation\\Support\\Providers\\RouteServiceProvider->Illuminate\\Foundation\\Support\\Providers\\{closure}()
#13 D:\\Development\\Laravel\\puspa-api\\vendor\\laravel\\framework\\src\\Illuminate\\Container\\Util.php(41): Illuminate\\Container\\BoundMethod::Illuminate\\Container\\{closure}()
#14 D:\\Development\\Laravel\\puspa-api\\vendor\\laravel\\framework\\src\\Illuminate\\Container\\BoundMethod.php(81): Illuminate\\Container\\Util::unwrapIfClosure(Object(Closure))
#15 D:\\Development\\Laravel\\puspa-api\\vendor\\laravel\\framework\\src\\Illuminate\\Container\\BoundMethod.php(35): Illuminate\\Container\\BoundMethod::callBoundMethod(Object(Illuminate\\Foundation\\Application), Object(Closure), Object(Closure))
#16 D:\\Development\\Laravel\\puspa-api\\vendor\\laravel\\framework\\src\\Illuminate\\Container\\Container.php(662): Illuminate\\Container\\BoundMethod::call(Object(Illuminate\\Foundation\\Application), Object(Closure), Array, NULL)
#17 D:\\Development\\Laravel\\puspa-api\\vendor\\laravel\\framework\\src\\Illuminate\\Support\\ServiceProvider.php(119): Illuminate\\Container\\Container->call(Object(Closure))
#18 D:\\Development\\Laravel\\puspa-api\\vendor\\laravel\\framework\\src\\Illuminate\\Foundation\\Application.php(1062): Illuminate\\Support\\ServiceProvider->callBootedCallbacks()
#19 D:\\Development\\Laravel\\puspa-api\\vendor\\laravel\\framework\\src\\Illuminate\\Foundation\\Application.php(1040): Illuminate\\Foundation\\Application->bootProvider(Object(App\\Providers\\RouteServiceProvider))
#20 [internal function]: Illuminate\\Foundation\\Application->Illuminate\\Foundation\\{closure}(Object(App\\Providers\\RouteServiceProvider), 26)
#21 D:\\Development\\Laravel\\puspa-api\\vendor\\laravel\\framework\\src\\Illuminate\\Foundation\\Application.php(1039): array_walk(Array, Object(Closure))
#22 D:\\Development\\Laravel\\puspa-api\\vendor\\laravel\\framework\\src\\Illuminate\\Foundation\\Bootstrap\\BootProviders.php(17): Illuminate\\Foundation\\Application->boot()
#23 D:\\Development\\Laravel\\puspa-api\\vendor\\laravel\\framework\\src\\Illuminate\\Foundation\\Application.php(286): Illuminate\\Foundation\\Bootstrap\\BootProviders->bootstrap(Object(Illuminate\\Foundation\\Application))
#24 D:\\Development\\Laravel\\puspa-api\\vendor\\laravel\\framework\\src\\Illuminate\\Foundation\\Console\\Kernel.php(447): Illuminate\\Foundation\\Application->bootstrapWith(Array)
#25 D:\\Development\\Laravel\\puspa-api\\vendor\\laravel\\framework\\src\\Illuminate\\Foundation\\Console\\Kernel.php(199): Illuminate\\Foundation\\Console\\Kernel->bootstrap()
#26 Command line code(1): Illuminate\\Foundation\\Console\\Kernel->handle(Object(Symfony\\Component\\Console\\Input\\ArgvInput), Object(Symfony\\Component\\Console\\Output\\ConsoleOutput))
#27 {main}
"} 
[2026-02-28 11:03:45] local.ERROR: Class "Observation" not found {"exception":"[object] (Error(code: 0): Class \"Observation\" not found at D:\\Development\\Laravel\\puspa-api\\routes\\api.php:305)
[stacktrace]
#0 D:\\Development\\Laravel\\puspa-api\\vendor\\laravel\\framework\\src\\Illuminate\\Routing\\RouteFileRegistrar.php(35): require()
#1 D:\\Development\\Laravel\\puspa-api\\vendor\\laravel\\framework\\src\\Illuminate\\Routing\\Router.php(511): Illuminate\\Routing\\RouteFileRegistrar->register('D:\\\\Development\\\\...')
#2 D:\\Development\\Laravel\\puspa-api\\vendor\\laravel\\framework\\src\\Illuminate\\Routing\\Router.php(465): Illuminate\\Routing\\Router->loadRoutes('D:\\\\Development\\\\...')
#3 D:\\Development\\Laravel\\puspa-api\\vendor\\laravel\\framework\\src\\Illuminate\\Routing\\RouteRegistrar.php(194): Illuminate\\Routing\\Router->group(Array, 'D:\\\\Development\\\\...')
#4 D:\\Development\\Laravel\\puspa-api\\app\\Providers\\RouteServiceProvider.php(32): Illuminate\\Routing\\RouteRegistrar->group('D:\\\\Development\\\\...')
#5 D:\\Development\\Laravel\\puspa-api\\vendor\\laravel\\framework\\src\\Illuminate\\Container\\BoundMethod.php(36): App\\Providers\\RouteServiceProvider->App\\Providers\\{closure}()
#6 D:\\Development\\Laravel\\puspa-api\\vendor\\laravel\\framework\\src\\Illuminate\\Container\\Util.php(41): Illuminate\\Container\\BoundMethod::Illuminate\\Container\\{closure}()
#7 D:\\Development\\Laravel\\puspa-api\\vendor\\laravel\\framework\\src\\Illuminate\\Container\\BoundMethod.php(81): Illuminate\\Container\\Util::unwrapIfClosure(Object(Closure))
#8 D:\\Development\\Laravel\\puspa-api\\vendor\\laravel\\framework\\src\\Illuminate\\Container\\BoundMethod.php(35): Illuminate\\Container\\BoundMethod::callBoundMethod(Object(Illuminate\\Foundation\\Application), Object(Closure), Object(Closure))
#9 D:\\Development\\Laravel\\puspa-api\\vendor\\laravel\\framework\\src\\Illuminate\\Container\\Container.php(662): Illuminate\\Container\\BoundMethod::call(Object(Illuminate\\Foundation\\Application), Object(Closure), Array, NULL)
#10 D:\\Development\\Laravel\\puspa-api\\vendor\\laravel\\framework\\src\\Illuminate\\Foundation\\Support\\Providers\\RouteServiceProvider.php(120): Illuminate\\Container\\Container->call(Object(Closure))
#11 D:\\Development\\Laravel\\puspa-api\\vendor\\laravel\\framework\\src\\Illuminate\\Foundation\\Support\\Providers\\RouteServiceProvider.php(45): Illuminate\\Foundation\\Support\\Providers\\RouteServiceProvider->loadRoutes()
#12 D:\\Development\\Laravel\\puspa-api\\vendor\\laravel\\framework\\src\\Illuminate\\Container\\BoundMethod.php(36): Illuminate\\Foundation\\Support\\Providers\\RouteServiceProvider->Illuminate\\Foundation\\Support\\Providers\\{closure}()
#13 D:\\Development\\Laravel\\puspa-api\\vendor\\laravel\\framework\\src\\Illuminate\\Container\\Util.php(41): Illuminate\\Container\\BoundMethod::Illuminate\\Container\\{closure}()
#14 D:\\Development\\Laravel\\puspa-api\\vendor\\laravel\\framework\\src\\Illuminate\\Container\\BoundMethod.php(81): Illuminate\\Container\\Util::unwrapIfClosure(Object(Closure))
#15 D:\\Development\\Laravel\\puspa-api\\vendor\\laravel\\framework\\src\\Illuminate\\Container\\BoundMethod.php(35): Illuminate\\Container\\BoundMethod::callBoundMethod(Object(Illuminate\\Foundation\\Application), Object(Closure), Object(Closure))
#16 D:\\Development\\Laravel\\puspa-api\\vendor\\laravel\\framework\\src\\Illuminate\\Container\\Container.php(662): Illuminate\\Container\\BoundMethod::call(Object(Illuminate\\Foundation\\Application), Object(Closure), Array, NULL)
#17 D:\\Development\\Laravel\\puspa-api\\vendor\\laravel\\framework\\src\\Illuminate\\Support\\ServiceProvider.php(119): Illuminate\\Container\\Container->call(Object(Closure))
#18 D:\\Development\\Laravel\\puspa-api\\vendor\\laravel\\framework\\src\\Illuminate\\Foundation\\Application.php(1062): Illuminate\\Support\\ServiceProvider->callBootedCallbacks()
#19 D:\\Development\\Laravel\\puspa-api\\vendor\\laravel\\framework\\src\\Illuminate\\Foundation\\Application.php(1040): Illuminate\\Foundation\\Application->bootProvider(Object(App\\Providers\\RouteServiceProvider))
#20 [internal function]: Illuminate\\Foundation\\Application->Illuminate\\Foundation\\{closure}(Object(App\\Providers\\RouteServiceProvider), 26)
#21 D:\\Development\\Laravel\\puspa-api\\vendor\\laravel\\framework\\src\\Illuminate\\Foundation\\Application.php(1039): array_walk(Array, Object(Closure))
#22 D:\\Development\\Laravel\\puspa-api\\vendor\\laravel\\framework\\src\\Illuminate\\Foundation\\Bootstrap\\BootProviders.php(17): Illuminate\\Foundation\\Application->boot()
#23 D:\\Development\\Laravel\\puspa-api\\vendor\\laravel\\framework\\src\\Illuminate\\Foundation\\Application.php(286): Illuminate\\Foundation\\Bootstrap\\BootProviders->bootstrap(Object(Illuminate\\Foundation\\Application))
#24 D:\\Development\\Laravel\\puspa-api\\vendor\\laravel\\framework\\src\\Illuminate\\Foundation\\Console\\Kernel.php(447): Illuminate\\Foundation\\Application->bootstrapWith(Array)
#25 D:\\Development\\Laravel\\puspa-api\\vendor\\laravel\\framework\\src\\Illuminate\\Foundation\\Console\\Kernel.php(199): Illuminate\\Foundation\\Console\\Kernel->bootstrap()
#26 Command line code(1): Illuminate\\Foundation\\Console\\Kernel->handle(Object(Symfony\\Component\\Console\\Input\\ArgvInput), Object(Symfony\\Component\\Console\\Output\\ConsoleOutput))
#27 {main}
"} 
[2026-02-28 11:03:45] local.ERROR: Class "Observation" not found {"exception":"[object] (Error(code: 0): Class \"Observation\" not found at D:\\Development\\Laravel\\puspa-api\\routes\\api.php:305)
[stacktrace]
#0 D:\\Development\\Laravel\\puspa-api\\vendor\\laravel\\framework\\src\\Illuminate\\Routing\\RouteFileRegistrar.php(35): require()
#1 D:\\Development\\Laravel\\puspa-api\\vendor\\laravel\\framework\\src\\Illuminate\\Routing\\Router.php(511): Illuminate\\Routing\\RouteFileRegistrar->register('D:\\\\Development\\\\...')
#2 D:\\Development\\Laravel\\puspa-api\\vendor\\laravel\\framework\\src\\Illuminate\\Routing\\Router.php(465): Illuminate\\Routing\\Router->loadRoutes('D:\\\\Development\\\\...')
#3 D:\\Development\\Laravel\\puspa-api\\vendor\\laravel\\framework\\src\\Illuminate\\Routing\\RouteRegistrar.php(194): Illuminate\\Routing\\Router->group(Array, 'D:\\\\Development\\\\...')
#4 D:\\Development\\Laravel\\puspa-api\\app\\Providers\\RouteServiceProvider.php(32): Illuminate\\Routing\\RouteRegistrar->group('D:\\\\Development\\\\...')
#5 D:\\Development\\Laravel\\puspa-api\\vendor\\laravel\\framework\\src\\Illuminate\\Container\\BoundMethod.php(36): App\\Providers\\RouteServiceProvider->App\\Providers\\{closure}()
#6 D:\\Development\\Laravel\\puspa-api\\vendor\\laravel\\framework\\src\\Illuminate\\Container\\Util.php(41): Illuminate\\Container\\BoundMethod::Illuminate\\Container\\{closure}()
#7 D:\\Development\\Laravel\\puspa-api\\vendor\\laravel\\framework\\src\\Illuminate\\Container\\BoundMethod.php(81): Illuminate\\Container\\Util::unwrapIfClosure(Object(Closure))
#8 D:\\Development\\Laravel\\puspa-api\\vendor\\laravel\\framework\\src\\Illuminate\\Container\\BoundMethod.php(35): Illuminate\\Container\\BoundMethod::callBoundMethod(Object(Illuminate\\Foundation\\Application), Object(Closure), Object(Closure))
#9 D:\\Development\\Laravel\\puspa-api\\vendor\\laravel\\framework\\src\\Illuminate\\Container\\Container.php(662): Illuminate\\Container\\BoundMethod::call(Object(Illuminate\\Foundation\\Application), Object(Closure), Array, NULL)
#10 D:\\Development\\Laravel\\puspa-api\\vendor\\laravel\\framework\\src\\Illuminate\\Foundation\\Support\\Providers\\RouteServiceProvider.php(120): Illuminate\\Container\\Container->call(Object(Closure))
#11 D:\\Development\\Laravel\\puspa-api\\vendor\\laravel\\framework\\src\\Illuminate\\Foundation\\Support\\Providers\\RouteServiceProvider.php(45): Illuminate\\Foundation\\Support\\Providers\\RouteServiceProvider->loadRoutes()
#12 D:\\Development\\Laravel\\puspa-api\\vendor\\laravel\\framework\\src\\Illuminate\\Container\\BoundMethod.php(36): Illuminate\\Foundation\\Support\\Providers\\RouteServiceProvider->Illuminate\\Foundation\\Support\\Providers\\{closure}()
#13 D:\\Development\\Laravel\\puspa-api\\vendor\\laravel\\framework\\src\\Illuminate\\Container\\Util.php(41): Illuminate\\Container\\BoundMethod::Illuminate\\Container\\{closure}()
#14 D:\\Development\\Laravel\\puspa-api\\vendor\\laravel\\framework\\src\\Illuminate\\Container\\BoundMethod.php(81): Illuminate\\Container\\Util::unwrapIfClosure(Object(Closure))
#15 D:\\Development\\Laravel\\puspa-api\\vendor\\laravel\\framework\\src\\Illuminate\\Container\\BoundMethod.php(35): Illuminate\\Container\\BoundMethod::callBoundMethod(Object(Illuminate\\Foundation\\Application), Object(Closure), Object(Closure))
#16 D:\\Development\\Laravel\\puspa-api\\vendor\\laravel\\framework\\src\\Illuminate\\Container\\Container.php(662): Illuminate\\Container\\BoundMethod::call(Object(Illuminate\\Foundation\\Application), Object(Closure), Array, NULL)
#17 D:\\Development\\Laravel\\puspa-api\\vendor\\laravel\\framework\\src\\Illuminate\\Support\\ServiceProvider.php(119): Illuminate\\Container\\Container->call(Object(Closure))
#18 D:\\Development\\Laravel\\puspa-api\\vendor\\laravel\\framework\\src\\Illuminate\\Foundation\\Application.php(1062): Illuminate\\Support\\ServiceProvider->callBootedCallbacks()
#19 D:\\Development\\Laravel\\puspa-api\\vendor\\laravel\\framework\\src\\Illuminate\\Foundation\\Application.php(1040): Illuminate\\Foundation\\Application->bootProvider(Object(App\\Providers\\RouteServiceProvider))
#20 [internal function]: Illuminate\\Foundation\\Application->Illuminate\\Foundation\\{closure}(Object(App\\Providers\\RouteServiceProvider), 26)
#21 D:\\Development\\Laravel\\puspa-api\\vendor\\laravel\\framework\\src\\Illuminate\\Foundation\\Application.php(1039): array_walk(Array, Object(Closure))
#22 D:\\Development\\Laravel\\puspa-api\\vendor\\laravel\\framework\\src\\Illuminate\\Foundation\\Bootstrap\\BootProviders.php(17): Illuminate\\Foundation\\Application->boot()
#23 D:\\Development\\Laravel\\puspa-api\\vendor\\laravel\\framework\\src\\Illuminate\\Foundation\\Application.php(286): Illuminate\\Foundation\\Bootstrap\\BootProviders->bootstrap(Object(Illuminate\\Foundation\\Application))
#24 D:\\Development\\Laravel\\puspa-api\\vendor\\laravel\\framework\\src\\Illuminate\\Foundation\\Console\\Kernel.php(447): Illuminate\\Foundation\\Application->bootstrapWith(Array)
#25 D:\\Development\\Laravel\\puspa-api\\vendor\\laravel\\framework\\src\\Illuminate\\Foundation\\Console\\Kernel.php(199): Illuminate\\Foundation\\Console\\Kernel->bootstrap()
#26 Command line code(1): Illuminate\\Foundation\\Console\\Kernel->handle(Object(Symfony\\Component\\Console\\Input\\ArgvInput), Object(Symfony\\Component\\Console\\Output\\ConsoleOutput))
#27 {main}
"} 
[2026-02-28 11:04:45] local.ERROR: Class "Observation" not found {"exception":"[object] (Error(code: 0): Class \"Observation\" not found at D:\\Development\\Laravel\\puspa-api\\routes\\api.php:305)
[stacktrace]
#0 D:\\Development\\Laravel\\puspa-api\\vendor\\laravel\\framework\\src\\Illuminate\\Routing\\RouteFileRegistrar.php(35): require()
#1 D:\\Development\\Laravel\\puspa-api\\vendor\\laravel\\framework\\src\\Illuminate\\Routing\\Router.php(511): Illuminate\\Routing\\RouteFileRegistrar->register('D:\\\\Development\\\\...')
#2 D:\\Development\\Laravel\\puspa-api\\vendor\\laravel\\framework\\src\\Illuminate\\Routing\\Router.php(465): Illuminate\\Routing\\Router->loadRoutes('D:\\\\Development\\\\...')
#3 D:\\Development\\Laravel\\puspa-api\\vendor\\laravel\\framework\\src\\Illuminate\\Routing\\RouteRegistrar.php(194): Illuminate\\Routing\\Router->group(Array, 'D:\\\\Development\\\\...')
#4 D:\\Development\\Laravel\\puspa-api\\app\\Providers\\RouteServiceProvider.php(32): Illuminate\\Routing\\RouteRegistrar->group('D:\\\\Development\\\\...')
#5 D:\\Development\\Laravel\\puspa-api\\vendor\\laravel\\framework\\src\\Illuminate\\Container\\BoundMethod.php(36): App\\Providers\\RouteServiceProvider->App\\Providers\\{closure}()
#6 D:\\Development\\Laravel\\puspa-api\\vendor\\laravel\\framework\\src\\Illuminate\\Container\\Util.php(41): Illuminate\\Container\\BoundMethod::Illuminate\\Container\\{closure}()
#7 D:\\Development\\Laravel\\puspa-api\\vendor\\laravel\\framework\\src\\Illuminate\\Container\\BoundMethod.php(81): Illuminate\\Container\\Util::unwrapIfClosure(Object(Closure))
#8 D:\\Development\\Laravel\\puspa-api\\vendor\\laravel\\framework\\src\\Illuminate\\Container\\BoundMethod.php(35): Illuminate\\Container\\BoundMethod::callBoundMethod(Object(Illuminate\\Foundation\\Application), Object(Closure), Object(Closure))
#9 D:\\Development\\Laravel\\puspa-api\\vendor\\laravel\\framework\\src\\Illuminate\\Container\\Container.php(662): Illuminate\\Container\\BoundMethod::call(Object(Illuminate\\Foundation\\Application), Object(Closure), Array, NULL)
#10 D:\\Development\\Laravel\\puspa-api\\vendor\\laravel\\framework\\src\\Illuminate\\Foundation\\Support\\Providers\\RouteServiceProvider.php(120): Illuminate\\Container\\Container->call(Object(Closure))
#11 D:\\Development\\Laravel\\puspa-api\\vendor\\laravel\\framework\\src\\Illuminate\\Foundation\\Support\\Providers\\RouteServiceProvider.php(45): Illuminate\\Foundation\\Support\\Providers\\RouteServiceProvider->loadRoutes()
#12 D:\\Development\\Laravel\\puspa-api\\vendor\\laravel\\framework\\src\\Illuminate\\Container\\BoundMethod.php(36): Illuminate\\Foundation\\Support\\Providers\\RouteServiceProvider->Illuminate\\Foundation\\Support\\Providers\\{closure}()
#13 D:\\Development\\Laravel\\puspa-api\\vendor\\laravel\\framework\\src\\Illuminate\\Container\\Util.php(41): Illuminate\\Container\\BoundMethod::Illuminate\\Container\\{closure}()
#14 D:\\Development\\Laravel\\puspa-api\\vendor\\laravel\\framework\\src\\Illuminate\\Container\\BoundMethod.php(81): Illuminate\\Container\\Util::unwrapIfClosure(Object(Closure))
#15 D:\\Development\\Laravel\\puspa-api\\vendor\\laravel\\framework\\src\\Illuminate\\Container\\BoundMethod.php(35): Illuminate\\Container\\BoundMethod::callBoundMethod(Object(Illuminate\\Foundation\\Application), Object(Closure), Object(Closure))
#16 D:\\Development\\Laravel\\puspa-api\\vendor\\laravel\\framework\\src\\Illuminate\\Container\\Container.php(662): Illuminate\\Container\\BoundMethod::call(Object(Illuminate\\Foundation\\Application), Object(Closure), Array, NULL)
#17 D:\\Development\\Laravel\\puspa-api\\vendor\\laravel\\framework\\src\\Illuminate\\Support\\ServiceProvider.php(119): Illuminate\\Container\\Container->call(Object(Closure))
#18 D:\\Development\\Laravel\\puspa-api\\vendor\\laravel\\framework\\src\\Illuminate\\Foundation\\Application.php(1062): Illuminate\\Support\\ServiceProvider->callBootedCallbacks()
#19 D:\\Development\\Laravel\\puspa-api\\vendor\\laravel\\framework\\src\\Illuminate\\Foundation\\Application.php(1040): Illuminate\\Foundation\\Application->bootProvider(Object(App\\Providers\\RouteServiceProvider))
#20 [internal function]: Illuminate\\Foundation\\Application->Illuminate\\Foundation\\{closure}(Object(App\\Providers\\RouteServiceProvider), 26)
#21 D:\\Development\\Laravel\\puspa-api\\vendor\\laravel\\framework\\src\\Illuminate\\Foundation\\Application.php(1039): array_walk(Array, Object(Closure))
#22 D:\\Development\\Laravel\\puspa-api\\vendor\\laravel\\framework\\src\\Illuminate\\Foundation\\Bootstrap\\BootProviders.php(17): Illuminate\\Foundation\\Application->boot()
#23 D:\\Development\\Laravel\\puspa-api\\vendor\\laravel\\framework\\src\\Illuminate\\Foundation\\Application.php(286): Illuminate\\Foundation\\Bootstrap\\BootProviders->bootstrap(Object(Illuminate\\Foundation\\Application))
#24 D:\\Development\\Laravel\\puspa-api\\vendor\\laravel\\framework\\src\\Illuminate\\Foundation\\Console\\Kernel.php(447): Illuminate\\Foundation\\Application->bootstrapWith(Array)
#25 D:\\Development\\Laravel\\puspa-api\\vendor\\laravel\\framework\\src\\Illuminate\\Foundation\\Console\\Kernel.php(199): Illuminate\\Foundation\\Console\\Kernel->bootstrap()
#26 Command line code(1): Illuminate\\Foundation\\Console\\Kernel->handle(Object(Symfony\\Component\\Console\\Input\\ArgvInput), Object(Symfony\\Component\\Console\\Output\\ConsoleOutput))
#27 {main}
"} 
[2026-02-28 11:04:45] local.ERROR: Class "Observation" not found {"exception":"[object] (Error(code: 0): Class \"Observation\" not found at D:\\Development\\Laravel\\puspa-api\\routes\\api.php:305)
[stacktrace]
#0 D:\\Development\\Laravel\\puspa-api\\vendor\\laravel\\framework\\src\\Illuminate\\Routing\\RouteFileRegistrar.php(35): require()
#1 D:\\Development\\Laravel\\puspa-api\\vendor\\laravel\\framework\\src\\Illuminate\\Routing\\Router.php(511): Illuminate\\Routing\\RouteFileRegistrar->register('D:\\\\Development\\\\...')
#2 D:\\Development\\Laravel\\puspa-api\\vendor\\laravel\\framework\\src\\Illuminate\\Routing\\Router.php(465): Illuminate\\Routing\\Router->loadRoutes('D:\\\\Development\\\\...')
#3 D:\\Development\\Laravel\\puspa-api\\vendor\\laravel\\framework\\src\\Illuminate\\Routing\\RouteRegistrar.php(194): Illuminate\\Routing\\Router->group(Array, 'D:\\\\Development\\\\...')
#4 D:\\Development\\Laravel\\puspa-api\\app\\Providers\\RouteServiceProvider.php(32): Illuminate\\Routing\\RouteRegistrar->group('D:\\\\Development\\\\...')
#5 D:\\Development\\Laravel\\puspa-api\\vendor\\laravel\\framework\\src\\Illuminate\\Container\\BoundMethod.php(36): App\\Providers\\RouteServiceProvider->App\\Providers\\{closure}()
#6 D:\\Development\\Laravel\\puspa-api\\vendor\\laravel\\framework\\src\\Illuminate\\Container\\Util.php(41): Illuminate\\Container\\BoundMethod::Illuminate\\Container\\{closure}()
#7 D:\\Development\\Laravel\\puspa-api\\vendor\\laravel\\framework\\src\\Illuminate\\Container\\BoundMethod.php(81): Illuminate\\Container\\Util::unwrapIfClosure(Object(Closure))
#8 D:\\Development\\Laravel\\puspa-api\\vendor\\laravel\\framework\\src\\Illuminate\\Container\\BoundMethod.php(35): Illuminate\\Container\\BoundMethod::callBoundMethod(Object(Illuminate\\Foundation\\Application), Object(Closure), Object(Closure))
#9 D:\\Development\\Laravel\\puspa-api\\vendor\\laravel\\framework\\src\\Illuminate\\Container\\Container.php(662): Illuminate\\Container\\BoundMethod::call(Object(Illuminate\\Foundation\\Application), Object(Closure), Array, NULL)
#10 D:\\Development\\Laravel\\puspa-api\\vendor\\laravel\\framework\\src\\Illuminate\\Foundation\\Support\\Providers\\RouteServiceProvider.php(120): Illuminate\\Container\\Container->call(Object(Closure))
#11 D:\\Development\\Laravel\\puspa-api\\vendor\\laravel\\framework\\src\\Illuminate\\Foundation\\Support\\Providers\\RouteServiceProvider.php(45): Illuminate\\Foundation\\Support\\Providers\\RouteServiceProvider->loadRoutes()
#12 D:\\Development\\Laravel\\puspa-api\\vendor\\laravel\\framework\\src\\Illuminate\\Container\\BoundMethod.php(36): Illuminate\\Foundation\\Support\\Providers\\RouteServiceProvider->Illuminate\\Foundation\\Support\\Providers\\{closure}()
#13 D:\\Development\\Laravel\\puspa-api\\vendor\\laravel\\framework\\src\\Illuminate\\Container\\Util.php(41): Illuminate\\Container\\BoundMethod::Illuminate\\Container\\{closure}()
#14 D:\\Development\\Laravel\\puspa-api\\vendor\\laravel\\framework\\src\\Illuminate\\Container\\BoundMethod.php(81): Illuminate\\Container\\Util::unwrapIfClosure(Object(Closure))
#15 D:\\Development\\Laravel\\puspa-api\\vendor\\laravel\\framework\\src\\Illuminate\\Container\\BoundMethod.php(35): Illuminate\\Container\\BoundMethod::callBoundMethod(Object(Illuminate\\Foundation\\Application), Object(Closure), Object(Closure))
#16 D:\\Development\\Laravel\\puspa-api\\vendor\\laravel\\framework\\src\\Illuminate\\Container\\Container.php(662): Illuminate\\Container\\BoundMethod::call(Object(Illuminate\\Foundation\\Application), Object(Closure), Array, NULL)
#17 D:\\Development\\Laravel\\puspa-api\\vendor\\laravel\\framework\\src\\Illuminate\\Support\\ServiceProvider.php(119): Illuminate\\Container\\Container->call(Object(Closure))
#18 D:\\Development\\Laravel\\puspa-api\\vendor\\laravel\\framework\\src\\Illuminate\\Foundation\\Application.php(1062): Illuminate\\Support\\ServiceProvider->callBootedCallbacks()
#19 D:\\Development\\Laravel\\puspa-api\\vendor\\laravel\\framework\\src\\Illuminate\\Foundation\\Application.php(1040): Illuminate\\Foundation\\Application->bootProvider(Object(App\\Providers\\RouteServiceProvider))
#20 [internal function]: Illuminate\\Foundation\\Application->Illuminate\\Foundation\\{closure}(Object(App\\Providers\\RouteServiceProvider), 26)
#21 D:\\Development\\Laravel\\puspa-api\\vendor\\laravel\\framework\\src\\Illuminate\\Foundation\\Application.php(1039): array_walk(Array, Object(Closure))
#22 D:\\Development\\Laravel\\puspa-api\\vendor\\laravel\\framework\\src\\Illuminate\\Foundation\\Bootstrap\\BootProviders.php(17): Illuminate\\Foundation\\Application->boot()
#23 D:\\Development\\Laravel\\puspa-api\\vendor\\laravel\\framework\\src\\Illuminate\\Foundation\\Application.php(286): Illuminate\\Foundation\\Bootstrap\\BootProviders->bootstrap(Object(Illuminate\\Foundation\\Application))
#24 D:\\Development\\Laravel\\puspa-api\\vendor\\laravel\\framework\\src\\Illuminate\\Foundation\\Console\\Kernel.php(447): Illuminate\\Foundation\\Application->bootstrapWith(Array)
#25 D:\\Development\\Laravel\\puspa-api\\vendor\\laravel\\framework\\src\\Illuminate\\Foundation\\Console\\Kernel.php(199): Illuminate\\Foundation\\Console\\Kernel->bootstrap()
#26 Command line code(1): Illuminate\\Foundation\\Console\\Kernel->handle(Object(Symfony\\Component\\Console\\Input\\ArgvInput), Object(Symfony\\Component\\Console\\Output\\ConsoleOutput))
#27 {main}
"} 
[2026-02-28 11:05:45] local.ERROR: Class "Observation" not found {"exception":"[object] (Error(code: 0): Class \"Observation\" not found at D:\\Development\\Laravel\\puspa-api\\routes\\api.php:305)
[stacktrace]
#0 D:\\Development\\Laravel\\puspa-api\\vendor\\laravel\\framework\\src\\Illuminate\\Routing\\RouteFileRegistrar.php(35): require()
#1 D:\\Development\\Laravel\\puspa-api\\vendor\\laravel\\framework\\src\\Illuminate\\Routing\\Router.php(511): Illuminate\\Routing\\RouteFileRegistrar->register('D:\\\\Development\\\\...')
#2 D:\\Development\\Laravel\\puspa-api\\vendor\\laravel\\framework\\src\\Illuminate\\Routing\\Router.php(465): Illuminate\\Routing\\Router->loadRoutes('D:\\\\Development\\\\...')
#3 D:\\Development\\Laravel\\puspa-api\\vendor\\laravel\\framework\\src\\Illuminate\\Routing\\RouteRegistrar.php(194): Illuminate\\Routing\\Router->group(Array, 'D:\\\\Development\\\\...')
#4 D:\\Development\\Laravel\\puspa-api\\app\\Providers\\RouteServiceProvider.php(32): Illuminate\\Routing\\RouteRegistrar->group('D:\\\\Development\\\\...')
#5 D:\\Development\\Laravel\\puspa-api\\vendor\\laravel\\framework\\src\\Illuminate\\Container\\BoundMethod.php(36): App\\Providers\\RouteServiceProvider->App\\Providers\\{closure}()
#6 D:\\Development\\Laravel\\puspa-api\\vendor\\laravel\\framework\\src\\Illuminate\\Container\\Util.php(41): Illuminate\\Container\\BoundMethod::Illuminate\\Container\\{closure}()
#7 D:\\Development\\Laravel\\puspa-api\\vendor\\laravel\\framework\\src\\Illuminate\\Container\\BoundMethod.php(81): Illuminate\\Container\\Util::unwrapIfClosure(Object(Closure))
#8 D:\\Development\\Laravel\\puspa-api\\vendor\\laravel\\framework\\src\\Illuminate\\Container\\BoundMethod.php(35): Illuminate\\Container\\BoundMethod::callBoundMethod(Object(Illuminate\\Foundation\\Application), Object(Closure), Object(Closure))
#9 D:\\Development\\Laravel\\puspa-api\\vendor\\laravel\\framework\\src\\Illuminate\\Container\\Container.php(662): Illuminate\\Container\\BoundMethod::call(Object(Illuminate\\Foundation\\Application), Object(Closure), Array, NULL)
#10 D:\\Development\\Laravel\\puspa-api\\vendor\\laravel\\framework\\src\\Illuminate\\Foundation\\Support\\Providers\\RouteServiceProvider.php(120): Illuminate\\Container\\Container->call(Object(Closure))
#11 D:\\Development\\Laravel\\puspa-api\\vendor\\laravel\\framework\\src\\Illuminate\\Foundation\\Support\\Providers\\RouteServiceProvider.php(45): Illuminate\\Foundation\\Support\\Providers\\RouteServiceProvider->loadRoutes()
#12 D:\\Development\\Laravel\\puspa-api\\vendor\\laravel\\framework\\src\\Illuminate\\Container\\BoundMethod.php(36): Illuminate\\Foundation\\Support\\Providers\\RouteServiceProvider->Illuminate\\Foundation\\Support\\Providers\\{closure}()
#13 D:\\Development\\Laravel\\puspa-api\\vendor\\laravel\\framework\\src\\Illuminate\\Container\\Util.php(41): Illuminate\\Container\\BoundMethod::Illuminate\\Container\\{closure}()
#14 D:\\Development\\Laravel\\puspa-api\\vendor\\laravel\\framework\\src\\Illuminate\\Container\\BoundMethod.php(81): Illuminate\\Container\\Util::unwrapIfClosure(Object(Closure))
#15 D:\\Development\\Laravel\\puspa-api\\vendor\\laravel\\framework\\src\\Illuminate\\Container\\BoundMethod.php(35): Illuminate\\Container\\BoundMethod::callBoundMethod(Object(Illuminate\\Foundation\\Application), Object(Closure), Object(Closure))
#16 D:\\Development\\Laravel\\puspa-api\\vendor\\laravel\\framework\\src\\Illuminate\\Container\\Container.php(662): Illuminate\\Container\\BoundMethod::call(Object(Illuminate\\Foundation\\Application), Object(Closure), Array, NULL)
#17 D:\\Development\\Laravel\\puspa-api\\vendor\\laravel\\framework\\src\\Illuminate\\Support\\ServiceProvider.php(119): Illuminate\\Container\\Container->call(Object(Closure))
#18 D:\\Development\\Laravel\\puspa-api\\vendor\\laravel\\framework\\src\\Illuminate\\Foundation\\Application.php(1062): Illuminate\\Support\\ServiceProvider->callBootedCallbacks()
#19 D:\\Development\\Laravel\\puspa-api\\vendor\\laravel\\framework\\src\\Illuminate\\Foundation\\Application.php(1040): Illuminate\\Foundation\\Application->bootProvider(Object(App\\Providers\\RouteServiceProvider))
#20 [internal function]: Illuminate\\Foundation\\Application->Illuminate\\Foundation\\{closure}(Object(App\\Providers\\RouteServiceProvider), 26)
#21 D:\\Development\\Laravel\\puspa-api\\vendor\\laravel\\framework\\src\\Illuminate\\Foundation\\Application.php(1039): array_walk(Array, Object(Closure))
#22 D:\\Development\\Laravel\\puspa-api\\vendor\\laravel\\framework\\src\\Illuminate\\Foundation\\Bootstrap\\BootProviders.php(17): Illuminate\\Foundation\\Application->boot()
#23 D:\\Development\\Laravel\\puspa-api\\vendor\\laravel\\framework\\src\\Illuminate\\Foundation\\Application.php(286): Illuminate\\Foundation\\Bootstrap\\BootProviders->bootstrap(Object(Illuminate\\Foundation\\Application))
#24 D:\\Development\\Laravel\\puspa-api\\vendor\\laravel\\framework\\src\\Illuminate\\Foundation\\Console\\Kernel.php(447): Illuminate\\Foundation\\Application->bootstrapWith(Array)
#25 D:\\Development\\Laravel\\puspa-api\\vendor\\laravel\\framework\\src\\Illuminate\\Foundation\\Console\\Kernel.php(199): Illuminate\\Foundation\\Console\\Kernel->bootstrap()
#26 Command line code(1): Illuminate\\Foundation\\Console\\Kernel->handle(Object(Symfony\\Component\\Console\\Input\\ArgvInput), Object(Symfony\\Component\\Console\\Output\\ConsoleOutput))
#27 {main}
"} 
[2026-02-28 11:05:45] local.ERROR: Class "Observation" not found {"exception":"[object] (Error(code: 0): Class \"Observation\" not found at D:\\Development\\Laravel\\puspa-api\\routes\\api.php:305)
[stacktrace]
#0 D:\\Development\\Laravel\\puspa-api\\vendor\\laravel\\framework\\src\\Illuminate\\Routing\\RouteFileRegistrar.php(35): require()
#1 D:\\Development\\Laravel\\puspa-api\\vendor\\laravel\\framework\\src\\Illuminate\\Routing\\Router.php(511): Illuminate\\Routing\\RouteFileRegistrar->register('D:\\\\Development\\\\...')
#2 D:\\Development\\Laravel\\puspa-api\\vendor\\laravel\\framework\\src\\Illuminate\\Routing\\Router.php(465): Illuminate\\Routing\\Router->loadRoutes('D:\\\\Development\\\\...')
#3 D:\\Development\\Laravel\\puspa-api\\vendor\\laravel\\framework\\src\\Illuminate\\Routing\\RouteRegistrar.php(194): Illuminate\\Routing\\Router->group(Array, 'D:\\\\Development\\\\...')
#4 D:\\Development\\Laravel\\puspa-api\\app\\Providers\\RouteServiceProvider.php(32): Illuminate\\Routing\\RouteRegistrar->group('D:\\\\Development\\\\...')
#5 D:\\Development\\Laravel\\puspa-api\\vendor\\laravel\\framework\\src\\Illuminate\\Container\\BoundMethod.php(36): App\\Providers\\RouteServiceProvider->App\\Providers\\{closure}()
#6 D:\\Development\\Laravel\\puspa-api\\vendor\\laravel\\framework\\src\\Illuminate\\Container\\Util.php(41): Illuminate\\Container\\BoundMethod::Illuminate\\Container\\{closure}()
#7 D:\\Development\\Laravel\\puspa-api\\vendor\\laravel\\framework\\src\\Illuminate\\Container\\BoundMethod.php(81): Illuminate\\Container\\Util::unwrapIfClosure(Object(Closure))
#8 D:\\Development\\Laravel\\puspa-api\\vendor\\laravel\\framework\\src\\Illuminate\\Container\\BoundMethod.php(35): Illuminate\\Container\\BoundMethod::callBoundMethod(Object(Illuminate\\Foundation\\Application), Object(Closure), Object(Closure))
#9 D:\\Development\\Laravel\\puspa-api\\vendor\\laravel\\framework\\src\\Illuminate\\Container\\Container.php(662): Illuminate\\Container\\BoundMethod::call(Object(Illuminate\\Foundation\\Application), Object(Closure), Array, NULL)
#10 D:\\Development\\Laravel\\puspa-api\\vendor\\laravel\\framework\\src\\Illuminate\\Foundation\\Support\\Providers\\RouteServiceProvider.php(120): Illuminate\\Container\\Container->call(Object(Closure))
#11 D:\\Development\\Laravel\\puspa-api\\vendor\\laravel\\framework\\src\\Illuminate\\Foundation\\Support\\Providers\\RouteServiceProvider.php(45): Illuminate\\Foundation\\Support\\Providers\\RouteServiceProvider->loadRoutes()
#12 D:\\Development\\Laravel\\puspa-api\\vendor\\laravel\\framework\\src\\Illuminate\\Container\\BoundMethod.php(36): Illuminate\\Foundation\\Support\\Providers\\RouteServiceProvider->Illuminate\\Foundation\\Support\\Providers\\{closure}()
#13 D:\\Development\\Laravel\\puspa-api\\vendor\\laravel\\framework\\src\\Illuminate\\Container\\Util.php(41): Illuminate\\Container\\BoundMethod::Illuminate\\Container\\{closure}()
#14 D:\\Development\\Laravel\\puspa-api\\vendor\\laravel\\framework\\src\\Illuminate\\Container\\BoundMethod.php(81): Illuminate\\Container\\Util::unwrapIfClosure(Object(Closure))
#15 D:\\Development\\Laravel\\puspa-api\\vendor\\laravel\\framework\\src\\Illuminate\\Container\\BoundMethod.php(35): Illuminate\\Container\\BoundMethod::callBoundMethod(Object(Illuminate\\Foundation\\Application), Object(Closure), Object(Closure))
#16 D:\\Development\\Laravel\\puspa-api\\vendor\\laravel\\framework\\src\\Illuminate\\Container\\Container.php(662): Illuminate\\Container\\BoundMethod::call(Object(Illuminate\\Foundation\\Application), Object(Closure), Array, NULL)
#17 D:\\Development\\Laravel\\puspa-api\\vendor\\laravel\\framework\\src\\Illuminate\\Support\\ServiceProvider.php(119): Illuminate\\Container\\Container->call(Object(Closure))
#18 D:\\Development\\Laravel\\puspa-api\\vendor\\laravel\\framework\\src\\Illuminate\\Foundation\\Application.php(1062): Illuminate\\Support\\ServiceProvider->callBootedCallbacks()
#19 D:\\Development\\Laravel\\puspa-api\\vendor\\laravel\\framework\\src\\Illuminate\\Foundation\\Application.php(1040): Illuminate\\Foundation\\Application->bootProvider(Object(App\\Providers\\RouteServiceProvider))
#20 [internal function]: Illuminate\\Foundation\\Application->Illuminate\\Foundation\\{closure}(Object(App\\Providers\\RouteServiceProvider), 26)
#21 D:\\Development\\Laravel\\puspa-api\\vendor\\laravel\\framework\\src\\Illuminate\\Foundation\\Application.php(1039): array_walk(Array, Object(Closure))
#22 D:\\Development\\Laravel\\puspa-api\\vendor\\laravel\\framework\\src\\Illuminate\\Foundation\\Bootstrap\\BootProviders.php(17): Illuminate\\Foundation\\Application->boot()
#23 D:\\Development\\Laravel\\puspa-api\\vendor\\laravel\\framework\\src\\Illuminate\\Foundation\\Application.php(286): Illuminate\\Foundation\\Bootstrap\\BootProviders->bootstrap(Object(Illuminate\\Foundation\\Application))
#24 D:\\Development\\Laravel\\puspa-api\\vendor\\laravel\\framework\\src\\Illuminate\\Foundation\\Console\\Kernel.php(447): Illuminate\\Foundation\\Application->bootstrapWith(Array)
#25 D:\\Development\\Laravel\\puspa-api\\vendor\\laravel\\framework\\src\\Illuminate\\Foundation\\Console\\Kernel.php(199): Illuminate\\Foundation\\Console\\Kernel->bootstrap()
#26 Command line code(1): Illuminate\\Foundation\\Console\\Kernel->handle(Object(Symfony\\Component\\Console\\Input\\ArgvInput), Object(Symfony\\Component\\Console\\Output\\ConsoleOutput))
#27 {main}
"} 
[2026-02-28 11:06:45] local.ERROR: Class "Observation" not found {"exception":"[object] (Error(code: 0): Class \"Observation\" not found at D:\\Development\\Laravel\\puspa-api\\routes\\api.php:305)
[stacktrace]
#0 D:\\Development\\Laravel\\puspa-api\\vendor\\laravel\\framework\\src\\Illuminate\\Routing\\RouteFileRegistrar.php(35): require()
#1 D:\\Development\\Laravel\\puspa-api\\vendor\\laravel\\framework\\src\\Illuminate\\Routing\\Router.php(511): Illuminate\\Routing\\RouteFileRegistrar->register('D:\\\\Development\\\\...')
#2 D:\\Development\\Laravel\\puspa-api\\vendor\\laravel\\framework\\src\\Illuminate\\Routing\\Router.php(465): Illuminate\\Routing\\Router->loadRoutes('D:\\\\Development\\\\...')
#3 D:\\Development\\Laravel\\puspa-api\\vendor\\laravel\\framework\\src\\Illuminate\\Routing\\RouteRegistrar.php(194): Illuminate\\Routing\\Router->group(Array, 'D:\\\\Development\\\\...')
#4 D:\\Development\\Laravel\\puspa-api\\app\\Providers\\RouteServiceProvider.php(32): Illuminate\\Routing\\RouteRegistrar->group('D:\\\\Development\\\\...')
#5 D:\\Development\\Laravel\\puspa-api\\vendor\\laravel\\framework\\src\\Illuminate\\Container\\BoundMethod.php(36): App\\Providers\\RouteServiceProvider->App\\Providers\\{closure}()
#6 D:\\Development\\Laravel\\puspa-api\\vendor\\laravel\\framework\\src\\Illuminate\\Container\\Util.php(41): Illuminate\\Container\\BoundMethod::Illuminate\\Container\\{closure}()
#7 D:\\Development\\Laravel\\puspa-api\\vendor\\laravel\\framework\\src\\Illuminate\\Container\\BoundMethod.php(81): Illuminate\\Container\\Util::unwrapIfClosure(Object(Closure))
#8 D:\\Development\\Laravel\\puspa-api\\vendor\\laravel\\framework\\src\\Illuminate\\Container\\BoundMethod.php(35): Illuminate\\Container\\BoundMethod::callBoundMethod(Object(Illuminate\\Foundation\\Application), Object(Closure), Object(Closure))
#9 D:\\Development\\Laravel\\puspa-api\\vendor\\laravel\\framework\\src\\Illuminate\\Container\\Container.php(662): Illuminate\\Container\\BoundMethod::call(Object(Illuminate\\Foundation\\Application), Object(Closure), Array, NULL)
#10 D:\\Development\\Laravel\\puspa-api\\vendor\\laravel\\framework\\src\\Illuminate\\Foundation\\Support\\Providers\\RouteServiceProvider.php(120): Illuminate\\Container\\Container->call(Object(Closure))
#11 D:\\Development\\Laravel\\puspa-api\\vendor\\laravel\\framework\\src\\Illuminate\\Foundation\\Support\\Providers\\RouteServiceProvider.php(45): Illuminate\\Foundation\\Support\\Providers\\RouteServiceProvider->loadRoutes()
#12 D:\\Development\\Laravel\\puspa-api\\vendor\\laravel\\framework\\src\\Illuminate\\Container\\BoundMethod.php(36): Illuminate\\Foundation\\Support\\Providers\\RouteServiceProvider->Illuminate\\Foundation\\Support\\Providers\\{closure}()
#13 D:\\Development\\Laravel\\puspa-api\\vendor\\laravel\\framework\\src\\Illuminate\\Container\\Util.php(41): Illuminate\\Container\\BoundMethod::Illuminate\\Container\\{closure}()
#14 D:\\Development\\Laravel\\puspa-api\\vendor\\laravel\\framework\\src\\Illuminate\\Container\\BoundMethod.php(81): Illuminate\\Container\\Util::unwrapIfClosure(Object(Closure))
#15 D:\\Development\\Laravel\\puspa-api\\vendor\\laravel\\framework\\src\\Illuminate\\Container\\BoundMethod.php(35): Illuminate\\Container\\BoundMethod::callBoundMethod(Object(Illuminate\\Foundation\\Application), Object(Closure), Object(Closure))
#16 D:\\Development\\Laravel\\puspa-api\\vendor\\laravel\\framework\\src\\Illuminate\\Container\\Container.php(662): Illuminate\\Container\\BoundMethod::call(Object(Illuminate\\Foundation\\Application), Object(Closure), Array, NULL)
#17 D:\\Development\\Laravel\\puspa-api\\vendor\\laravel\\framework\\src\\Illuminate\\Support\\ServiceProvider.php(119): Illuminate\\Container\\Container->call(Object(Closure))
#18 D:\\Development\\Laravel\\puspa-api\\vendor\\laravel\\framework\\src\\Illuminate\\Foundation\\Application.php(1062): Illuminate\\Support\\ServiceProvider->callBootedCallbacks()
#19 D:\\Development\\Laravel\\puspa-api\\vendor\\laravel\\framework\\src\\Illuminate\\Foundation\\Application.php(1040): Illuminate\\Foundation\\Application->bootProvider(Object(App\\Providers\\RouteServiceProvider))
#20 [internal function]: Illuminate\\Foundation\\Application->Illuminate\\Foundation\\{closure}(Object(App\\Providers\\RouteServiceProvider), 26)
#21 D:\\Development\\Laravel\\puspa-api\\vendor\\laravel\\framework\\src\\Illuminate\\Foundation\\Application.php(1039): array_walk(Array, Object(Closure))
#22 D:\\Development\\Laravel\\puspa-api\\vendor\\laravel\\framework\\src\\Illuminate\\Foundation\\Bootstrap\\BootProviders.php(17): Illuminate\\Foundation\\Application->boot()
#23 D:\\Development\\Laravel\\puspa-api\\vendor\\laravel\\framework\\src\\Illuminate\\Foundation\\Application.php(286): Illuminate\\Foundation\\Bootstrap\\BootProviders->bootstrap(Object(Illuminate\\Foundation\\Application))
#24 D:\\Development\\Laravel\\puspa-api\\vendor\\laravel\\framework\\src\\Illuminate\\Foundation\\Console\\Kernel.php(447): Illuminate\\Foundation\\Application->bootstrapWith(Array)
#25 D:\\Development\\Laravel\\puspa-api\\vendor\\laravel\\framework\\src\\Illuminate\\Foundation\\Console\\Kernel.php(199): Illuminate\\Foundation\\Console\\Kernel->bootstrap()
#26 Command line code(1): Illuminate\\Foundation\\Console\\Kernel->handle(Object(Symfony\\Component\\Console\\Input\\ArgvInput), Object(Symfony\\Component\\Console\\Output\\ConsoleOutput))
#27 {main}
"} 
[2026-02-28 11:06:45] local.ERROR: Class "Observation" not found {"exception":"[object] (Error(code: 0): Class \"Observation\" not found at D:\\Development\\Laravel\\puspa-api\\routes\\api.php:305)
[stacktrace]
#0 D:\\Development\\Laravel\\puspa-api\\vendor\\laravel\\framework\\src\\Illuminate\\Routing\\RouteFileRegistrar.php(35): require()
#1 D:\\Development\\Laravel\\puspa-api\\vendor\\laravel\\framework\\src\\Illuminate\\Routing\\Router.php(511): Illuminate\\Routing\\RouteFileRegistrar->register('D:\\\\Development\\\\...')
#2 D:\\Development\\Laravel\\puspa-api\\vendor\\laravel\\framework\\src\\Illuminate\\Routing\\Router.php(465): Illuminate\\Routing\\Router->loadRoutes('D:\\\\Development\\\\...')
#3 D:\\Development\\Laravel\\puspa-api\\vendor\\laravel\\framework\\src\\Illuminate\\Routing\\RouteRegistrar.php(194): Illuminate\\Routing\\Router->group(Array, 'D:\\\\Development\\\\...')
#4 D:\\Development\\Laravel\\puspa-api\\app\\Providers\\RouteServiceProvider.php(32): Illuminate\\Routing\\RouteRegistrar->group('D:\\\\Development\\\\...')
#5 D:\\Development\\Laravel\\puspa-api\\vendor\\laravel\\framework\\src\\Illuminate\\Container\\BoundMethod.php(36): App\\Providers\\RouteServiceProvider->App\\Providers\\{closure}()
#6 D:\\Development\\Laravel\\puspa-api\\vendor\\laravel\\framework\\src\\Illuminate\\Container\\Util.php(41): Illuminate\\Container\\BoundMethod::Illuminate\\Container\\{closure}()
#7 D:\\Development\\Laravel\\puspa-api\\vendor\\laravel\\framework\\src\\Illuminate\\Container\\BoundMethod.php(81): Illuminate\\Container\\Util::unwrapIfClosure(Object(Closure))
#8 D:\\Development\\Laravel\\puspa-api\\vendor\\laravel\\framework\\src\\Illuminate\\Container\\BoundMethod.php(35): Illuminate\\Container\\BoundMethod::callBoundMethod(Object(Illuminate\\Foundation\\Application), Object(Closure), Object(Closure))
#9 D:\\Development\\Laravel\\puspa-api\\vendor\\laravel\\framework\\src\\Illuminate\\Container\\Container.php(662): Illuminate\\Container\\BoundMethod::call(Object(Illuminate\\Foundation\\Application), Object(Closure), Array, NULL)
#10 D:\\Development\\Laravel\\puspa-api\\vendor\\laravel\\framework\\src\\Illuminate\\Foundation\\Support\\Providers\\RouteServiceProvider.php(120): Illuminate\\Container\\Container->call(Object(Closure))
#11 D:\\Development\\Laravel\\puspa-api\\vendor\\laravel\\framework\\src\\Illuminate\\Foundation\\Support\\Providers\\RouteServiceProvider.php(45): Illuminate\\Foundation\\Support\\Providers\\RouteServiceProvider->loadRoutes()
#12 D:\\Development\\Laravel\\puspa-api\\vendor\\laravel\\framework\\src\\Illuminate\\Container\\BoundMethod.php(36): Illuminate\\Foundation\\Support\\Providers\\RouteServiceProvider->Illuminate\\Foundation\\Support\\Providers\\{closure}()
#13 D:\\Development\\Laravel\\puspa-api\\vendor\\laravel\\framework\\src\\Illuminate\\Container\\Util.php(41): Illuminate\\Container\\BoundMethod::Illuminate\\Container\\{closure}()
#14 D:\\Development\\Laravel\\puspa-api\\vendor\\laravel\\framework\\src\\Illuminate\\Container\\BoundMethod.php(81): Illuminate\\Container\\Util::unwrapIfClosure(Object(Closure))
#15 D:\\Development\\Laravel\\puspa-api\\vendor\\laravel\\framework\\src\\Illuminate\\Container\\BoundMethod.php(35): Illuminate\\Container\\BoundMethod::callBoundMethod(Object(Illuminate\\Foundation\\Application), Object(Closure), Object(Closure))
#16 D:\\Development\\Laravel\\puspa-api\\vendor\\laravel\\framework\\src\\Illuminate\\Container\\Container.php(662): Illuminate\\Container\\BoundMethod::call(Object(Illuminate\\Foundation\\Application), Object(Closure), Array, NULL)
#17 D:\\Development\\Laravel\\puspa-api\\vendor\\laravel\\framework\\src\\Illuminate\\Support\\ServiceProvider.php(119): Illuminate\\Container\\Container->call(Object(Closure))
#18 D:\\Development\\Laravel\\puspa-api\\vendor\\laravel\\framework\\src\\Illuminate\\Foundation\\Application.php(1062): Illuminate\\Support\\ServiceProvider->callBootedCallbacks()
#19 D:\\Development\\Laravel\\puspa-api\\vendor\\laravel\\framework\\src\\Illuminate\\Foundation\\Application.php(1040): Illuminate\\Foundation\\Application->bootProvider(Object(App\\Providers\\RouteServiceProvider))
#20 [internal function]: Illuminate\\Foundation\\Application->Illuminate\\Foundation\\{closure}(Object(App\\Providers\\RouteServiceProvider), 26)
#21 D:\\Development\\Laravel\\puspa-api\\vendor\\laravel\\framework\\src\\Illuminate\\Foundation\\Application.php(1039): array_walk(Array, Object(Closure))
#22 D:\\Development\\Laravel\\puspa-api\\vendor\\laravel\\framework\\src\\Illuminate\\Foundation\\Bootstrap\\BootProviders.php(17): Illuminate\\Foundation\\Application->boot()
#23 D:\\Development\\Laravel\\puspa-api\\vendor\\laravel\\framework\\src\\Illuminate\\Foundation\\Application.php(286): Illuminate\\Foundation\\Bootstrap\\BootProviders->bootstrap(Object(Illuminate\\Foundation\\Application))
#24 D:\\Development\\Laravel\\puspa-api\\vendor\\laravel\\framework\\src\\Illuminate\\Foundation\\Console\\Kernel.php(447): Illuminate\\Foundation\\Application->bootstrapWith(Array)
#25 D:\\Development\\Laravel\\puspa-api\\vendor\\laravel\\framework\\src\\Illuminate\\Foundation\\Console\\Kernel.php(199): Illuminate\\Foundation\\Console\\Kernel->bootstrap()
#26 Command line code(1): Illuminate\\Foundation\\Console\\Kernel->handle(Object(Symfony\\Component\\Console\\Input\\ArgvInput), Object(Symfony\\Component\\Console\\Output\\ConsoleOutput))
#27 {main}
"} 
[2026-02-28 11:07:45] local.ERROR: Class "Observation" not found {"exception":"[object] (Error(code: 0): Class \"Observation\" not found at D:\\Development\\Laravel\\puspa-api\\routes\\api.php:305)
[stacktrace]
#0 D:\\Development\\Laravel\\puspa-api\\vendor\\laravel\\framework\\src\\Illuminate\\Routing\\RouteFileRegistrar.php(35): require()
#1 D:\\Development\\Laravel\\puspa-api\\vendor\\laravel\\framework\\src\\Illuminate\\Routing\\Router.php(511): Illuminate\\Routing\\RouteFileRegistrar->register('D:\\\\Development\\\\...')
#2 D:\\Development\\Laravel\\puspa-api\\vendor\\laravel\\framework\\src\\Illuminate\\Routing\\Router.php(465): Illuminate\\Routing\\Router->loadRoutes('D:\\\\Development\\\\...')
#3 D:\\Development\\Laravel\\puspa-api\\vendor\\laravel\\framework\\src\\Illuminate\\Routing\\RouteRegistrar.php(194): Illuminate\\Routing\\Router->group(Array, 'D:\\\\Development\\\\...')
#4 D:\\Development\\Laravel\\puspa-api\\app\\Providers\\RouteServiceProvider.php(32): Illuminate\\Routing\\RouteRegistrar->group('D:\\\\Development\\\\...')
#5 D:\\Development\\Laravel\\puspa-api\\vendor\\laravel\\framework\\src\\Illuminate\\Container\\BoundMethod.php(36): App\\Providers\\RouteServiceProvider->App\\Providers\\{closure}()
#6 D:\\Development\\Laravel\\puspa-api\\vendor\\laravel\\framework\\src\\Illuminate\\Container\\Util.php(41): Illuminate\\Container\\BoundMethod::Illuminate\\Container\\{closure}()
#7 D:\\Development\\Laravel\\puspa-api\\vendor\\laravel\\framework\\src\\Illuminate\\Container\\BoundMethod.php(81): Illuminate\\Container\\Util::unwrapIfClosure(Object(Closure))
#8 D:\\Development\\Laravel\\puspa-api\\vendor\\laravel\\framework\\src\\Illuminate\\Container\\BoundMethod.php(35): Illuminate\\Container\\BoundMethod::callBoundMethod(Object(Illuminate\\Foundation\\Application), Object(Closure), Object(Closure))
#9 D:\\Development\\Laravel\\puspa-api\\vendor\\laravel\\framework\\src\\Illuminate\\Container\\Container.php(662): Illuminate\\Container\\BoundMethod::call(Object(Illuminate\\Foundation\\Application), Object(Closure), Array, NULL)
#10 D:\\Development\\Laravel\\puspa-api\\vendor\\laravel\\framework\\src\\Illuminate\\Foundation\\Support\\Providers\\RouteServiceProvider.php(120): Illuminate\\Container\\Container->call(Object(Closure))
#11 D:\\Development\\Laravel\\puspa-api\\vendor\\laravel\\framework\\src\\Illuminate\\Foundation\\Support\\Providers\\RouteServiceProvider.php(45): Illuminate\\Foundation\\Support\\Providers\\RouteServiceProvider->loadRoutes()
#12 D:\\Development\\Laravel\\puspa-api\\vendor\\laravel\\framework\\src\\Illuminate\\Container\\BoundMethod.php(36): Illuminate\\Foundation\\Support\\Providers\\RouteServiceProvider->Illuminate\\Foundation\\Support\\Providers\\{closure}()
#13 D:\\Development\\Laravel\\puspa-api\\vendor\\laravel\\framework\\src\\Illuminate\\Container\\Util.php(41): Illuminate\\Container\\BoundMethod::Illuminate\\Container\\{closure}()
#14 D:\\Development\\Laravel\\puspa-api\\vendor\\laravel\\framework\\src\\Illuminate\\Container\\BoundMethod.php(81): Illuminate\\Container\\Util::unwrapIfClosure(Object(Closure))
#15 D:\\Development\\Laravel\\puspa-api\\vendor\\laravel\\framework\\src\\Illuminate\\Container\\BoundMethod.php(35): Illuminate\\Container\\BoundMethod::callBoundMethod(Object(Illuminate\\Foundation\\Application), Object(Closure), Object(Closure))
#16 D:\\Development\\Laravel\\puspa-api\\vendor\\laravel\\framework\\src\\Illuminate\\Container\\Container.php(662): Illuminate\\Container\\BoundMethod::call(Object(Illuminate\\Foundation\\Application), Object(Closure), Array, NULL)
#17 D:\\Development\\Laravel\\puspa-api\\vendor\\laravel\\framework\\src\\Illuminate\\Support\\ServiceProvider.php(119): Illuminate\\Container\\Container->call(Object(Closure))
#18 D:\\Development\\Laravel\\puspa-api\\vendor\\laravel\\framework\\src\\Illuminate\\Foundation\\Application.php(1062): Illuminate\\Support\\ServiceProvider->callBootedCallbacks()
#19 D:\\Development\\Laravel\\puspa-api\\vendor\\laravel\\framework\\src\\Illuminate\\Foundation\\Application.php(1040): Illuminate\\Foundation\\Application->bootProvider(Object(App\\Providers\\RouteServiceProvider))
#20 [internal function]: Illuminate\\Foundation\\Application->Illuminate\\Foundation\\{closure}(Object(App\\Providers\\RouteServiceProvider), 26)
#21 D:\\Development\\Laravel\\puspa-api\\vendor\\laravel\\framework\\src\\Illuminate\\Foundation\\Application.php(1039): array_walk(Array, Object(Closure))
#22 D:\\Development\\Laravel\\puspa-api\\vendor\\laravel\\framework\\src\\Illuminate\\Foundation\\Bootstrap\\BootProviders.php(17): Illuminate\\Foundation\\Application->boot()
#23 D:\\Development\\Laravel\\puspa-api\\vendor\\laravel\\framework\\src\\Illuminate\\Foundation\\Application.php(286): Illuminate\\Foundation\\Bootstrap\\BootProviders->bootstrap(Object(Illuminate\\Foundation\\Application))
#24 D:\\Development\\Laravel\\puspa-api\\vendor\\laravel\\framework\\src\\Illuminate\\Foundation\\Console\\Kernel.php(447): Illuminate\\Foundation\\Application->bootstrapWith(Array)
#25 D:\\Development\\Laravel\\puspa-api\\vendor\\laravel\\framework\\src\\Illuminate\\Foundation\\Console\\Kernel.php(199): Illuminate\\Foundation\\Console\\Kernel->bootstrap()
#26 Command line code(1): Illuminate\\Foundation\\Console\\Kernel->handle(Object(Symfony\\Component\\Console\\Input\\ArgvInput), Object(Symfony\\Component\\Console\\Output\\ConsoleOutput))
#27 {main}
"} 
[2026-02-28 11:07:45] local.ERROR: Class "Observation" not found {"exception":"[object] (Error(code: 0): Class \"Observation\" not found at D:\\Development\\Laravel\\puspa-api\\routes\\api.php:305)
[stacktrace]
#0 D:\\Development\\Laravel\\puspa-api\\vendor\\laravel\\framework\\src\\Illuminate\\Routing\\RouteFileRegistrar.php(35): require()
#1 D:\\Development\\Laravel\\puspa-api\\vendor\\laravel\\framework\\src\\Illuminate\\Routing\\Router.php(511): Illuminate\\Routing\\RouteFileRegistrar->register('D:\\\\Development\\\\...')
#2 D:\\Development\\Laravel\\puspa-api\\vendor\\laravel\\framework\\src\\Illuminate\\Routing\\Router.php(465): Illuminate\\Routing\\Router->loadRoutes('D:\\\\Development\\\\...')
#3 D:\\Development\\Laravel\\puspa-api\\vendor\\laravel\\framework\\src\\Illuminate\\Routing\\RouteRegistrar.php(194): Illuminate\\Routing\\Router->group(Array, 'D:\\\\Development\\\\...')
#4 D:\\Development\\Laravel\\puspa-api\\app\\Providers\\RouteServiceProvider.php(32): Illuminate\\Routing\\RouteRegistrar->group('D:\\\\Development\\\\...')
#5 D:\\Development\\Laravel\\puspa-api\\vendor\\laravel\\framework\\src\\Illuminate\\Container\\BoundMethod.php(36): App\\Providers\\RouteServiceProvider->App\\Providers\\{closure}()
#6 D:\\Development\\Laravel\\puspa-api\\vendor\\laravel\\framework\\src\\Illuminate\\Container\\Util.php(41): Illuminate\\Container\\BoundMethod::Illuminate\\Container\\{closure}()
#7 D:\\Development\\Laravel\\puspa-api\\vendor\\laravel\\framework\\src\\Illuminate\\Container\\BoundMethod.php(81): Illuminate\\Container\\Util::unwrapIfClosure(Object(Closure))
#8 D:\\Development\\Laravel\\puspa-api\\vendor\\laravel\\framework\\src\\Illuminate\\Container\\BoundMethod.php(35): Illuminate\\Container\\BoundMethod::callBoundMethod(Object(Illuminate\\Foundation\\Application), Object(Closure), Object(Closure))
#9 D:\\Development\\Laravel\\puspa-api\\vendor\\laravel\\framework\\src\\Illuminate\\Container\\Container.php(662): Illuminate\\Container\\BoundMethod::call(Object(Illuminate\\Foundation\\Application), Object(Closure), Array, NULL)
#10 D:\\Development\\Laravel\\puspa-api\\vendor\\laravel\\framework\\src\\Illuminate\\Foundation\\Support\\Providers\\RouteServiceProvider.php(120): Illuminate\\Container\\Container->call(Object(Closure))
#11 D:\\Development\\Laravel\\puspa-api\\vendor\\laravel\\framework\\src\\Illuminate\\Foundation\\Support\\Providers\\RouteServiceProvider.php(45): Illuminate\\Foundation\\Support\\Providers\\RouteServiceProvider->loadRoutes()
#12 D:\\Development\\Laravel\\puspa-api\\vendor\\laravel\\framework\\src\\Illuminate\\Container\\BoundMethod.php(36): Illuminate\\Foundation\\Support\\Providers\\RouteServiceProvider->Illuminate\\Foundation\\Support\\Providers\\{closure}()
#13 D:\\Development\\Laravel\\puspa-api\\vendor\\laravel\\framework\\src\\Illuminate\\Container\\Util.php(41): Illuminate\\Container\\BoundMethod::Illuminate\\Container\\{closure}()
#14 D:\\Development\\Laravel\\puspa-api\\vendor\\laravel\\framework\\src\\Illuminate\\Container\\BoundMethod.php(81): Illuminate\\Container\\Util::unwrapIfClosure(Object(Closure))
#15 D:\\Development\\Laravel\\puspa-api\\vendor\\laravel\\framework\\src\\Illuminate\\Container\\BoundMethod.php(35): Illuminate\\Container\\BoundMethod::callBoundMethod(Object(Illuminate\\Foundation\\Application), Object(Closure), Object(Closure))
#16 D:\\Development\\Laravel\\puspa-api\\vendor\\laravel\\framework\\src\\Illuminate\\Container\\Container.php(662): Illuminate\\Container\\BoundMethod::call(Object(Illuminate\\Foundation\\Application), Object(Closure), Array, NULL)
#17 D:\\Development\\Laravel\\puspa-api\\vendor\\laravel\\framework\\src\\Illuminate\\Support\\ServiceProvider.php(119): Illuminate\\Container\\Container->call(Object(Closure))
#18 D:\\Development\\Laravel\\puspa-api\\vendor\\laravel\\framework\\src\\Illuminate\\Foundation\\Application.php(1062): Illuminate\\Support\\ServiceProvider->callBootedCallbacks()
#19 D:\\Development\\Laravel\\puspa-api\\vendor\\laravel\\framework\\src\\Illuminate\\Foundation\\Application.php(1040): Illuminate\\Foundation\\Application->bootProvider(Object(App\\Providers\\RouteServiceProvider))
#20 [internal function]: Illuminate\\Foundation\\Application->Illuminate\\Foundation\\{closure}(Object(App\\Providers\\RouteServiceProvider), 26)
#21 D:\\Development\\Laravel\\puspa-api\\vendor\\laravel\\framework\\src\\Illuminate\\Foundation\\Application.php(1039): array_walk(Array, Object(Closure))
#22 D:\\Development\\Laravel\\puspa-api\\vendor\\laravel\\framework\\src\\Illuminate\\Foundation\\Bootstrap\\BootProviders.php(17): Illuminate\\Foundation\\Application->boot()
#23 D:\\Development\\Laravel\\puspa-api\\vendor\\laravel\\framework\\src\\Illuminate\\Foundation\\Application.php(286): Illuminate\\Foundation\\Bootstrap\\BootProviders->bootstrap(Object(Illuminate\\Foundation\\Application))
#24 D:\\Development\\Laravel\\puspa-api\\vendor\\laravel\\framework\\src\\Illuminate\\Foundation\\Console\\Kernel.php(447): Illuminate\\Foundation\\Application->bootstrapWith(Array)
#25 D:\\Development\\Laravel\\puspa-api\\vendor\\laravel\\framework\\src\\Illuminate\\Foundation\\Console\\Kernel.php(199): Illuminate\\Foundation\\Console\\Kernel->bootstrap()
#26 Command line code(1): Illuminate\\Foundation\\Console\\Kernel->handle(Object(Symfony\\Component\\Console\\Input\\ArgvInput), Object(Symfony\\Component\\Console\\Output\\ConsoleOutput))
#27 {main}
"} 
[2026-02-28 11:08:45] local.ERROR: Class "Observation" not found {"exception":"[object] (Error(code: 0): Class \"Observation\" not found at D:\\Development\\Laravel\\puspa-api\\routes\\api.php:305)
[stacktrace]
#0 D:\\Development\\Laravel\\puspa-api\\vendor\\laravel\\framework\\src\\Illuminate\\Routing\\RouteFileRegistrar.php(35): require()
#1 D:\\Development\\Laravel\\puspa-api\\vendor\\laravel\\framework\\src\\Illuminate\\Routing\\Router.php(511): Illuminate\\Routing\\RouteFileRegistrar->register('D:\\\\Development\\\\...')
#2 D:\\Development\\Laravel\\puspa-api\\vendor\\laravel\\framework\\src\\Illuminate\\Routing\\Router.php(465): Illuminate\\Routing\\Router->loadRoutes('D:\\\\Development\\\\...')
#3 D:\\Development\\Laravel\\puspa-api\\vendor\\laravel\\framework\\src\\Illuminate\\Routing\\RouteRegistrar.php(194): Illuminate\\Routing\\Router->group(Array, 'D:\\\\Development\\\\...')
#4 D:\\Development\\Laravel\\puspa-api\\app\\Providers\\RouteServiceProvider.php(32): Illuminate\\Routing\\RouteRegistrar->group('D:\\\\Development\\\\...')
#5 D:\\Development\\Laravel\\puspa-api\\vendor\\laravel\\framework\\src\\Illuminate\\Container\\BoundMethod.php(36): App\\Providers\\RouteServiceProvider->App\\Providers\\{closure}()
#6 D:\\Development\\Laravel\\puspa-api\\vendor\\laravel\\framework\\src\\Illuminate\\Container\\Util.php(41): Illuminate\\Container\\BoundMethod::Illuminate\\Container\\{closure}()
#7 D:\\Development\\Laravel\\puspa-api\\vendor\\laravel\\framework\\src\\Illuminate\\Container\\BoundMethod.php(81): Illuminate\\Container\\Util::unwrapIfClosure(Object(Closure))
#8 D:\\Development\\Laravel\\puspa-api\\vendor\\laravel\\framework\\src\\Illuminate\\Container\\BoundMethod.php(35): Illuminate\\Container\\BoundMethod::callBoundMethod(Object(Illuminate\\Foundation\\Application), Object(Closure), Object(Closure))
#9 D:\\Development\\Laravel\\puspa-api\\vendor\\laravel\\framework\\src\\Illuminate\\Container\\Container.php(662): Illuminate\\Container\\BoundMethod::call(Object(Illuminate\\Foundation\\Application), Object(Closure), Array, NULL)
#10 D:\\Development\\Laravel\\puspa-api\\vendor\\laravel\\framework\\src\\Illuminate\\Foundation\\Support\\Providers\\RouteServiceProvider.php(120): Illuminate\\Container\\Container->call(Object(Closure))
#11 D:\\Development\\Laravel\\puspa-api\\vendor\\laravel\\framework\\src\\Illuminate\\Foundation\\Support\\Providers\\RouteServiceProvider.php(45): Illuminate\\Foundation\\Support\\Providers\\RouteServiceProvider->loadRoutes()
#12 D:\\Development\\Laravel\\puspa-api\\vendor\\laravel\\framework\\src\\Illuminate\\Container\\BoundMethod.php(36): Illuminate\\Foundation\\Support\\Providers\\RouteServiceProvider->Illuminate\\Foundation\\Support\\Providers\\{closure}()
#13 D:\\Development\\Laravel\\puspa-api\\vendor\\laravel\\framework\\src\\Illuminate\\Container\\Util.php(41): Illuminate\\Container\\BoundMethod::Illuminate\\Container\\{closure}()
#14 D:\\Development\\Laravel\\puspa-api\\vendor\\laravel\\framework\\src\\Illuminate\\Container\\BoundMethod.php(81): Illuminate\\Container\\Util::unwrapIfClosure(Object(Closure))
#15 D:\\Development\\Laravel\\puspa-api\\vendor\\laravel\\framework\\src\\Illuminate\\Container\\BoundMethod.php(35): Illuminate\\Container\\BoundMethod::callBoundMethod(Object(Illuminate\\Foundation\\Application), Object(Closure), Object(Closure))
#16 D:\\Development\\Laravel\\puspa-api\\vendor\\laravel\\framework\\src\\Illuminate\\Container\\Container.php(662): Illuminate\\Container\\BoundMethod::call(Object(Illuminate\\Foundation\\Application), Object(Closure), Array, NULL)
#17 D:\\Development\\Laravel\\puspa-api\\vendor\\laravel\\framework\\src\\Illuminate\\Support\\ServiceProvider.php(119): Illuminate\\Container\\Container->call(Object(Closure))
#18 D:\\Development\\Laravel\\puspa-api\\vendor\\laravel\\framework\\src\\Illuminate\\Foundation\\Application.php(1062): Illuminate\\Support\\ServiceProvider->callBootedCallbacks()
#19 D:\\Development\\Laravel\\puspa-api\\vendor\\laravel\\framework\\src\\Illuminate\\Foundation\\Application.php(1040): Illuminate\\Foundation\\Application->bootProvider(Object(App\\Providers\\RouteServiceProvider))
#20 [internal function]: Illuminate\\Foundation\\Application->Illuminate\\Foundation\\{closure}(Object(App\\Providers\\RouteServiceProvider), 26)
#21 D:\\Development\\Laravel\\puspa-api\\vendor\\laravel\\framework\\src\\Illuminate\\Foundation\\Application.php(1039): array_walk(Array, Object(Closure))
#22 D:\\Development\\Laravel\\puspa-api\\vendor\\laravel\\framework\\src\\Illuminate\\Foundation\\Bootstrap\\BootProviders.php(17): Illuminate\\Foundation\\Application->boot()
#23 D:\\Development\\Laravel\\puspa-api\\vendor\\laravel\\framework\\src\\Illuminate\\Foundation\\Application.php(286): Illuminate\\Foundation\\Bootstrap\\BootProviders->bootstrap(Object(Illuminate\\Foundation\\Application))
#24 D:\\Development\\Laravel\\puspa-api\\vendor\\laravel\\framework\\src\\Illuminate\\Foundation\\Console\\Kernel.php(447): Illuminate\\Foundation\\Application->bootstrapWith(Array)
#25 D:\\Development\\Laravel\\puspa-api\\vendor\\laravel\\framework\\src\\Illuminate\\Foundation\\Console\\Kernel.php(199): Illuminate\\Foundation\\Console\\Kernel->bootstrap()
#26 Command line code(1): Illuminate\\Foundation\\Console\\Kernel->handle(Object(Symfony\\Component\\Console\\Input\\ArgvInput), Object(Symfony\\Component\\Console\\Output\\ConsoleOutput))
#27 {main}
"} 
[2026-02-28 11:08:45] local.ERROR: Class "Observation" not found {"exception":"[object] (Error(code: 0): Class \"Observation\" not found at D:\\Development\\Laravel\\puspa-api\\routes\\api.php:305)
[stacktrace]
#0 D:\\Development\\Laravel\\puspa-api\\vendor\\laravel\\framework\\src\\Illuminate\\Routing\\RouteFileRegistrar.php(35): require()
#1 D:\\Development\\Laravel\\puspa-api\\vendor\\laravel\\framework\\src\\Illuminate\\Routing\\Router.php(511): Illuminate\\Routing\\RouteFileRegistrar->register('D:\\\\Development\\\\...')
#2 D:\\Development\\Laravel\\puspa-api\\vendor\\laravel\\framework\\src\\Illuminate\\Routing\\Router.php(465): Illuminate\\Routing\\Router->loadRoutes('D:\\\\Development\\\\...')
#3 D:\\Development\\Laravel\\puspa-api\\vendor\\laravel\\framework\\src\\Illuminate\\Routing\\RouteRegistrar.php(194): Illuminate\\Routing\\Router->group(Array, 'D:\\\\Development\\\\...')
#4 D:\\Development\\Laravel\\puspa-api\\app\\Providers\\RouteServiceProvider.php(32): Illuminate\\Routing\\RouteRegistrar->group('D:\\\\Development\\\\...')
#5 D:\\Development\\Laravel\\puspa-api\\vendor\\laravel\\framework\\src\\Illuminate\\Container\\BoundMethod.php(36): App\\Providers\\RouteServiceProvider->App\\Providers\\{closure}()
#6 D:\\Development\\Laravel\\puspa-api\\vendor\\laravel\\framework\\src\\Illuminate\\Container\\Util.php(41): Illuminate\\Container\\BoundMethod::Illuminate\\Container\\{closure}()
#7 D:\\Development\\Laravel\\puspa-api\\vendor\\laravel\\framework\\src\\Illuminate\\Container\\BoundMethod.php(81): Illuminate\\Container\\Util::unwrapIfClosure(Object(Closure))
#8 D:\\Development\\Laravel\\puspa-api\\vendor\\laravel\\framework\\src\\Illuminate\\Container\\BoundMethod.php(35): Illuminate\\Container\\BoundMethod::callBoundMethod(Object(Illuminate\\Foundation\\Application), Object(Closure), Object(Closure))
#9 D:\\Development\\Laravel\\puspa-api\\vendor\\laravel\\framework\\src\\Illuminate\\Container\\Container.php(662): Illuminate\\Container\\BoundMethod::call(Object(Illuminate\\Foundation\\Application), Object(Closure), Array, NULL)
#10 D:\\Development\\Laravel\\puspa-api\\vendor\\laravel\\framework\\src\\Illuminate\\Foundation\\Support\\Providers\\RouteServiceProvider.php(120): Illuminate\\Container\\Container->call(Object(Closure))
#11 D:\\Development\\Laravel\\puspa-api\\vendor\\laravel\\framework\\src\\Illuminate\\Foundation\\Support\\Providers\\RouteServiceProvider.php(45): Illuminate\\Foundation\\Support\\Providers\\RouteServiceProvider->loadRoutes()
#12 D:\\Development\\Laravel\\puspa-api\\vendor\\laravel\\framework\\src\\Illuminate\\Container\\BoundMethod.php(36): Illuminate\\Foundation\\Support\\Providers\\RouteServiceProvider->Illuminate\\Foundation\\Support\\Providers\\{closure}()
#13 D:\\Development\\Laravel\\puspa-api\\vendor\\laravel\\framework\\src\\Illuminate\\Container\\Util.php(41): Illuminate\\Container\\BoundMethod::Illuminate\\Container\\{closure}()
#14 D:\\Development\\Laravel\\puspa-api\\vendor\\laravel\\framework\\src\\Illuminate\\Container\\BoundMethod.php(81): Illuminate\\Container\\Util::unwrapIfClosure(Object(Closure))
#15 D:\\Development\\Laravel\\puspa-api\\vendor\\laravel\\framework\\src\\Illuminate\\Container\\BoundMethod.php(35): Illuminate\\Container\\BoundMethod::callBoundMethod(Object(Illuminate\\Foundation\\Application), Object(Closure), Object(Closure))
#16 D:\\Development\\Laravel\\puspa-api\\vendor\\laravel\\framework\\src\\Illuminate\\Container\\Container.php(662): Illuminate\\Container\\BoundMethod::call(Object(Illuminate\\Foundation\\Application), Object(Closure), Array, NULL)
#17 D:\\Development\\Laravel\\puspa-api\\vendor\\laravel\\framework\\src\\Illuminate\\Support\\ServiceProvider.php(119): Illuminate\\Container\\Container->call(Object(Closure))
#18 D:\\Development\\Laravel\\puspa-api\\vendor\\laravel\\framework\\src\\Illuminate\\Foundation\\Application.php(1062): Illuminate\\Support\\ServiceProvider->callBootedCallbacks()
#19 D:\\Development\\Laravel\\puspa-api\\vendor\\laravel\\framework\\src\\Illuminate\\Foundation\\Application.php(1040): Illuminate\\Foundation\\Application->bootProvider(Object(App\\Providers\\RouteServiceProvider))
#20 [internal function]: Illuminate\\Foundation\\Application->Illuminate\\Foundation\\{closure}(Object(App\\Providers\\RouteServiceProvider), 26)
#21 D:\\Development\\Laravel\\puspa-api\\vendor\\laravel\\framework\\src\\Illuminate\\Foundation\\Application.php(1039): array_walk(Array, Object(Closure))
#22 D:\\Development\\Laravel\\puspa-api\\vendor\\laravel\\framework\\src\\Illuminate\\Foundation\\Bootstrap\\BootProviders.php(17): Illuminate\\Foundation\\Application->boot()
#23 D:\\Development\\Laravel\\puspa-api\\vendor\\laravel\\framework\\src\\Illuminate\\Foundation\\Application.php(286): Illuminate\\Foundation\\Bootstrap\\BootProviders->bootstrap(Object(Illuminate\\Foundation\\Application))
#24 D:\\Development\\Laravel\\puspa-api\\vendor\\laravel\\framework\\src\\Illuminate\\Foundation\\Console\\Kernel.php(447): Illuminate\\Foundation\\Application->bootstrapWith(Array)
#25 D:\\Development\\Laravel\\puspa-api\\vendor\\laravel\\framework\\src\\Illuminate\\Foundation\\Console\\Kernel.php(199): Illuminate\\Foundation\\Console\\Kernel->bootstrap()
#26 Command line code(1): Illuminate\\Foundation\\Console\\Kernel->handle(Object(Symfony\\Component\\Console\\Input\\ArgvInput), Object(Symfony\\Component\\Console\\Output\\ConsoleOutput))
#27 {main}
"} 
[2026-02-28 11:09:45] local.ERROR: Class "Observation" not found {"exception":"[object] (Error(code: 0): Class \"Observation\" not found at D:\\Development\\Laravel\\puspa-api\\routes\\api.php:305)
[stacktrace]
#0 D:\\Development\\Laravel\\puspa-api\\vendor\\laravel\\framework\\src\\Illuminate\\Routing\\RouteFileRegistrar.php(35): require()
#1 D:\\Development\\Laravel\\puspa-api\\vendor\\laravel\\framework\\src\\Illuminate\\Routing\\Router.php(511): Illuminate\\Routing\\RouteFileRegistrar->register('D:\\\\Development\\\\...')
#2 D:\\Development\\Laravel\\puspa-api\\vendor\\laravel\\framework\\src\\Illuminate\\Routing\\Router.php(465): Illuminate\\Routing\\Router->loadRoutes('D:\\\\Development\\\\...')
#3 D:\\Development\\Laravel\\puspa-api\\vendor\\laravel\\framework\\src\\Illuminate\\Routing\\RouteRegistrar.php(194): Illuminate\\Routing\\Router->group(Array, 'D:\\\\Development\\\\...')
#4 D:\\Development\\Laravel\\puspa-api\\app\\Providers\\RouteServiceProvider.php(32): Illuminate\\Routing\\RouteRegistrar->group('D:\\\\Development\\\\...')
#5 D:\\Development\\Laravel\\puspa-api\\vendor\\laravel\\framework\\src\\Illuminate\\Container\\BoundMethod.php(36): App\\Providers\\RouteServiceProvider->App\\Providers\\{closure}()
#6 D:\\Development\\Laravel\\puspa-api\\vendor\\laravel\\framework\\src\\Illuminate\\Container\\Util.php(41): Illuminate\\Container\\BoundMethod::Illuminate\\Container\\{closure}()
#7 D:\\Development\\Laravel\\puspa-api\\vendor\\laravel\\framework\\src\\Illuminate\\Container\\BoundMethod.php(81): Illuminate\\Container\\Util::unwrapIfClosure(Object(Closure))
#8 D:\\Development\\Laravel\\puspa-api\\vendor\\laravel\\framework\\src\\Illuminate\\Container\\BoundMethod.php(35): Illuminate\\Container\\BoundMethod::callBoundMethod(Object(Illuminate\\Foundation\\Application), Object(Closure), Object(Closure))
#9 D:\\Development\\Laravel\\puspa-api\\vendor\\laravel\\framework\\src\\Illuminate\\Container\\Container.php(662): Illuminate\\Container\\BoundMethod::call(Object(Illuminate\\Foundation\\Application), Object(Closure), Array, NULL)
#10 D:\\Development\\Laravel\\puspa-api\\vendor\\laravel\\framework\\src\\Illuminate\\Foundation\\Support\\Providers\\RouteServiceProvider.php(120): Illuminate\\Container\\Container->call(Object(Closure))
#11 D:\\Development\\Laravel\\puspa-api\\vendor\\laravel\\framework\\src\\Illuminate\\Foundation\\Support\\Providers\\RouteServiceProvider.php(45): Illuminate\\Foundation\\Support\\Providers\\RouteServiceProvider->loadRoutes()
#12 D:\\Development\\Laravel\\puspa-api\\vendor\\laravel\\framework\\src\\Illuminate\\Container\\BoundMethod.php(36): Illuminate\\Foundation\\Support\\Providers\\RouteServiceProvider->Illuminate\\Foundation\\Support\\Providers\\{closure}()
#13 D:\\Development\\Laravel\\puspa-api\\vendor\\laravel\\framework\\src\\Illuminate\\Container\\Util.php(41): Illuminate\\Container\\BoundMethod::Illuminate\\Container\\{closure}()
#14 D:\\Development\\Laravel\\puspa-api\\vendor\\laravel\\framework\\src\\Illuminate\\Container\\BoundMethod.php(81): Illuminate\\Container\\Util::unwrapIfClosure(Object(Closure))
#15 D:\\Development\\Laravel\\puspa-api\\vendor\\laravel\\framework\\src\\Illuminate\\Container\\BoundMethod.php(35): Illuminate\\Container\\BoundMethod::callBoundMethod(Object(Illuminate\\Foundation\\Application), Object(Closure), Object(Closure))
#16 D:\\Development\\Laravel\\puspa-api\\vendor\\laravel\\framework\\src\\Illuminate\\Container\\Container.php(662): Illuminate\\Container\\BoundMethod::call(Object(Illuminate\\Foundation\\Application), Object(Closure), Array, NULL)
#17 D:\\Development\\Laravel\\puspa-api\\vendor\\laravel\\framework\\src\\Illuminate\\Support\\ServiceProvider.php(119): Illuminate\\Container\\Container->call(Object(Closure))
#18 D:\\Development\\Laravel\\puspa-api\\vendor\\laravel\\framework\\src\\Illuminate\\Foundation\\Application.php(1062): Illuminate\\Support\\ServiceProvider->callBootedCallbacks()
#19 D:\\Development\\Laravel\\puspa-api\\vendor\\laravel\\framework\\src\\Illuminate\\Foundation\\Application.php(1040): Illuminate\\Foundation\\Application->bootProvider(Object(App\\Providers\\RouteServiceProvider))
#20 [internal function]: Illuminate\\Foundation\\Application->Illuminate\\Foundation\\{closure}(Object(App\\Providers\\RouteServiceProvider), 26)
#21 D:\\Development\\Laravel\\puspa-api\\vendor\\laravel\\framework\\src\\Illuminate\\Foundation\\Application.php(1039): array_walk(Array, Object(Closure))
#22 D:\\Development\\Laravel\\puspa-api\\vendor\\laravel\\framework\\src\\Illuminate\\Foundation\\Bootstrap\\BootProviders.php(17): Illuminate\\Foundation\\Application->boot()
#23 D:\\Development\\Laravel\\puspa-api\\vendor\\laravel\\framework\\src\\Illuminate\\Foundation\\Application.php(286): Illuminate\\Foundation\\Bootstrap\\BootProviders->bootstrap(Object(Illuminate\\Foundation\\Application))
#24 D:\\Development\\Laravel\\puspa-api\\vendor\\laravel\\framework\\src\\Illuminate\\Foundation\\Console\\Kernel.php(447): Illuminate\\Foundation\\Application->bootstrapWith(Array)
#25 D:\\Development\\Laravel\\puspa-api\\vendor\\laravel\\framework\\src\\Illuminate\\Foundation\\Console\\Kernel.php(199): Illuminate\\Foundation\\Console\\Kernel->bootstrap()
#26 Command line code(1): Illuminate\\Foundation\\Console\\Kernel->handle(Object(Symfony\\Component\\Console\\Input\\ArgvInput), Object(Symfony\\Component\\Console\\Output\\ConsoleOutput))
#27 {main}
"} 
[2026-02-28 11:09:45] local.ERROR: Class "Observation" not found {"exception":"[object] (Error(code: 0): Class \"Observation\" not found at D:\\Development\\Laravel\\puspa-api\\routes\\api.php:305)
[stacktrace]
#0 D:\\Development\\Laravel\\puspa-api\\vendor\\laravel\\framework\\src\\Illuminate\\Routing\\RouteFileRegistrar.php(35): require()
#1 D:\\Development\\Laravel\\puspa-api\\vendor\\laravel\\framework\\src\\Illuminate\\Routing\\Router.php(511): Illuminate\\Routing\\RouteFileRegistrar->register('D:\\\\Development\\\\...')
#2 D:\\Development\\Laravel\\puspa-api\\vendor\\laravel\\framework\\src\\Illuminate\\Routing\\Router.php(465): Illuminate\\Routing\\Router->loadRoutes('D:\\\\Development\\\\...')
#3 D:\\Development\\Laravel\\puspa-api\\vendor\\laravel\\framework\\src\\Illuminate\\Routing\\RouteRegistrar.php(194): Illuminate\\Routing\\Router->group(Array, 'D:\\\\Development\\\\...')
#4 D:\\Development\\Laravel\\puspa-api\\app\\Providers\\RouteServiceProvider.php(32): Illuminate\\Routing\\RouteRegistrar->group('D:\\\\Development\\\\...')
#5 D:\\Development\\Laravel\\puspa-api\\vendor\\laravel\\framework\\src\\Illuminate\\Container\\BoundMethod.php(36): App\\Providers\\RouteServiceProvider->App\\Providers\\{closure}()
#6 D:\\Development\\Laravel\\puspa-api\\vendor\\laravel\\framework\\src\\Illuminate\\Container\\Util.php(41): Illuminate\\Container\\BoundMethod::Illuminate\\Container\\{closure}()
#7 D:\\Development\\Laravel\\puspa-api\\vendor\\laravel\\framework\\src\\Illuminate\\Container\\BoundMethod.php(81): Illuminate\\Container\\Util::unwrapIfClosure(Object(Closure))
#8 D:\\Development\\Laravel\\puspa-api\\vendor\\laravel\\framework\\src\\Illuminate\\Container\\BoundMethod.php(35): Illuminate\\Container\\BoundMethod::callBoundMethod(Object(Illuminate\\Foundation\\Application), Object(Closure), Object(Closure))
#9 D:\\Development\\Laravel\\puspa-api\\vendor\\laravel\\framework\\src\\Illuminate\\Container\\Container.php(662): Illuminate\\Container\\BoundMethod::call(Object(Illuminate\\Foundation\\Application), Object(Closure), Array, NULL)
#10 D:\\Development\\Laravel\\puspa-api\\vendor\\laravel\\framework\\src\\Illuminate\\Foundation\\Support\\Providers\\RouteServiceProvider.php(120): Illuminate\\Container\\Container->call(Object(Closure))
#11 D:\\Development\\Laravel\\puspa-api\\vendor\\laravel\\framework\\src\\Illuminate\\Foundation\\Support\\Providers\\RouteServiceProvider.php(45): Illuminate\\Foundation\\Support\\Providers\\RouteServiceProvider->loadRoutes()
#12 D:\\Development\\Laravel\\puspa-api\\vendor\\laravel\\framework\\src\\Illuminate\\Container\\BoundMethod.php(36): Illuminate\\Foundation\\Support\\Providers\\RouteServiceProvider->Illuminate\\Foundation\\Support\\Providers\\{closure}()
#13 D:\\Development\\Laravel\\puspa-api\\vendor\\laravel\\framework\\src\\Illuminate\\Container\\Util.php(41): Illuminate\\Container\\BoundMethod::Illuminate\\Container\\{closure}()
#14 D:\\Development\\Laravel\\puspa-api\\vendor\\laravel\\framework\\src\\Illuminate\\Container\\BoundMethod.php(81): Illuminate\\Container\\Util::unwrapIfClosure(Object(Closure))
#15 D:\\Development\\Laravel\\puspa-api\\vendor\\laravel\\framework\\src\\Illuminate\\Container\\BoundMethod.php(35): Illuminate\\Container\\BoundMethod::callBoundMethod(Object(Illuminate\\Foundation\\Application), Object(Closure), Object(Closure))
#16 D:\\Development\\Laravel\\puspa-api\\vendor\\laravel\\framework\\src\\Illuminate\\Container\\Container.php(662): Illuminate\\Container\\BoundMethod::call(Object(Illuminate\\Foundation\\Application), Object(Closure), Array, NULL)
#17 D:\\Development\\Laravel\\puspa-api\\vendor\\laravel\\framework\\src\\Illuminate\\Support\\ServiceProvider.php(119): Illuminate\\Container\\Container->call(Object(Closure))
#18 D:\\Development\\Laravel\\puspa-api\\vendor\\laravel\\framework\\src\\Illuminate\\Foundation\\Application.php(1062): Illuminate\\Support\\ServiceProvider->callBootedCallbacks()
#19 D:\\Development\\Laravel\\puspa-api\\vendor\\laravel\\framework\\src\\Illuminate\\Foundation\\Application.php(1040): Illuminate\\Foundation\\Application->bootProvider(Object(App\\Providers\\RouteServiceProvider))
#20 [internal function]: Illuminate\\Foundation\\Application->Illuminate\\Foundation\\{closure}(Object(App\\Providers\\RouteServiceProvider), 26)
#21 D:\\Development\\Laravel\\puspa-api\\vendor\\laravel\\framework\\src\\Illuminate\\Foundation\\Application.php(1039): array_walk(Array, Object(Closure))
#22 D:\\Development\\Laravel\\puspa-api\\vendor\\laravel\\framework\\src\\Illuminate\\Foundation\\Bootstrap\\BootProviders.php(17): Illuminate\\Foundation\\Application->boot()
#23 D:\\Development\\Laravel\\puspa-api\\vendor\\laravel\\framework\\src\\Illuminate\\Foundation\\Application.php(286): Illuminate\\Foundation\\Bootstrap\\BootProviders->bootstrap(Object(Illuminate\\Foundation\\Application))
#24 D:\\Development\\Laravel\\puspa-api\\vendor\\laravel\\framework\\src\\Illuminate\\Foundation\\Console\\Kernel.php(447): Illuminate\\Foundation\\Application->bootstrapWith(Array)
#25 D:\\Development\\Laravel\\puspa-api\\vendor\\laravel\\framework\\src\\Illuminate\\Foundation\\Console\\Kernel.php(199): Illuminate\\Foundation\\Console\\Kernel->bootstrap()
#26 Command line code(1): Illuminate\\Foundation\\Console\\Kernel->handle(Object(Symfony\\Component\\Console\\Input\\ArgvInput), Object(Symfony\\Component\\Console\\Output\\ConsoleOutput))
#27 {main}
"} 
[2026-02-28 11:09:45] local.ERROR: Class "Observation" not found {"exception":"[object] (Error(code: 0): Class \"Observation\" not found at D:\\Development\\Laravel\\puspa-api\\routes\\api.php:305)
[stacktrace]
#0 D:\\Development\\Laravel\\puspa-api\\vendor\\laravel\\framework\\src\\Illuminate\\Routing\\RouteFileRegistrar.php(35): require()
#1 D:\\Development\\Laravel\\puspa-api\\vendor\\laravel\\framework\\src\\Illuminate\\Routing\\Router.php(511): Illuminate\\Routing\\RouteFileRegistrar->register('D:\\\\Development\\\\...')
#2 D:\\Development\\Laravel\\puspa-api\\vendor\\laravel\\framework\\src\\Illuminate\\Routing\\Router.php(465): Illuminate\\Routing\\Router->loadRoutes('D:\\\\Development\\\\...')
#3 D:\\Development\\Laravel\\puspa-api\\vendor\\laravel\\framework\\src\\Illuminate\\Routing\\RouteRegistrar.php(194): Illuminate\\Routing\\Router->group(Array, 'D:\\\\Development\\\\...')
#4 D:\\Development\\Laravel\\puspa-api\\app\\Providers\\RouteServiceProvider.php(32): Illuminate\\Routing\\RouteRegistrar->group('D:\\\\Development\\\\...')
#5 D:\\Development\\Laravel\\puspa-api\\vendor\\laravel\\framework\\src\\Illuminate\\Container\\BoundMethod.php(36): App\\Providers\\RouteServiceProvider->App\\Providers\\{closure}()
#6 D:\\Development\\Laravel\\puspa-api\\vendor\\laravel\\framework\\src\\Illuminate\\Container\\Util.php(41): Illuminate\\Container\\BoundMethod::Illuminate\\Container\\{closure}()
#7 D:\\Development\\Laravel\\puspa-api\\vendor\\laravel\\framework\\src\\Illuminate\\Container\\BoundMethod.php(81): Illuminate\\Container\\Util::unwrapIfClosure(Object(Closure))
#8 D:\\Development\\Laravel\\puspa-api\\vendor\\laravel\\framework\\src\\Illuminate\\Container\\BoundMethod.php(35): Illuminate\\Container\\BoundMethod::callBoundMethod(Object(Illuminate\\Foundation\\Application), Object(Closure), Object(Closure))
#9 D:\\Development\\Laravel\\puspa-api\\vendor\\laravel\\framework\\src\\Illuminate\\Container\\Container.php(662): Illuminate\\Container\\BoundMethod::call(Object(Illuminate\\Foundation\\Application), Object(Closure), Array, NULL)
#10 D:\\Development\\Laravel\\puspa-api\\vendor\\laravel\\framework\\src\\Illuminate\\Foundation\\Support\\Providers\\RouteServiceProvider.php(120): Illuminate\\Container\\Container->call(Object(Closure))
#11 D:\\Development\\Laravel\\puspa-api\\vendor\\laravel\\framework\\src\\Illuminate\\Foundation\\Support\\Providers\\RouteServiceProvider.php(45): Illuminate\\Foundation\\Support\\Providers\\RouteServiceProvider->loadRoutes()
#12 D:\\Development\\Laravel\\puspa-api\\vendor\\laravel\\framework\\src\\Illuminate\\Container\\BoundMethod.php(36): Illuminate\\Foundation\\Support\\Providers\\RouteServiceProvider->Illuminate\\Foundation\\Support\\Providers\\{closure}()
#13 D:\\Development\\Laravel\\puspa-api\\vendor\\laravel\\framework\\src\\Illuminate\\Container\\Util.php(41): Illuminate\\Container\\BoundMethod::Illuminate\\Container\\{closure}()
#14 D:\\Development\\Laravel\\puspa-api\\vendor\\laravel\\framework\\src\\Illuminate\\Container\\BoundMethod.php(81): Illuminate\\Container\\Util::unwrapIfClosure(Object(Closure))
#15 D:\\Development\\Laravel\\puspa-api\\vendor\\laravel\\framework\\src\\Illuminate\\Container\\BoundMethod.php(35): Illuminate\\Container\\BoundMethod::callBoundMethod(Object(Illuminate\\Foundation\\Application), Object(Closure), Object(Closure))
#16 D:\\Development\\Laravel\\puspa-api\\vendor\\laravel\\framework\\src\\Illuminate\\Container\\Container.php(662): Illuminate\\Container\\BoundMethod::call(Object(Illuminate\\Foundation\\Application), Object(Closure), Array, NULL)
#17 D:\\Development\\Laravel\\puspa-api\\vendor\\laravel\\framework\\src\\Illuminate\\Support\\ServiceProvider.php(119): Illuminate\\Container\\Container->call(Object(Closure))
#18 D:\\Development\\Laravel\\puspa-api\\vendor\\laravel\\framework\\src\\Illuminate\\Foundation\\Application.php(1062): Illuminate\\Support\\ServiceProvider->callBootedCallbacks()
#19 D:\\Development\\Laravel\\puspa-api\\vendor\\laravel\\framework\\src\\Illuminate\\Foundation\\Application.php(1040): Illuminate\\Foundation\\Application->bootProvider(Object(App\\Providers\\RouteServiceProvider))
#20 [internal function]: Illuminate\\Foundation\\Application->Illuminate\\Foundation\\{closure}(Object(App\\Providers\\RouteServiceProvider), 26)
#21 D:\\Development\\Laravel\\puspa-api\\vendor\\laravel\\framework\\src\\Illuminate\\Foundation\\Application.php(1039): array_walk(Array, Object(Closure))
#22 D:\\Development\\Laravel\\puspa-api\\vendor\\laravel\\framework\\src\\Illuminate\\Foundation\\Bootstrap\\BootProviders.php(17): Illuminate\\Foundation\\Application->boot()
#23 D:\\Development\\Laravel\\puspa-api\\vendor\\laravel\\framework\\src\\Illuminate\\Foundation\\Application.php(286): Illuminate\\Foundation\\Bootstrap\\BootProviders->bootstrap(Object(Illuminate\\Foundation\\Application))
#24 D:\\Development\\Laravel\\puspa-api\\vendor\\laravel\\framework\\src\\Illuminate\\Foundation\\Console\\Kernel.php(447): Illuminate\\Foundation\\Application->bootstrapWith(Array)
#25 D:\\Development\\Laravel\\puspa-api\\vendor\\laravel\\framework\\src\\Illuminate\\Foundation\\Console\\Kernel.php(199): Illuminate\\Foundation\\Console\\Kernel->bootstrap()
#26 Command line code(1): Illuminate\\Foundation\\Console\\Kernel->handle(Object(Symfony\\Component\\Console\\Input\\ArgvInput), Object(Symfony\\Component\\Console\\Output\\ConsoleOutput))
#27 {main}
"} 
[2026-02-28 11:10:45] local.ERROR: Class "Observation" not found {"exception":"[object] (Error(code: 0): Class \"Observation\" not found at D:\\Development\\Laravel\\puspa-api\\routes\\api.php:305)
[stacktrace]
#0 D:\\Development\\Laravel\\puspa-api\\vendor\\laravel\\framework\\src\\Illuminate\\Routing\\RouteFileRegistrar.php(35): require()
#1 D:\\Development\\Laravel\\puspa-api\\vendor\\laravel\\framework\\src\\Illuminate\\Routing\\Router.php(511): Illuminate\\Routing\\RouteFileRegistrar->register('D:\\\\Development\\\\...')
#2 D:\\Development\\Laravel\\puspa-api\\vendor\\laravel\\framework\\src\\Illuminate\\Routing\\Router.php(465): Illuminate\\Routing\\Router->loadRoutes('D:\\\\Development\\\\...')
#3 D:\\Development\\Laravel\\puspa-api\\vendor\\laravel\\framework\\src\\Illuminate\\Routing\\RouteRegistrar.php(194): Illuminate\\Routing\\Router->group(Array, 'D:\\\\Development\\\\...')
#4 D:\\Development\\Laravel\\puspa-api\\app\\Providers\\RouteServiceProvider.php(32): Illuminate\\Routing\\RouteRegistrar->group('D:\\\\Development\\\\...')
#5 D:\\Development\\Laravel\\puspa-api\\vendor\\laravel\\framework\\src\\Illuminate\\Container\\BoundMethod.php(36): App\\Providers\\RouteServiceProvider->App\\Providers\\{closure}()
#6 D:\\Development\\Laravel\\puspa-api\\vendor\\laravel\\framework\\src\\Illuminate\\Container\\Util.php(41): Illuminate\\Container\\BoundMethod::Illuminate\\Container\\{closure}()
#7 D:\\Development\\Laravel\\puspa-api\\vendor\\laravel\\framework\\src\\Illuminate\\Container\\BoundMethod.php(81): Illuminate\\Container\\Util::unwrapIfClosure(Object(Closure))
#8 D:\\Development\\Laravel\\puspa-api\\vendor\\laravel\\framework\\src\\Illuminate\\Container\\BoundMethod.php(35): Illuminate\\Container\\BoundMethod::callBoundMethod(Object(Illuminate\\Foundation\\Application), Object(Closure), Object(Closure))
#9 D:\\Development\\Laravel\\puspa-api\\vendor\\laravel\\framework\\src\\Illuminate\\Container\\Container.php(662): Illuminate\\Container\\BoundMethod::call(Object(Illuminate\\Foundation\\Application), Object(Closure), Array, NULL)
#10 D:\\Development\\Laravel\\puspa-api\\vendor\\laravel\\framework\\src\\Illuminate\\Foundation\\Support\\Providers\\RouteServiceProvider.php(120): Illuminate\\Container\\Container->call(Object(Closure))
#11 D:\\Development\\Laravel\\puspa-api\\vendor\\laravel\\framework\\src\\Illuminate\\Foundation\\Support\\Providers\\RouteServiceProvider.php(45): Illuminate\\Foundation\\Support\\Providers\\RouteServiceProvider->loadRoutes()
#12 D:\\Development\\Laravel\\puspa-api\\vendor\\laravel\\framework\\src\\Illuminate\\Container\\BoundMethod.php(36): Illuminate\\Foundation\\Support\\Providers\\RouteServiceProvider->Illuminate\\Foundation\\Support\\Providers\\{closure}()
#13 D:\\Development\\Laravel\\puspa-api\\vendor\\laravel\\framework\\src\\Illuminate\\Container\\Util.php(41): Illuminate\\Container\\BoundMethod::Illuminate\\Container\\{closure}()
#14 D:\\Development\\Laravel\\puspa-api\\vendor\\laravel\\framework\\src\\Illuminate\\Container\\BoundMethod.php(81): Illuminate\\Container\\Util::unwrapIfClosure(Object(Closure))
#15 D:\\Development\\Laravel\\puspa-api\\vendor\\laravel\\framework\\src\\Illuminate\\Container\\BoundMethod.php(35): Illuminate\\Container\\BoundMethod::callBoundMethod(Object(Illuminate\\Foundation\\Application), Object(Closure), Object(Closure))
#16 D:\\Development\\Laravel\\puspa-api\\vendor\\laravel\\framework\\src\\Illuminate\\Container\\Container.php(662): Illuminate\\Container\\BoundMethod::call(Object(Illuminate\\Foundation\\Application), Object(Closure), Array, NULL)
#17 D:\\Development\\Laravel\\puspa-api\\vendor\\laravel\\framework\\src\\Illuminate\\Support\\ServiceProvider.php(119): Illuminate\\Container\\Container->call(Object(Closure))
#18 D:\\Development\\Laravel\\puspa-api\\vendor\\laravel\\framework\\src\\Illuminate\\Foundation\\Application.php(1062): Illuminate\\Support\\ServiceProvider->callBootedCallbacks()
#19 D:\\Development\\Laravel\\puspa-api\\vendor\\laravel\\framework\\src\\Illuminate\\Foundation\\Application.php(1040): Illuminate\\Foundation\\Application->bootProvider(Object(App\\Providers\\RouteServiceProvider))
#20 [internal function]: Illuminate\\Foundation\\Application->Illuminate\\Foundation\\{closure}(Object(App\\Providers\\RouteServiceProvider), 26)
#21 D:\\Development\\Laravel\\puspa-api\\vendor\\laravel\\framework\\src\\Illuminate\\Foundation\\Application.php(1039): array_walk(Array, Object(Closure))
#22 D:\\Development\\Laravel\\puspa-api\\vendor\\laravel\\framework\\src\\Illuminate\\Foundation\\Bootstrap\\BootProviders.php(17): Illuminate\\Foundation\\Application->boot()
#23 D:\\Development\\Laravel\\puspa-api\\vendor\\laravel\\framework\\src\\Illuminate\\Foundation\\Application.php(286): Illuminate\\Foundation\\Bootstrap\\BootProviders->bootstrap(Object(Illuminate\\Foundation\\Application))
#24 D:\\Development\\Laravel\\puspa-api\\vendor\\laravel\\framework\\src\\Illuminate\\Foundation\\Console\\Kernel.php(447): Illuminate\\Foundation\\Application->bootstrapWith(Array)
#25 D:\\Development\\Laravel\\puspa-api\\vendor\\laravel\\framework\\src\\Illuminate\\Foundation\\Console\\Kernel.php(199): Illuminate\\Foundation\\Console\\Kernel->bootstrap()
#26 Command line code(1): Illuminate\\Foundation\\Console\\Kernel->handle(Object(Symfony\\Component\\Console\\Input\\ArgvInput), Object(Symfony\\Component\\Console\\Output\\ConsoleOutput))
#27 {main}
"} 
[2026-02-28 11:10:45] local.ERROR: Class "Observation" not found {"exception":"[object] (Error(code: 0): Class \"Observation\" not found at D:\\Development\\Laravel\\puspa-api\\routes\\api.php:305)
[stacktrace]
#0 D:\\Development\\Laravel\\puspa-api\\vendor\\laravel\\framework\\src\\Illuminate\\Routing\\RouteFileRegistrar.php(35): require()
#1 D:\\Development\\Laravel\\puspa-api\\vendor\\laravel\\framework\\src\\Illuminate\\Routing\\Router.php(511): Illuminate\\Routing\\RouteFileRegistrar->register('D:\\\\Development\\\\...')
#2 D:\\Development\\Laravel\\puspa-api\\vendor\\laravel\\framework\\src\\Illuminate\\Routing\\Router.php(465): Illuminate\\Routing\\Router->loadRoutes('D:\\\\Development\\\\...')
#3 D:\\Development\\Laravel\\puspa-api\\vendor\\laravel\\framework\\src\\Illuminate\\Routing\\RouteRegistrar.php(194): Illuminate\\Routing\\Router->group(Array, 'D:\\\\Development\\\\...')
#4 D:\\Development\\Laravel\\puspa-api\\app\\Providers\\RouteServiceProvider.php(32): Illuminate\\Routing\\RouteRegistrar->group('D:\\\\Development\\\\...')
#5 D:\\Development\\Laravel\\puspa-api\\vendor\\laravel\\framework\\src\\Illuminate\\Container\\BoundMethod.php(36): App\\Providers\\RouteServiceProvider->App\\Providers\\{closure}()
#6 D:\\Development\\Laravel\\puspa-api\\vendor\\laravel\\framework\\src\\Illuminate\\Container\\Util.php(41): Illuminate\\Container\\BoundMethod::Illuminate\\Container\\{closure}()
#7 D:\\Development\\Laravel\\puspa-api\\vendor\\laravel\\framework\\src\\Illuminate\\Container\\BoundMethod.php(81): Illuminate\\Container\\Util::unwrapIfClosure(Object(Closure))
#8 D:\\Development\\Laravel\\puspa-api\\vendor\\laravel\\framework\\src\\Illuminate\\Container\\BoundMethod.php(35): Illuminate\\Container\\BoundMethod::callBoundMethod(Object(Illuminate\\Foundation\\Application), Object(Closure), Object(Closure))
#9 D:\\Development\\Laravel\\puspa-api\\vendor\\laravel\\framework\\src\\Illuminate\\Container\\Container.php(662): Illuminate\\Container\\BoundMethod::call(Object(Illuminate\\Foundation\\Application), Object(Closure), Array, NULL)
#10 D:\\Development\\Laravel\\puspa-api\\vendor\\laravel\\framework\\src\\Illuminate\\Foundation\\Support\\Providers\\RouteServiceProvider.php(120): Illuminate\\Container\\Container->call(Object(Closure))
#11 D:\\Development\\Laravel\\puspa-api\\vendor\\laravel\\framework\\src\\Illuminate\\Foundation\\Support\\Providers\\RouteServiceProvider.php(45): Illuminate\\Foundation\\Support\\Providers\\RouteServiceProvider->loadRoutes()
#12 D:\\Development\\Laravel\\puspa-api\\vendor\\laravel\\framework\\src\\Illuminate\\Container\\BoundMethod.php(36): Illuminate\\Foundation\\Support\\Providers\\RouteServiceProvider->Illuminate\\Foundation\\Support\\Providers\\{closure}()
#13 D:\\Development\\Laravel\\puspa-api\\vendor\\laravel\\framework\\src\\Illuminate\\Container\\Util.php(41): Illuminate\\Container\\BoundMethod::Illuminate\\Container\\{closure}()
#14 D:\\Development\\Laravel\\puspa-api\\vendor\\laravel\\framework\\src\\Illuminate\\Container\\BoundMethod.php(81): Illuminate\\Container\\Util::unwrapIfClosure(Object(Closure))
#15 D:\\Development\\Laravel\\puspa-api\\vendor\\laravel\\framework\\src\\Illuminate\\Container\\BoundMethod.php(35): Illuminate\\Container\\BoundMethod::callBoundMethod(Object(Illuminate\\Foundation\\Application), Object(Closure), Object(Closure))
#16 D:\\Development\\Laravel\\puspa-api\\vendor\\laravel\\framework\\src\\Illuminate\\Container\\Container.php(662): Illuminate\\Container\\BoundMethod::call(Object(Illuminate\\Foundation\\Application), Object(Closure), Array, NULL)
#17 D:\\Development\\Laravel\\puspa-api\\vendor\\laravel\\framework\\src\\Illuminate\\Support\\ServiceProvider.php(119): Illuminate\\Container\\Container->call(Object(Closure))
#18 D:\\Development\\Laravel\\puspa-api\\vendor\\laravel\\framework\\src\\Illuminate\\Foundation\\Application.php(1062): Illuminate\\Support\\ServiceProvider->callBootedCallbacks()
#19 D:\\Development\\Laravel\\puspa-api\\vendor\\laravel\\framework\\src\\Illuminate\\Foundation\\Application.php(1040): Illuminate\\Foundation\\Application->bootProvider(Object(App\\Providers\\RouteServiceProvider))
#20 [internal function]: Illuminate\\Foundation\\Application->Illuminate\\Foundation\\{closure}(Object(App\\Providers\\RouteServiceProvider), 26)
#21 D:\\Development\\Laravel\\puspa-api\\vendor\\laravel\\framework\\src\\Illuminate\\Foundation\\Application.php(1039): array_walk(Array, Object(Closure))
#22 D:\\Development\\Laravel\\puspa-api\\vendor\\laravel\\framework\\src\\Illuminate\\Foundation\\Bootstrap\\BootProviders.php(17): Illuminate\\Foundation\\Application->boot()
#23 D:\\Development\\Laravel\\puspa-api\\vendor\\laravel\\framework\\src\\Illuminate\\Foundation\\Application.php(286): Illuminate\\Foundation\\Bootstrap\\BootProviders->bootstrap(Object(Illuminate\\Foundation\\Application))
#24 D:\\Development\\Laravel\\puspa-api\\vendor\\laravel\\framework\\src\\Illuminate\\Foundation\\Console\\Kernel.php(447): Illuminate\\Foundation\\Application->bootstrapWith(Array)
#25 D:\\Development\\Laravel\\puspa-api\\vendor\\laravel\\framework\\src\\Illuminate\\Foundation\\Console\\Kernel.php(199): Illuminate\\Foundation\\Console\\Kernel->bootstrap()
#26 Command line code(1): Illuminate\\Foundation\\Console\\Kernel->handle(Object(Symfony\\Component\\Console\\Input\\ArgvInput), Object(Symfony\\Component\\Console\\Output\\ConsoleOutput))
#27 {main}
"} 
[2026-02-28 11:11:45] local.ERROR: Class "Observation" not found {"exception":"[object] (Error(code: 0): Class \"Observation\" not found at D:\\Development\\Laravel\\puspa-api\\routes\\api.php:305)
[stacktrace]
#0 D:\\Development\\Laravel\\puspa-api\\vendor\\laravel\\framework\\src\\Illuminate\\Routing\\RouteFileRegistrar.php(35): require()
#1 D:\\Development\\Laravel\\puspa-api\\vendor\\laravel\\framework\\src\\Illuminate\\Routing\\Router.php(511): Illuminate\\Routing\\RouteFileRegistrar->register('D:\\\\Development\\\\...')
#2 D:\\Development\\Laravel\\puspa-api\\vendor\\laravel\\framework\\src\\Illuminate\\Routing\\Router.php(465): Illuminate\\Routing\\Router->loadRoutes('D:\\\\Development\\\\...')
#3 D:\\Development\\Laravel\\puspa-api\\vendor\\laravel\\framework\\src\\Illuminate\\Routing\\RouteRegistrar.php(194): Illuminate\\Routing\\Router->group(Array, 'D:\\\\Development\\\\...')
#4 D:\\Development\\Laravel\\puspa-api\\app\\Providers\\RouteServiceProvider.php(32): Illuminate\\Routing\\RouteRegistrar->group('D:\\\\Development\\\\...')
#5 D:\\Development\\Laravel\\puspa-api\\vendor\\laravel\\framework\\src\\Illuminate\\Container\\BoundMethod.php(36): App\\Providers\\RouteServiceProvider->App\\Providers\\{closure}()
#6 D:\\Development\\Laravel\\puspa-api\\vendor\\laravel\\framework\\src\\Illuminate\\Container\\Util.php(41): Illuminate\\Container\\BoundMethod::Illuminate\\Container\\{closure}()
#7 D:\\Development\\Laravel\\puspa-api\\vendor\\laravel\\framework\\src\\Illuminate\\Container\\BoundMethod.php(81): Illuminate\\Container\\Util::unwrapIfClosure(Object(Closure))
#8 D:\\Development\\Laravel\\puspa-api\\vendor\\laravel\\framework\\src\\Illuminate\\Container\\BoundMethod.php(35): Illuminate\\Container\\BoundMethod::callBoundMethod(Object(Illuminate\\Foundation\\Application), Object(Closure), Object(Closure))
#9 D:\\Development\\Laravel\\puspa-api\\vendor\\laravel\\framework\\src\\Illuminate\\Container\\Container.php(662): Illuminate\\Container\\BoundMethod::call(Object(Illuminate\\Foundation\\Application), Object(Closure), Array, NULL)
#10 D:\\Development\\Laravel\\puspa-api\\vendor\\laravel\\framework\\src\\Illuminate\\Foundation\\Support\\Providers\\RouteServiceProvider.php(120): Illuminate\\Container\\Container->call(Object(Closure))
#11 D:\\Development\\Laravel\\puspa-api\\vendor\\laravel\\framework\\src\\Illuminate\\Foundation\\Support\\Providers\\RouteServiceProvider.php(45): Illuminate\\Foundation\\Support\\Providers\\RouteServiceProvider->loadRoutes()
#12 D:\\Development\\Laravel\\puspa-api\\vendor\\laravel\\framework\\src\\Illuminate\\Container\\BoundMethod.php(36): Illuminate\\Foundation\\Support\\Providers\\RouteServiceProvider->Illuminate\\Foundation\\Support\\Providers\\{closure}()
#13 D:\\Development\\Laravel\\puspa-api\\vendor\\laravel\\framework\\src\\Illuminate\\Container\\Util.php(41): Illuminate\\Container\\BoundMethod::Illuminate\\Container\\{closure}()
#14 D:\\Development\\Laravel\\puspa-api\\vendor\\laravel\\framework\\src\\Illuminate\\Container\\BoundMethod.php(81): Illuminate\\Container\\Util::unwrapIfClosure(Object(Closure))
#15 D:\\Development\\Laravel\\puspa-api\\vendor\\laravel\\framework\\src\\Illuminate\\Container\\BoundMethod.php(35): Illuminate\\Container\\BoundMethod::callBoundMethod(Object(Illuminate\\Foundation\\Application), Object(Closure), Object(Closure))
#16 D:\\Development\\Laravel\\puspa-api\\vendor\\laravel\\framework\\src\\Illuminate\\Container\\Container.php(662): Illuminate\\Container\\BoundMethod::call(Object(Illuminate\\Foundation\\Application), Object(Closure), Array, NULL)
#17 D:\\Development\\Laravel\\puspa-api\\vendor\\laravel\\framework\\src\\Illuminate\\Support\\ServiceProvider.php(119): Illuminate\\Container\\Container->call(Object(Closure))
#18 D:\\Development\\Laravel\\puspa-api\\vendor\\laravel\\framework\\src\\Illuminate\\Foundation\\Application.php(1062): Illuminate\\Support\\ServiceProvider->callBootedCallbacks()
#19 D:\\Development\\Laravel\\puspa-api\\vendor\\laravel\\framework\\src\\Illuminate\\Foundation\\Application.php(1040): Illuminate\\Foundation\\Application->bootProvider(Object(App\\Providers\\RouteServiceProvider))
#20 [internal function]: Illuminate\\Foundation\\Application->Illuminate\\Foundation\\{closure}(Object(App\\Providers\\RouteServiceProvider), 26)
#21 D:\\Development\\Laravel\\puspa-api\\vendor\\laravel\\framework\\src\\Illuminate\\Foundation\\Application.php(1039): array_walk(Array, Object(Closure))
#22 D:\\Development\\Laravel\\puspa-api\\vendor\\laravel\\framework\\src\\Illuminate\\Foundation\\Bootstrap\\BootProviders.php(17): Illuminate\\Foundation\\Application->boot()
#23 D:\\Development\\Laravel\\puspa-api\\vendor\\laravel\\framework\\src\\Illuminate\\Foundation\\Application.php(286): Illuminate\\Foundation\\Bootstrap\\BootProviders->bootstrap(Object(Illuminate\\Foundation\\Application))
#24 D:\\Development\\Laravel\\puspa-api\\vendor\\laravel\\framework\\src\\Illuminate\\Foundation\\Console\\Kernel.php(447): Illuminate\\Foundation\\Application->bootstrapWith(Array)
#25 D:\\Development\\Laravel\\puspa-api\\vendor\\laravel\\framework\\src\\Illuminate\\Foundation\\Console\\Kernel.php(199): Illuminate\\Foundation\\Console\\Kernel->bootstrap()
#26 Command line code(1): Illuminate\\Foundation\\Console\\Kernel->handle(Object(Symfony\\Component\\Console\\Input\\ArgvInput), Object(Symfony\\Component\\Console\\Output\\ConsoleOutput))
#27 {main}
"} 
[2026-02-28 11:11:45] local.ERROR: Class "Observation" not found {"exception":"[object] (Error(code: 0): Class \"Observation\" not found at D:\\Development\\Laravel\\puspa-api\\routes\\api.php:305)
[stacktrace]
#0 D:\\Development\\Laravel\\puspa-api\\vendor\\laravel\\framework\\src\\Illuminate\\Routing\\RouteFileRegistrar.php(35): require()
#1 D:\\Development\\Laravel\\puspa-api\\vendor\\laravel\\framework\\src\\Illuminate\\Routing\\Router.php(511): Illuminate\\Routing\\RouteFileRegistrar->register('D:\\\\Development\\\\...')
#2 D:\\Development\\Laravel\\puspa-api\\vendor\\laravel\\framework\\src\\Illuminate\\Routing\\Router.php(465): Illuminate\\Routing\\Router->loadRoutes('D:\\\\Development\\\\...')
#3 D:\\Development\\Laravel\\puspa-api\\vendor\\laravel\\framework\\src\\Illuminate\\Routing\\RouteRegistrar.php(194): Illuminate\\Routing\\Router->group(Array, 'D:\\\\Development\\\\...')
#4 D:\\Development\\Laravel\\puspa-api\\app\\Providers\\RouteServiceProvider.php(32): Illuminate\\Routing\\RouteRegistrar->group('D:\\\\Development\\\\...')
#5 D:\\Development\\Laravel\\puspa-api\\vendor\\laravel\\framework\\src\\Illuminate\\Container\\BoundMethod.php(36): App\\Providers\\RouteServiceProvider->App\\Providers\\{closure}()
#6 D:\\Development\\Laravel\\puspa-api\\vendor\\laravel\\framework\\src\\Illuminate\\Container\\Util.php(41): Illuminate\\Container\\BoundMethod::Illuminate\\Container\\{closure}()
#7 D:\\Development\\Laravel\\puspa-api\\vendor\\laravel\\framework\\src\\Illuminate\\Container\\BoundMethod.php(81): Illuminate\\Container\\Util::unwrapIfClosure(Object(Closure))
#8 D:\\Development\\Laravel\\puspa-api\\vendor\\laravel\\framework\\src\\Illuminate\\Container\\BoundMethod.php(35): Illuminate\\Container\\BoundMethod::callBoundMethod(Object(Illuminate\\Foundation\\Application), Object(Closure), Object(Closure))
#9 D:\\Development\\Laravel\\puspa-api\\vendor\\laravel\\framework\\src\\Illuminate\\Container\\Container.php(662): Illuminate\\Container\\BoundMethod::call(Object(Illuminate\\Foundation\\Application), Object(Closure), Array, NULL)
#10 D:\\Development\\Laravel\\puspa-api\\vendor\\laravel\\framework\\src\\Illuminate\\Foundation\\Support\\Providers\\RouteServiceProvider.php(120): Illuminate\\Container\\Container->call(Object(Closure))
#11 D:\\Development\\Laravel\\puspa-api\\vendor\\laravel\\framework\\src\\Illuminate\\Foundation\\Support\\Providers\\RouteServiceProvider.php(45): Illuminate\\Foundation\\Support\\Providers\\RouteServiceProvider->loadRoutes()
#12 D:\\Development\\Laravel\\puspa-api\\vendor\\laravel\\framework\\src\\Illuminate\\Container\\BoundMethod.php(36): Illuminate\\Foundation\\Support\\Providers\\RouteServiceProvider->Illuminate\\Foundation\\Support\\Providers\\{closure}()
#13 D:\\Development\\Laravel\\puspa-api\\vendor\\laravel\\framework\\src\\Illuminate\\Container\\Util.php(41): Illuminate\\Container\\BoundMethod::Illuminate\\Container\\{closure}()
#14 D:\\Development\\Laravel\\puspa-api\\vendor\\laravel\\framework\\src\\Illuminate\\Container\\BoundMethod.php(81): Illuminate\\Container\\Util::unwrapIfClosure(Object(Closure))
#15 D:\\Development\\Laravel\\puspa-api\\vendor\\laravel\\framework\\src\\Illuminate\\Container\\BoundMethod.php(35): Illuminate\\Container\\BoundMethod::callBoundMethod(Object(Illuminate\\Foundation\\Application), Object(Closure), Object(Closure))
#16 D:\\Development\\Laravel\\puspa-api\\vendor\\laravel\\framework\\src\\Illuminate\\Container\\Container.php(662): Illuminate\\Container\\BoundMethod::call(Object(Illuminate\\Foundation\\Application), Object(Closure), Array, NULL)
#17 D:\\Development\\Laravel\\puspa-api\\vendor\\laravel\\framework\\src\\Illuminate\\Support\\ServiceProvider.php(119): Illuminate\\Container\\Container->call(Object(Closure))
#18 D:\\Development\\Laravel\\puspa-api\\vendor\\laravel\\framework\\src\\Illuminate\\Foundation\\Application.php(1062): Illuminate\\Support\\ServiceProvider->callBootedCallbacks()
#19 D:\\Development\\Laravel\\puspa-api\\vendor\\laravel\\framework\\src\\Illuminate\\Foundation\\Application.php(1040): Illuminate\\Foundation\\Application->bootProvider(Object(App\\Providers\\RouteServiceProvider))
#20 [internal function]: Illuminate\\Foundation\\Application->Illuminate\\Foundation\\{closure}(Object(App\\Providers\\RouteServiceProvider), 26)
#21 D:\\Development\\Laravel\\puspa-api\\vendor\\laravel\\framework\\src\\Illuminate\\Foundation\\Application.php(1039): array_walk(Array, Object(Closure))
#22 D:\\Development\\Laravel\\puspa-api\\vendor\\laravel\\framework\\src\\Illuminate\\Foundation\\Bootstrap\\BootProviders.php(17): Illuminate\\Foundation\\Application->boot()
#23 D:\\Development\\Laravel\\puspa-api\\vendor\\laravel\\framework\\src\\Illuminate\\Foundation\\Application.php(286): Illuminate\\Foundation\\Bootstrap\\BootProviders->bootstrap(Object(Illuminate\\Foundation\\Application))
#24 D:\\Development\\Laravel\\puspa-api\\vendor\\laravel\\framework\\src\\Illuminate\\Foundation\\Console\\Kernel.php(447): Illuminate\\Foundation\\Application->bootstrapWith(Array)
#25 D:\\Development\\Laravel\\puspa-api\\vendor\\laravel\\framework\\src\\Illuminate\\Foundation\\Console\\Kernel.php(199): Illuminate\\Foundation\\Console\\Kernel->bootstrap()
#26 Command line code(1): Illuminate\\Foundation\\Console\\Kernel->handle(Object(Symfony\\Component\\Console\\Input\\ArgvInput), Object(Symfony\\Component\\Console\\Output\\ConsoleOutput))
#27 {main}
"} 
